date,usd_uzs,usd_uzs_scaled,lag_1,lag_2,lag_3,lag_4,lag_5,lag_6,lag_7
2017-09-12,8092.13,0.06271979220568391,0.06431680516238991,0.06431680516238991,0.06431680516238991,0.06431680516238991,0.06431680516238991,0.06431680516238991,0.06431680516238991
2017-09-13,8092.13,0.06271979220568391,0.06271979220568391,0.06431680516238991,0.06431680516238991,0.06431680516238991,0.06431680516238991,0.06431680516238991,0.06431680516238991
2017-09-14,8092.13,0.06271979220568391,0.06271979220568391,0.06271979220568391,0.06431680516238991,0.06431680516238991,0.06431680516238991,0.06431680516238991,0.06431680516238991
2017-09-15,8092.13,0.06271979220568391,0.06271979220568391,0.06271979220568391,0.06271979220568391,0.06431680516238991,0.06431680516238991,0.06431680516238991,0.06431680516238991
2017-09-16,8092.13,0.06271979220568391,0.06271979220568391,0.06271979220568391,0.06271979220568391,0.06271979220568391,0.06431680516238991,0.06431680516238991,0.06431680516238991
2017-09-17,8092.13,0.06271979220568391,0.06271979220568391,0.06271979220568391,0.06271979220568391,0.06271979220568391,0.06271979220568391,0.06431680516238991,0.06431680516238991
2017-09-18,8092.13,0.06271979220568391,0.06271979220568391,0.06271979220568391,0.06271979220568391,0.06271979220568391,0.06271979220568391,0.06271979220568391,0.06431680516238991
2017-09-19,8077.48,0.059746953601395925,0.06271979220568391,0.06271979220568391,0.06271979220568391,0.06271979220568391,0.06271979220568391,0.06271979220568391,0.06271979220568391
2017-09-20,8077.48,0.059746953601395925,0.059746953601395925,0.06271979220568391,0.06271979220568391,0.06271979220568391,0.06271979220568391,0.06271979220568391,0.06271979220568391
2017-09-21,8077.48,0.059746953601395925,0.059746953601395925,0.059746953601395925,0.06271979220568391,0.06271979220568391,0.06271979220568391,0.06271979220568391,0.06271979220568391
2017-09-22,8077.48,0.059746953601395925,0.059746953601395925,0.059746953601395925,0.059746953601395925,0.06271979220568391,0.06271979220568391,0.06271979220568391,0.06271979220568391
2017-09-23,8077.48,0.059746953601395925,0.059746953601395925,0.059746953601395925,0.059746953601395925,0.059746953601395925,0.06271979220568391,0.06271979220568391,0.06271979220568391
2017-09-24,8077.48,0.059746953601395925,0.059746953601395925,0.059746953601395925,0.059746953601395925,0.059746953601395925,0.059746953601395925,0.06271979220568391,0.06271979220568391
2017-09-25,8077.48,0.059746953601395925,0.059746953601395925,0.059746953601395925,0.059746953601395925,0.059746953601395925,0.059746953601395925,0.059746953601395925,0.06271979220568391
2017-09-26,8066.96,0.05761219168213949,0.059746953601395925,0.059746953601395925,0.059746953601395925,0.059746953601395925,0.059746953601395925,0.059746953601395925,0.059746953601395925
2017-09-27,8066.96,0.05761219168213949,0.05761219168213949,0.059746953601395925,0.059746953601395925,0.059746953601395925,0.059746953601395925,0.059746953601395925,0.059746953601395925
2017-09-28,8066.96,0.05761219168213949,0.05761219168213949,0.05761219168213949,0.059746953601395925,0.059746953601395925,0.059746953601395925,0.059746953601395925,0.059746953601395925
2017-09-29,8066.96,0.05761219168213949,0.05761219168213949,0.05761219168213949,0.05761219168213949,0.059746953601395925,0.059746953601395925,0.059746953601395925,0.059746953601395925
2017-09-30,8066.96,0.05761219168213949,0.05761219168213949,0.05761219168213949,0.05761219168213949,0.05761219168213949,0.059746953601395925,0.059746953601395925,0.059746953601395925
2017-10-01,8066.96,0.05761219168213949,0.05761219168213949,0.05761219168213949,0.05761219168213949,0.05761219168213949,0.05761219168213949,0.059746953601395925,0.059746953601395925
2017-10-02,8066.96,0.05761219168213949,0.05761219168213949,0.05761219168213949,0.05761219168213949,0.05761219168213949,0.05761219168213949,0.05761219168213949,0.059746953601395925
2017-10-03,8060.8,0.05636217899938112,0.05761219168213949,0.05761219168213949,0.05761219168213949,0.05761219168213949,0.05761219168213949,0.05761219168213949,0.05761219168213949
2017-10-04,8060.8,0.05636217899938112,0.05636217899938112,0.05761219168213949,0.05761219168213949,0.05761219168213949,0.05761219168213949,0.05761219168213949,0.05761219168213949
2017-10-05,8060.8,0.05636217899938112,0.05636217899938112,0.05636217899938112,0.05761219168213949,0.05761219168213949,0.05761219168213949,0.05761219168213949,0.05761219168213949
2017-10-06,8060.8,0.05636217899938112,0.05636217899938112,0.05636217899938112,0.05636217899938112,0.05761219168213949,0.05761219168213949,0.05761219168213949,0.05761219168213949
2017-10-07,8060.8,0.05636217899938112,0.05636217899938112,0.05636217899938112,0.05636217899938112,0.05636217899938112,0.05761219168213949,0.05761219168213949,0.05761219168213949
2017-10-08,8060.8,0.05636217899938112,0.05636217899938112,0.05636217899938112,0.05636217899938112,0.05636217899938112,0.05636217899938112,0.05761219168213949,0.05761219168213949
2017-10-09,8060.8,0.05636217899938112,0.05636217899938112,0.05636217899938112,0.05636217899938112,0.05636217899938112,0.05636217899938112,0.05636217899938112,0.05761219168213949
2017-10-10,8052.08,0.05459268052638522,0.05636217899938112,0.05636217899938112,0.05636217899938112,0.05636217899938112,0.05636217899938112,0.05636217899938112,0.05636217899938112
2017-10-11,8052.08,0.05459268052638522,0.05459268052638522,0.05636217899938112,0.05636217899938112,0.05636217899938112,0.05636217899938112,0.05636217899938112,0.05636217899938112
2017-10-12,8052.08,0.05459268052638522,0.05459268052638522,0.05459268052638522,0.05636217899938112,0.05636217899938112,0.05636217899938112,0.05636217899938112,0.05636217899938112
2017-10-13,8052.08,0.05459268052638522,0.05459268052638522,0.05459268052638522,0.05459268052638522,0.05636217899938112,0.05636217899938112,0.05636217899938112,0.05636217899938112
2017-10-14,8052.08,0.05459268052638522,0.05459268052638522,0.05459268052638522,0.05459268052638522,0.05459268052638522,0.05636217899938112,0.05636217899938112,0.05636217899938112
2017-10-15,8052.08,0.05459268052638522,0.05459268052638522,0.05459268052638522,0.05459268052638522,0.05459268052638522,0.05459268052638522,0.05636217899938112,0.05636217899938112
2017-10-16,8052.08,0.05459268052638522,0.05459268052638522,0.05459268052638522,0.05459268052638522,0.05459268052638522,0.05459268052638522,0.05459268052638522,0.05636217899938112
2017-10-17,8058.77,0.055950243001653854,0.05459268052638522,0.05459268052638522,0.05459268052638522,0.05459268052638522,0.05459268052638522,0.05459268052638522,0.05459268052638522
2017-10-18,8058.77,0.055950243001653854,0.055950243001653854,0.05459268052638522,0.05459268052638522,0.05459268052638522,0.05459268052638522,0.05459268052638522,0.05459268052638522
2017-10-19,8058.77,0.055950243001653854,0.055950243001653854,0.055950243001653854,0.05459268052638522,0.05459268052638522,0.05459268052638522,0.05459268052638522,0.05459268052638522
2017-10-20,8058.77,0.055950243001653854,0.055950243001653854,0.055950243001653854,0.055950243001653854,0.05459268052638522,0.05459268052638522,0.05459268052638522,0.05459268052638522
2017-10-21,8058.77,0.055950243001653854,0.055950243001653854,0.055950243001653854,0.055950243001653854,0.055950243001653854,0.05459268052638522,0.05459268052638522,0.05459268052638522
2017-10-22,8058.77,0.055950243001653854,0.055950243001653854,0.055950243001653854,0.055950243001653854,0.055950243001653854,0.055950243001653854,0.05459268052638522,0.05459268052638522
2017-10-23,8058.77,0.055950243001653854,0.055950243001653854,0.055950243001653854,0.055950243001653854,0.055950243001653854,0.055950243001653854,0.055950243001653854,0.05459268052638522
2017-10-24,8069.61,0.058149940644689924,0.055950243001653854,0.055950243001653854,0.055950243001653854,0.055950243001653854,0.055950243001653854,0.055950243001653854,0.055950243001653854
2017-10-25,8069.61,0.058149940644689924,0.058149940644689924,0.055950243001653854,0.055950243001653854,0.055950243001653854,0.055950243001653854,0.055950243001653854,0.055950243001653854
2017-10-26,8069.61,0.058149940644689924,0.058149940644689924,0.058149940644689924,0.055950243001653854,0.055950243001653854,0.055950243001653854,0.055950243001653854,0.055950243001653854
2017-10-27,8069.61,0.058149940644689924,0.058149940644689924,0.058149940644689924,0.058149940644689924,0.055950243001653854,0.055950243001653854,0.055950243001653854,0.055950243001653854
2017-10-28,8069.61,0.058149940644689924,0.058149940644689924,0.058149940644689924,0.058149940644689924,0.058149940644689924,0.055950243001653854,0.055950243001653854,0.055950243001653854
2017-10-29,8069.61,0.058149940644689924,0.058149940644689924,0.058149940644689924,0.058149940644689924,0.058149940644689924,0.058149940644689924,0.055950243001653854,0.055950243001653854
2017-10-30,8069.61,0.058149940644689924,0.058149940644689924,0.058149940644689924,0.058149940644689924,0.058149940644689924,0.058149940644689924,0.058149940644689924,0.055950243001653854
2017-10-31,8078.12,0.05987682504895542,0.058149940644689924,0.058149940644689924,0.058149940644689924,0.058149940644689924,0.058149940644689924,0.058149940644689924,0.058149940644689924
2017-11-01,8078.12,0.05987682504895542,0.05987682504895542,0.058149940644689924,0.058149940644689924,0.058149940644689924,0.058149940644689924,0.058149940644689924,0.058149940644689924
2017-11-02,8078.12,0.05987682504895542,0.05987682504895542,0.05987682504895542,0.058149940644689924,0.058149940644689924,0.058149940644689924,0.058149940644689924,0.058149940644689924
2017-11-03,8078.12,0.05987682504895542,0.05987682504895542,0.05987682504895542,0.05987682504895542,0.058149940644689924,0.058149940644689924,0.058149940644689924,0.058149940644689924
2017-11-04,8078.12,0.05987682504895542,0.05987682504895542,0.05987682504895542,0.05987682504895542,0.05987682504895542,0.058149940644689924,0.058149940644689924,0.058149940644689924
2017-11-05,8078.12,0.05987682504895542,0.05987682504895542,0.05987682504895542,0.05987682504895542,0.05987682504895542,0.05987682504895542,0.058149940644689924,0.058149940644689924
2017-11-06,8078.12,0.05987682504895542,0.05987682504895542,0.05987682504895542,0.05987682504895542,0.05987682504895542,0.05987682504895542,0.05987682504895542,0.058149940644689924
2017-11-07,8067.62,0.057746121612435086,0.05987682504895542,0.05987682504895542,0.05987682504895542,0.05987682504895542,0.05987682504895542,0.05987682504895542,0.05987682504895542
2017-11-08,8067.62,0.057746121612435086,0.057746121612435086,0.05987682504895542,0.05987682504895542,0.05987682504895542,0.05987682504895542,0.05987682504895542,0.05987682504895542
2017-11-09,8067.62,0.057746121612435086,0.057746121612435086,0.057746121612435086,0.05987682504895542,0.05987682504895542,0.05987682504895542,0.05987682504895542,0.05987682504895542
2017-11-10,8067.62,0.057746121612435086,0.057746121612435086,0.057746121612435086,0.057746121612435086,0.05987682504895542,0.05987682504895542,0.05987682504895542,0.05987682504895542
2017-11-11,8067.62,0.057746121612435086,0.057746121612435086,0.057746121612435086,0.057746121612435086,0.057746121612435086,0.05987682504895542,0.05987682504895542,0.05987682504895542
2017-11-12,8067.62,0.057746121612435086,0.057746121612435086,0.057746121612435086,0.057746121612435086,0.057746121612435086,0.057746121612435086,0.05987682504895542,0.05987682504895542
2017-11-13,8067.62,0.057746121612435086,0.057746121612435086,0.057746121612435086,0.057746121612435086,0.057746121612435086,0.057746121612435086,0.057746121612435086,0.05987682504895542
2017-11-14,8069.29,0.05808500492091029,0.057746121612435086,0.057746121612435086,0.057746121612435086,0.057746121612435086,0.057746121612435086,0.057746121612435086,0.057746121612435086
2017-11-15,8069.29,0.05808500492091029,0.05808500492091029,0.057746121612435086,0.057746121612435086,0.057746121612435086,0.057746121612435086,0.057746121612435086,0.057746121612435086
2017-11-16,8069.29,0.05808500492091029,0.05808500492091029,0.05808500492091029,0.057746121612435086,0.057746121612435086,0.057746121612435086,0.057746121612435086,0.057746121612435086
2017-11-17,8069.29,0.05808500492091029,0.05808500492091029,0.05808500492091029,0.05808500492091029,0.057746121612435086,0.057746121612435086,0.057746121612435086,0.057746121612435086
2017-11-18,8069.29,0.05808500492091029,0.05808500492091029,0.05808500492091029,0.05808500492091029,0.05808500492091029,0.057746121612435086,0.057746121612435086,0.057746121612435086
2017-11-19,8069.29,0.05808500492091029,0.05808500492091029,0.05808500492091029,0.05808500492091029,0.05808500492091029,0.05808500492091029,0.057746121612435086,0.057746121612435086
2017-11-20,8069.29,0.05808500492091029,0.05808500492091029,0.05808500492091029,0.05808500492091029,0.05808500492091029,0.05808500492091029,0.05808500492091029,0.057746121612435086
2017-11-21,8085.11,0.061295264765267365,0.05808500492091029,0.05808500492091029,0.05808500492091029,0.05808500492091029,0.05808500492091029,0.05808500492091029,0.05808500492091029
2017-11-22,8085.11,0.061295264765267365,0.061295264765267365,0.05808500492091029,0.05808500492091029,0.05808500492091029,0.05808500492091029,0.05808500492091029,0.05808500492091029
2017-11-23,8085.11,0.061295264765267365,0.061295264765267365,0.061295264765267365,0.05808500492091029,0.05808500492091029,0.05808500492091029,0.05808500492091029,0.05808500492091029
2017-11-24,8085.11,0.061295264765267365,0.061295264765267365,0.061295264765267365,0.061295264765267365,0.05808500492091029,0.05808500492091029,0.05808500492091029,0.05808500492091029
2017-11-25,8085.11,0.061295264765267365,0.061295264765267365,0.061295264765267365,0.061295264765267365,0.061295264765267365,0.05808500492091029,0.05808500492091029,0.05808500492091029
2017-11-26,8085.11,0.061295264765267365,0.061295264765267365,0.061295264765267365,0.061295264765267365,0.061295264765267365,0.061295264765267365,0.05808500492091029,0.05808500492091029
2017-11-27,8085.11,0.061295264765267365,0.061295264765267365,0.061295264765267365,0.061295264765267365,0.061295264765267365,0.061295264765267365,0.061295264765267365,0.05808500492091029
2017-11-28,8095.88,0.06348075771872685,0.061295264765267365,0.061295264765267365,0.061295264765267365,0.061295264765267365,0.061295264765267365,0.061295264765267365,0.061295264765267365
2017-11-29,8095.88,0.06348075771872685,0.06348075771872685,0.061295264765267365,0.061295264765267365,0.061295264765267365,0.061295264765267365,0.061295264765267365,0.061295264765267365
2017-11-30,8095.88,0.06348075771872685,0.06348075771872685,0.06348075771872685,0.061295264765267365,0.061295264765267365,0.061295264765267365,0.061295264765267365,0.061295264765267365
2017-12-01,8095.88,0.06348075771872685,0.06348075771872685,0.06348075771872685,0.06348075771872685,0.061295264765267365,0.061295264765267365,0.061295264765267365,0.061295264765267365
2017-12-02,8095.88,0.06348075771872685,0.06348075771872685,0.06348075771872685,0.06348075771872685,0.06348075771872685,0.061295264765267365,0.061295264765267365,0.061295264765267365
2017-12-03,8095.88,0.06348075771872685,0.06348075771872685,0.06348075771872685,0.06348075771872685,0.06348075771872685,0.06348075771872685,0.061295264765267365,0.061295264765267365
2017-12-04,8095.88,0.06348075771872685,0.06348075771872685,0.06348075771872685,0.06348075771872685,0.06348075771872685,0.06348075771872685,0.06348075771872685,0.061295264765267365
2017-12-05,8096.33,0.06357207358029204,0.06348075771872685,0.06348075771872685,0.06348075771872685,0.06348075771872685,0.06348075771872685,0.06348075771872685,0.06348075771872685
2017-12-06,8096.33,0.06357207358029204,0.06357207358029204,0.06348075771872685,0.06348075771872685,0.06348075771872685,0.06348075771872685,0.06348075771872685,0.06348075771872685
2017-12-07,8096.33,0.06357207358029204,0.06357207358029204,0.06357207358029204,0.06348075771872685,0.06348075771872685,0.06348075771872685,0.06348075771872685,0.06348075771872685
2017-12-08,8096.33,0.06357207358029204,0.06357207358029204,0.06357207358029204,0.06357207358029204,0.06348075771872685,0.06348075771872685,0.06348075771872685,0.06348075771872685
2017-12-09,8096.33,0.06357207358029204,0.06357207358029204,0.06357207358029204,0.06357207358029204,0.06357207358029204,0.06348075771872685,0.06348075771872685,0.06348075771872685
2017-12-10,8096.33,0.06357207358029204,0.06357207358029204,0.06357207358029204,0.06357207358029204,0.06357207358029204,0.06357207358029204,0.06348075771872685,0.06348075771872685
2017-12-11,8096.33,0.06357207358029204,0.06357207358029204,0.06357207358029204,0.06357207358029204,0.06357207358029204,0.06357207358029204,0.06357207358029204,0.06348075771872685
2017-12-12,8093.0,0.06289633620470991,0.06357207358029204,0.06357207358029204,0.06357207358029204,0.06357207358029204,0.06357207358029204,0.06357207358029204,0.06357207358029204
2017-12-13,8093.0,0.06289633620470991,0.06289633620470991,0.06357207358029204,0.06357207358029204,0.06357207358029204,0.06357207358029204,0.06357207358029204,0.06357207358029204
2017-12-14,8093.0,0.06289633620470991,0.06289633620470991,0.06289633620470991,0.06357207358029204,0.06357207358029204,0.06357207358029204,0.06357207358029204,0.06357207358029204
2017-12-15,8093.0,0.06289633620470991,0.06289633620470991,0.06289633620470991,0.06289633620470991,0.06357207358029204,0.06357207358029204,0.06357207358029204,0.06357207358029204
2017-12-16,8093.0,0.06289633620470991,0.06289633620470991,0.06289633620470991,0.06289633620470991,0.06289633620470991,0.06357207358029204,0.06357207358029204,0.06357207358029204
2017-12-17,8093.0,0.06289633620470991,0.06289633620470991,0.06289633620470991,0.06289633620470991,0.06289633620470991,0.06289633620470991,0.06357207358029204,0.06357207358029204
2017-12-18,8093.0,0.06289633620470991,0.06289633620470991,0.06289633620470991,0.06289633620470991,0.06289633620470991,0.06289633620470991,0.06289633620470991,0.06357207358029204
2017-12-19,8101.62,0.06464554226402464,0.06289633620470991,0.06289633620470991,0.06289633620470991,0.06289633620470991,0.06289633620470991,0.06289633620470991,0.06289633620470991
2017-12-20,8101.62,0.06464554226402464,0.06464554226402464,0.06289633620470991,0.06289633620470991,0.06289633620470991,0.06289633620470991,0.06289633620470991,0.06289633620470991
2017-12-21,8101.62,0.06464554226402464,0.06464554226402464,0.06464554226402464,0.06289633620470991,0.06289633620470991,0.06289633620470991,0.06289633620470991,0.06289633620470991
2017-12-22,8101.62,0.06464554226402464,0.06464554226402464,0.06464554226402464,0.06464554226402464,0.06289633620470991,0.06289633620470991,0.06289633620470991,0.06289633620470991
2017-12-23,8101.62,0.06464554226402464,0.06464554226402464,0.06464554226402464,0.06464554226402464,0.06464554226402464,0.06289633620470991,0.06289633620470991,0.06289633620470991
2017-12-24,8101.62,0.06464554226402464,0.06464554226402464,0.06464554226402464,0.06464554226402464,0.06464554226402464,0.06464554226402464,0.06289633620470991,0.06289633620470991
2017-12-25,8101.62,0.06464554226402464,0.06464554226402464,0.06464554226402464,0.06464554226402464,0.06464554226402464,0.06464554226402464,0.06464554226402464,0.06289633620470991
2017-12-26,8120.07,0.06838949258819582,0.06464554226402464,0.06464554226402464,0.06464554226402464,0.06464554226402464,0.06464554226402464,0.06464554226402464,0.06464554226402464
2017-12-27,8120.07,0.06838949258819582,0.06838949258819582,0.06464554226402464,0.06464554226402464,0.06464554226402464,0.06464554226402464,0.06464554226402464,0.06464554226402464
2017-12-28,8120.07,0.06838949258819582,0.06838949258819582,0.06838949258819582,0.06464554226402464,0.06464554226402464,0.06464554226402464,0.06464554226402464,0.06464554226402464
2017-12-29,8120.07,0.06838949258819582,0.06838949258819582,0.06838949258819582,0.06838949258819582,0.06464554226402464,0.06464554226402464,0.06464554226402464,0.06464554226402464
2017-12-30,8120.07,0.06838949258819582,0.06838949258819582,0.06838949258819582,0.06838949258819582,0.06838949258819582,0.06464554226402464,0.06464554226402464,0.06464554226402464
2017-12-31,8120.07,0.06838949258819582,0.06838949258819582,0.06838949258819582,0.06838949258819582,0.06838949258819582,0.06838949258819582,0.06464554226402464,0.06464554226402464
2018-01-01,8120.07,0.06838949258819582,0.06838949258819582,0.06838949258819582,0.06838949258819582,0.06838949258819582,0.06838949258819582,0.06838949258819582,0.06464554226402464
2018-01-02,8120.07,0.06838949258819582,0.06838949258819582,0.06838949258819582,0.06838949258819582,0.06838949258819582,0.06838949258819582,0.06838949258819582,0.06838949258819582
2018-01-03,8120.07,0.06838949258819582,0.06838949258819582,0.06838949258819582,0.06838949258819582,0.06838949258819582,0.06838949258819582,0.06838949258819582,0.06838949258819582
2018-01-04,8120.07,0.06838949258819582,0.06838949258819582,0.06838949258819582,0.06838949258819582,0.06838949258819582,0.06838949258819582,0.06838949258819582,0.06838949258819582
2018-01-05,8136.67,0.071758033259266,0.06838949258819582,0.06838949258819582,0.06838949258819582,0.06838949258819582,0.06838949258819582,0.06838949258819582,0.06838949258819582
2018-01-06,8136.67,0.071758033259266,0.071758033259266,0.06838949258819582,0.06838949258819582,0.06838949258819582,0.06838949258819582,0.06838949258819582,0.06838949258819582
2018-01-07,8136.67,0.071758033259266,0.071758033259266,0.071758033259266,0.06838949258819582,0.06838949258819582,0.06838949258819582,0.06838949258819582,0.06838949258819582
2018-01-08,8136.67,0.071758033259266,0.071758033259266,0.071758033259266,0.071758033259266,0.06838949258819582,0.06838949258819582,0.06838949258819582,0.06838949258819582
2018-01-09,8139.0,0.07223084649803657,0.071758033259266,0.071758033259266,0.071758033259266,0.071758033259266,0.06838949258819582,0.06838949258819582,0.06838949258819582
2018-01-10,8139.0,0.07223084649803657,0.07223084649803657,0.071758033259266,0.071758033259266,0.071758033259266,0.071758033259266,0.06838949258819582,0.06838949258819582
2018-01-11,8139.0,0.07223084649803657,0.07223084649803657,0.07223084649803657,0.071758033259266,0.071758033259266,0.071758033259266,0.071758033259266,0.06838949258819582
2018-01-12,8139.0,0.07223084649803657,0.07223084649803657,0.07223084649803657,0.07223084649803657,0.071758033259266,0.071758033259266,0.071758033259266,0.071758033259266
2018-01-13,8139.0,0.07223084649803657,0.07223084649803657,0.07223084649803657,0.07223084649803657,0.07223084649803657,0.071758033259266,0.071758033259266,0.071758033259266
2018-01-14,8139.0,0.07223084649803657,0.07223084649803657,0.07223084649803657,0.07223084649803657,0.07223084649803657,0.07223084649803657,0.071758033259266,0.071758033259266
2018-01-15,8139.0,0.07223084649803657,0.07223084649803657,0.07223084649803657,0.07223084649803657,0.07223084649803657,0.07223084649803657,0.07223084649803657,0.071758033259266
2018-01-16,8146.38,0.07372842662770518,0.07223084649803657,0.07223084649803657,0.07223084649803657,0.07223084649803657,0.07223084649803657,0.07223084649803657,0.07223084649803657
2018-01-17,8146.38,0.07372842662770518,0.07372842662770518,0.07223084649803657,0.07223084649803657,0.07223084649803657,0.07223084649803657,0.07223084649803657,0.07223084649803657
2018-01-18,8146.38,0.07372842662770518,0.07372842662770518,0.07372842662770518,0.07223084649803657,0.07223084649803657,0.07223084649803657,0.07223084649803657,0.07223084649803657
2018-01-19,8146.38,0.07372842662770518,0.07372842662770518,0.07372842662770518,0.07372842662770518,0.07223084649803657,0.07223084649803657,0.07223084649803657,0.07223084649803657
2018-01-20,8146.38,0.07372842662770518,0.07372842662770518,0.07372842662770518,0.07372842662770518,0.07372842662770518,0.07223084649803657,0.07223084649803657,0.07223084649803657
2018-01-21,8146.38,0.07372842662770518,0.07372842662770518,0.07372842662770518,0.07372842662770518,0.07372842662770518,0.07372842662770518,0.07223084649803657,0.07223084649803657
2018-01-22,8146.38,0.07372842662770518,0.07372842662770518,0.07372842662770518,0.07372842662770518,0.07372842662770518,0.07372842662770518,0.07372842662770518,0.07223084649803657
2018-01-23,8163.93,0.07728974522874621,0.07372842662770518,0.07372842662770518,0.07372842662770518,0.07372842662770518,0.07372842662770518,0.07372842662770518,0.07372842662770518
2018-01-24,8163.93,0.07728974522874621,0.07728974522874621,0.07372842662770518,0.07372842662770518,0.07372842662770518,0.07372842662770518,0.07372842662770518,0.07372842662770518
2018-01-25,8163.93,0.07728974522874621,0.07728974522874621,0.07728974522874621,0.07372842662770518,0.07372842662770518,0.07372842662770518,0.07372842662770518,0.07372842662770518
2018-01-26,8163.93,0.07728974522874621,0.07728974522874621,0.07728974522874621,0.07728974522874621,0.07372842662770518,0.07372842662770518,0.07372842662770518,0.07372842662770518
2018-01-27,8163.93,0.07728974522874621,0.07728974522874621,0.07728974522874621,0.07728974522874621,0.07728974522874621,0.07372842662770518,0.07372842662770518,0.07372842662770518
2018-01-28,8163.93,0.07728974522874621,0.07728974522874621,0.07728974522874621,0.07728974522874621,0.07728974522874621,0.07728974522874621,0.07372842662770518,0.07372842662770518
2018-01-29,8163.93,0.07728974522874621,0.07728974522874621,0.07728974522874621,0.07728974522874621,0.07728974522874621,0.07728974522874621,0.07728974522874621,0.07372842662770518
2018-01-30,8175.77,0.07969236700859383,0.07728974522874621,0.07728974522874621,0.07728974522874621,0.07728974522874621,0.07728974522874621,0.07728974522874621,0.07728974522874621
2018-01-31,8175.77,0.07969236700859383,0.07969236700859383,0.07728974522874621,0.07728974522874621,0.07728974522874621,0.07728974522874621,0.07728974522874621,0.07728974522874621
2018-02-01,8175.77,0.07969236700859383,0.07969236700859383,0.07969236700859383,0.07728974522874621,0.07728974522874621,0.07728974522874621,0.07728974522874621,0.07728974522874621
2018-02-02,8175.77,0.07969236700859383,0.07969236700859383,0.07969236700859383,0.07969236700859383,0.07728974522874621,0.07728974522874621,0.07728974522874621,0.07728974522874621
2018-02-03,8175.77,0.07969236700859383,0.07969236700859383,0.07969236700859383,0.07969236700859383,0.07969236700859383,0.07728974522874621,0.07728974522874621,0.07728974522874621
2018-02-04,8175.77,0.07969236700859383,0.07969236700859383,0.07969236700859383,0.07969236700859383,0.07969236700859383,0.07969236700859383,0.07728974522874621,0.07728974522874621
2018-02-05,8175.77,0.07969236700859383,0.07969236700859383,0.07969236700859383,0.07969236700859383,0.07969236700859383,0.07969236700859383,0.07969236700859383,0.07728974522874621
2018-02-06,8186.95,0.08196105885814586,0.07969236700859383,0.07969236700859383,0.07969236700859383,0.07969236700859383,0.07969236700859383,0.07969236700859383,0.07969236700859383
2018-02-07,8186.95,0.08196105885814586,0.08196105885814586,0.07969236700859383,0.07969236700859383,0.07969236700859383,0.07969236700859383,0.07969236700859383,0.07969236700859383
2018-02-08,8186.95,0.08196105885814586,0.08196105885814586,0.08196105885814586,0.07969236700859383,0.07969236700859383,0.07969236700859383,0.07969236700859383,0.07969236700859383
2018-02-09,8186.95,0.08196105885814586,0.08196105885814586,0.08196105885814586,0.08196105885814586,0.07969236700859383,0.07969236700859383,0.07969236700859383,0.07969236700859383
2018-02-10,8186.95,0.08196105885814586,0.08196105885814586,0.08196105885814586,0.08196105885814586,0.08196105885814586,0.07969236700859383,0.07969236700859383,0.07969236700859383
2018-02-11,8186.95,0.08196105885814586,0.08196105885814586,0.08196105885814586,0.08196105885814586,0.08196105885814586,0.08196105885814586,0.07969236700859383,0.07969236700859383
2018-02-12,8186.95,0.08196105885814586,0.08196105885814586,0.08196105885814586,0.08196105885814586,0.08196105885814586,0.08196105885814586,0.08196105885814586,0.07969236700859383
2018-02-13,8188.33,0.08224109416694558,0.08196105885814586,0.08196105885814586,0.08196105885814586,0.08196105885814586,0.08196105885814586,0.08196105885814586,0.08196105885814586
2018-02-14,8188.33,0.08224109416694558,0.08224109416694558,0.08196105885814586,0.08196105885814586,0.08196105885814586,0.08196105885814586,0.08196105885814586,0.08196105885814586
2018-02-15,8188.33,0.08224109416694558,0.08224109416694558,0.08224109416694558,0.08196105885814586,0.08196105885814586,0.08196105885814586,0.08196105885814586,0.08196105885814586
2018-02-16,8188.33,0.08224109416694558,0.08224109416694558,0.08224109416694558,0.08224109416694558,0.08196105885814586,0.08196105885814586,0.08196105885814586,0.08196105885814586
2018-02-17,8188.33,0.08224109416694558,0.08224109416694558,0.08224109416694558,0.08224109416694558,0.08224109416694558,0.08196105885814586,0.08196105885814586,0.08196105885814586
2018-02-18,8188.33,0.08224109416694558,0.08224109416694558,0.08224109416694558,0.08224109416694558,0.08224109416694558,0.08224109416694558,0.08196105885814586,0.08196105885814586
2018-02-19,8188.33,0.08224109416694558,0.08224109416694558,0.08224109416694558,0.08224109416694558,0.08224109416694558,0.08224109416694558,0.08224109416694558,0.08196105885814586
2018-02-20,8182.73,0.0811047190008014,0.08224109416694558,0.08224109416694558,0.08224109416694558,0.08224109416694558,0.08224109416694558,0.08224109416694558,0.08224109416694558
2018-02-21,8182.73,0.0811047190008014,0.0811047190008014,0.08224109416694558,0.08224109416694558,0.08224109416694558,0.08224109416694558,0.08224109416694558,0.08224109416694558
2018-02-22,8182.73,0.0811047190008014,0.0811047190008014,0.0811047190008014,0.08224109416694558,0.08224109416694558,0.08224109416694558,0.08224109416694558,0.08224109416694558
2018-02-23,8182.73,0.0811047190008014,0.0811047190008014,0.0811047190008014,0.0811047190008014,0.08224109416694558,0.08224109416694558,0.08224109416694558,0.08224109416694558
2018-02-24,8182.73,0.0811047190008014,0.0811047190008014,0.0811047190008014,0.0811047190008014,0.0811047190008014,0.08224109416694558,0.08224109416694558,0.08224109416694558
2018-02-25,8182.73,0.0811047190008014,0.0811047190008014,0.0811047190008014,0.0811047190008014,0.0811047190008014,0.0811047190008014,0.08224109416694558,0.08224109416694558
2018-02-26,8182.73,0.0811047190008014,0.0811047190008014,0.0811047190008014,0.0811047190008014,0.0811047190008014,0.0811047190008014,0.0811047190008014,0.08224109416694558
2018-02-27,8171.64,0.0788542903235625,0.0811047190008014,0.0811047190008014,0.0811047190008014,0.0811047190008014,0.0811047190008014,0.0811047190008014,0.0811047190008014
2018-02-28,8171.64,0.0788542903235625,0.0788542903235625,0.0811047190008014,0.0811047190008014,0.0811047190008014,0.0811047190008014,0.0811047190008014,0.0811047190008014
2018-03-01,8171.64,0.0788542903235625,0.0788542903235625,0.0788542903235625,0.0811047190008014,0.0811047190008014,0.0811047190008014,0.0811047190008014,0.0811047190008014
2018-03-02,8171.64,0.0788542903235625,0.0788542903235625,0.0788542903235625,0.0788542903235625,0.0811047190008014,0.0811047190008014,0.0811047190008014,0.0811047190008014
2018-03-03,8171.64,0.0788542903235625,0.0788542903235625,0.0788542903235625,0.0788542903235625,0.0788542903235625,0.0811047190008014,0.0811047190008014,0.0811047190008014
2018-03-04,8171.64,0.0788542903235625,0.0788542903235625,0.0788542903235625,0.0788542903235625,0.0788542903235625,0.0788542903235625,0.0811047190008014,0.0811047190008014
2018-03-05,8171.64,0.0788542903235625,0.0788542903235625,0.0788542903235625,0.0788542903235625,0.0788542903235625,0.0788542903235625,0.0788542903235625,0.0811047190008014
2018-03-06,8163.46,0.07719437088444492,0.0788542903235625,0.0788542903235625,0.0788542903235625,0.0788542903235625,0.0788542903235625,0.0788542903235625,0.0788542903235625
2018-03-07,8163.46,0.07719437088444492,0.07719437088444492,0.0788542903235625,0.0788542903235625,0.0788542903235625,0.0788542903235625,0.0788542903235625,0.0788542903235625
2018-03-08,8163.46,0.07719437088444492,0.07719437088444492,0.07719437088444492,0.0788542903235625,0.0788542903235625,0.0788542903235625,0.0788542903235625,0.0788542903235625
2018-03-09,8163.46,0.07719437088444492,0.07719437088444492,0.07719437088444492,0.07719437088444492,0.0788542903235625,0.0788542903235625,0.0788542903235625,0.0788542903235625
2018-03-10,8163.46,0.07719437088444492,0.07719437088444492,0.07719437088444492,0.07719437088444492,0.07719437088444492,0.0788542903235625,0.0788542903235625,0.0788542903235625
2018-03-11,8163.46,0.07719437088444492,0.07719437088444492,0.07719437088444492,0.07719437088444492,0.07719437088444492,0.07719437088444492,0.0788542903235625,0.0788542903235625
2018-03-12,8163.46,0.07719437088444492,0.07719437088444492,0.07719437088444492,0.07719437088444492,0.07719437088444492,0.07719437088444492,0.07719437088444492,0.0788542903235625
2018-03-13,8140.06,0.07244594608305688,0.07719437088444492,0.07719437088444492,0.07719437088444492,0.07719437088444492,0.07719437088444492,0.07719437088444492,0.07719437088444492
2018-03-14,8140.06,0.07244594608305688,0.07244594608305688,0.07719437088444492,0.07719437088444492,0.07719437088444492,0.07719437088444492,0.07719437088444492,0.07719437088444492
2018-03-15,8140.06,0.07244594608305688,0.07244594608305688,0.07244594608305688,0.07719437088444492,0.07719437088444492,0.07719437088444492,0.07719437088444492,0.07719437088444492
2018-03-16,8140.06,0.07244594608305688,0.07244594608305688,0.07244594608305688,0.07244594608305688,0.07719437088444492,0.07719437088444492,0.07719437088444492,0.07719437088444492
2018-03-17,8140.06,0.07244594608305688,0.07244594608305688,0.07244594608305688,0.07244594608305688,0.07244594608305688,0.07719437088444492,0.07719437088444492,0.07719437088444492
2018-03-18,8140.06,0.07244594608305688,0.07244594608305688,0.07244594608305688,0.07244594608305688,0.07244594608305688,0.07244594608305688,0.07719437088444492,0.07719437088444492
2018-03-19,8140.06,0.07244594608305688,0.07244594608305688,0.07244594608305688,0.07244594608305688,0.07244594608305688,0.07244594608305688,0.07244594608305688,0.07719437088444492
2018-03-20,8140.06,0.07244594608305688,0.07244594608305688,0.07244594608305688,0.07244594608305688,0.07244594608305688,0.07244594608305688,0.07244594608305688,0.07244594608305688
2018-03-21,8140.06,0.07244594608305688,0.07244594608305688,0.07244594608305688,0.07244594608305688,0.07244594608305688,0.07244594608305688,0.07244594608305688,0.07244594608305688
2018-03-22,8140.06,0.07244594608305688,0.07244594608305688,0.07244594608305688,0.07244594608305688,0.07244594608305688,0.07244594608305688,0.07244594608305688,0.07244594608305688
2018-03-23,8118.07,0.06798364431457293,0.07244594608305688,0.07244594608305688,0.07244594608305688,0.07244594608305688,0.07244594608305688,0.07244594608305688,0.07244594608305688
2018-03-24,8118.07,0.06798364431457293,0.06798364431457293,0.07244594608305688,0.07244594608305688,0.07244594608305688,0.07244594608305688,0.07244594608305688,0.07244594608305688
2018-03-25,8118.07,0.06798364431457293,0.06798364431457293,0.06798364431457293,0.07244594608305688,0.07244594608305688,0.07244594608305688,0.07244594608305688,0.07244594608305688
2018-03-26,8118.07,0.06798364431457293,0.06798364431457293,0.06798364431457293,0.06798364431457293,0.07244594608305688,0.07244594608305688,0.07244594608305688,0.07244594608305688
2018-03-27,8114.86,0.06733225783540808,0.06798364431457293,0.06798364431457293,0.06798364431457293,0.06798364431457293,0.07244594608305688,0.07244594608305688,0.07244594608305688
2018-03-28,8114.86,0.06733225783540808,0.06733225783540808,0.06798364431457293,0.06798364431457293,0.06798364431457293,0.06798364431457293,0.07244594608305688,0.07244594608305688
2018-03-29,8114.86,0.06733225783540808,0.06733225783540808,0.06733225783540808,0.06798364431457293,0.06798364431457293,0.06798364431457293,0.06798364431457293,0.07244594608305688
2018-03-30,8114.86,0.06733225783540808,0.06733225783540808,0.06733225783540808,0.06733225783540808,0.06798364431457293,0.06798364431457293,0.06798364431457293,0.06798364431457293
2018-03-31,8114.86,0.06733225783540808,0.06733225783540808,0.06733225783540808,0.06733225783540808,0.06733225783540808,0.06798364431457293,0.06798364431457293,0.06798364431457293
2018-04-01,8114.86,0.06733225783540808,0.06733225783540808,0.06733225783540808,0.06733225783540808,0.06733225783540808,0.06733225783540808,0.06798364431457293,0.06798364431457293
2018-04-02,8114.86,0.06733225783540808,0.06733225783540808,0.06733225783540808,0.06733225783540808,0.06733225783540808,0.06733225783540808,0.06733225783540808,0.06798364431457293
2018-04-03,8100.92,0.06450349536825661,0.06733225783540808,0.06733225783540808,0.06733225783540808,0.06733225783540808,0.06733225783540808,0.06733225783540808,0.06733225783540808
2018-04-04,8100.92,0.06450349536825661,0.06450349536825661,0.06733225783540808,0.06733225783540808,0.06733225783540808,0.06733225783540808,0.06733225783540808,0.06733225783540808
2018-04-05,8100.92,0.06450349536825661,0.06450349536825661,0.06450349536825661,0.06733225783540808,0.06733225783540808,0.06733225783540808,0.06733225783540808,0.06733225783540808
2018-04-06,8100.92,0.06450349536825661,0.06450349536825661,0.06450349536825661,0.06450349536825661,0.06733225783540808,0.06733225783540808,0.06733225783540808,0.06733225783540808
2018-04-07,8100.92,0.06450349536825661,0.06450349536825661,0.06450349536825661,0.06450349536825661,0.06450349536825661,0.06733225783540808,0.06733225783540808,0.06733225783540808
2018-04-08,8100.92,0.06450349536825661,0.06450349536825661,0.06450349536825661,0.06450349536825661,0.06450349536825661,0.06450349536825661,0.06733225783540808,0.06733225783540808
2018-04-09,8100.92,0.06450349536825661,0.06450349536825661,0.06450349536825661,0.06450349536825661,0.06450349536825661,0.06450349536825661,0.06450349536825661,0.06733225783540808
2018-04-10,8094.99,0.06330015523696453,0.06450349536825661,0.06450349536825661,0.06450349536825661,0.06450349536825661,0.06450349536825661,0.06450349536825661,0.06450349536825661
2018-04-11,8094.99,0.06330015523696453,0.06330015523696453,0.06450349536825661,0.06450349536825661,0.06450349536825661,0.06450349536825661,0.06450349536825661,0.06450349536825661
2018-04-12,8094.99,0.06330015523696453,0.06330015523696453,0.06330015523696453,0.06450349536825661,0.06450349536825661,0.06450349536825661,0.06450349536825661,0.06450349536825661
2018-04-13,8094.99,0.06330015523696453,0.06330015523696453,0.06330015523696453,0.06330015523696453,0.06450349536825661,0.06450349536825661,0.06450349536825661,0.06450349536825661
2018-04-14,8094.99,0.06330015523696453,0.06330015523696453,0.06330015523696453,0.06330015523696453,0.06330015523696453,0.06450349536825661,0.06450349536825661,0.06450349536825661
2018-04-15,8094.99,0.06330015523696453,0.06330015523696453,0.06330015523696453,0.06330015523696453,0.06330015523696453,0.06330015523696453,0.06450349536825661,0.06450349536825661
2018-04-16,8094.99,0.06330015523696453,0.06330015523696453,0.06330015523696453,0.06330015523696453,0.06330015523696453,0.06330015523696453,0.06330015523696453,0.06450349536825661
2018-04-17,8077.26,0.05970231029129769,0.06330015523696453,0.06330015523696453,0.06330015523696453,0.06330015523696453,0.06330015523696453,0.06330015523696453,0.06330015523696453
2018-04-18,8077.26,0.05970231029129769,0.05970231029129769,0.06330015523696453,0.06330015523696453,0.06330015523696453,0.06330015523696453,0.06330015523696453,0.06330015523696453
2018-04-19,8077.26,0.05970231029129769,0.05970231029129769,0.05970231029129769,0.06330015523696453,0.06330015523696453,0.06330015523696453,0.06330015523696453,0.06330015523696453
2018-04-20,8077.26,0.05970231029129769,0.05970231029129769,0.05970231029129769,0.05970231029129769,0.06330015523696453,0.06330015523696453,0.06330015523696453,0.06330015523696453
2018-04-21,8077.26,0.05970231029129769,0.05970231029129769,0.05970231029129769,0.05970231029129769,0.05970231029129769,0.06330015523696453,0.06330015523696453,0.06330015523696453
2018-04-22,8077.26,0.05970231029129769,0.05970231029129769,0.05970231029129769,0.05970231029129769,0.05970231029129769,0.05970231029129769,0.06330015523696453,0.06330015523696453
2018-04-23,8077.26,0.05970231029129769,0.05970231029129769,0.05970231029129769,0.05970231029129769,0.05970231029129769,0.05970231029129769,0.05970231029129769,0.06330015523696453
2018-04-24,8068.17,0.05785772988768145,0.05970231029129769,0.05970231029129769,0.05970231029129769,0.05970231029129769,0.05970231029129769,0.05970231029129769,0.05970231029129769
2018-04-25,8068.17,0.05785772988768145,0.05785772988768145,0.05970231029129769,0.05970231029129769,0.05970231029129769,0.05970231029129769,0.05970231029129769,0.05970231029129769
2018-04-26,8068.17,0.05785772988768145,0.05785772988768145,0.05785772988768145,0.05970231029129769,0.05970231029129769,0.05970231029129769,0.05970231029129769,0.05970231029129769
2018-04-27,8068.17,0.05785772988768145,0.05785772988768145,0.05785772988768145,0.05785772988768145,0.05970231029129769,0.05970231029129769,0.05970231029129769,0.05970231029129769
2018-04-28,8068.17,0.05785772988768145,0.05785772988768145,0.05785772988768145,0.05785772988768145,0.05785772988768145,0.05970231029129769,0.05970231029129769,0.05970231029129769
2018-04-29,8068.17,0.05785772988768145,0.05785772988768145,0.05785772988768145,0.05785772988768145,0.05785772988768145,0.05785772988768145,0.05970231029129769,0.05970231029129769
2018-04-30,8068.17,0.05785772988768145,0.05785772988768145,0.05785772988768145,0.05785772988768145,0.05785772988768145,0.05785772988768145,0.05785772988768145,0.05970231029129769
2018-05-01,8068.2,0.05786381761178583,0.05785772988768145,0.05785772988768145,0.05785772988768145,0.05785772988768145,0.05785772988768145,0.05785772988768145,0.05785772988768145
2018-05-02,8068.2,0.05786381761178583,0.05786381761178583,0.05785772988768145,0.05785772988768145,0.05785772988768145,0.05785772988768145,0.05785772988768145,0.05785772988768145
2018-05-03,8068.2,0.05786381761178583,0.05786381761178583,0.05786381761178583,0.05785772988768145,0.05785772988768145,0.05785772988768145,0.05785772988768145,0.05785772988768145
2018-05-04,8068.2,0.05786381761178583,0.05786381761178583,0.05786381761178583,0.05786381761178583,0.05785772988768145,0.05785772988768145,0.05785772988768145,0.05785772988768145
2018-05-05,8068.2,0.05786381761178583,0.05786381761178583,0.05786381761178583,0.05786381761178583,0.05786381761178583,0.05785772988768145,0.05785772988768145,0.05785772988768145
2018-05-06,8068.2,0.05786381761178583,0.05786381761178583,0.05786381761178583,0.05786381761178583,0.05786381761178583,0.05786381761178583,0.05785772988768145,0.05785772988768145
2018-05-07,8068.2,0.05786381761178583,0.05786381761178583,0.05786381761178583,0.05786381761178583,0.05786381761178583,0.05786381761178583,0.05786381761178583,0.05785772988768145
2018-05-08,8059.24,0.056045617345955145,0.05786381761178583,0.05786381761178583,0.05786381761178583,0.05786381761178583,0.05786381761178583,0.05786381761178583,0.05786381761178583
2018-05-09,8059.24,0.056045617345955145,0.056045617345955145,0.05786381761178583,0.05786381761178583,0.05786381761178583,0.05786381761178583,0.05786381761178583,0.05786381761178583
2018-05-10,8059.24,0.056045617345955145,0.056045617345955145,0.056045617345955145,0.05786381761178583,0.05786381761178583,0.05786381761178583,0.05786381761178583,0.05786381761178583
2018-05-11,8059.24,0.056045617345955145,0.056045617345955145,0.056045617345955145,0.056045617345955145,0.05786381761178583,0.05786381761178583,0.05786381761178583,0.05786381761178583
2018-05-12,8059.24,0.056045617345955145,0.056045617345955145,0.056045617345955145,0.056045617345955145,0.056045617345955145,0.05786381761178583,0.05786381761178583,0.05786381761178583
2018-05-13,8059.24,0.056045617345955145,0.056045617345955145,0.056045617345955145,0.056045617345955145,0.056045617345955145,0.056045617345955145,0.05786381761178583,0.05786381761178583
2018-05-14,8059.24,0.056045617345955145,0.056045617345955145,0.056045617345955145,0.056045617345955145,0.056045617345955145,0.056045617345955145,0.056045617345955145,0.05786381761178583
2018-05-15,8025.83,0.04926592193508461,0.056045617345955145,0.056045617345955145,0.056045617345955145,0.056045617345955145,0.056045617345955145,0.056045617345955145,0.056045617345955145
2018-05-16,8025.83,0.04926592193508461,0.04926592193508461,0.056045617345955145,0.056045617345955145,0.056045617345955145,0.056045617345955145,0.056045617345955145,0.056045617345955145
2018-05-17,8025.83,0.04926592193508461,0.04926592193508461,0.04926592193508461,0.056045617345955145,0.056045617345955145,0.056045617345955145,0.056045617345955145,0.056045617345955145
2018-05-18,8025.83,0.04926592193508461,0.04926592193508461,0.04926592193508461,0.04926592193508461,0.056045617345955145,0.056045617345955145,0.056045617345955145,0.056045617345955145
2018-05-19,8025.83,0.04926592193508461,0.04926592193508461,0.04926592193508461,0.04926592193508461,0.04926592193508461,0.056045617345955145,0.056045617345955145,0.056045617345955145
2018-05-20,8025.83,0.04926592193508461,0.04926592193508461,0.04926592193508461,0.04926592193508461,0.04926592193508461,0.04926592193508461,0.056045617345955145,0.056045617345955145
2018-05-21,8025.83,0.04926592193508461,0.04926592193508461,0.04926592193508461,0.04926592193508461,0.04926592193508461,0.04926592193508461,0.04926592193508461,0.056045617345955145
2018-05-22,7997.95,0.04360839700078123,0.04926592193508461,0.04926592193508461,0.04926592193508461,0.04926592193508461,0.04926592193508461,0.04926592193508461,0.04926592193508461
2018-05-23,7997.95,0.04360839700078123,0.04360839700078123,0.04926592193508461,0.04926592193508461,0.04926592193508461,0.04926592193508461,0.04926592193508461,0.04926592193508461
2018-05-24,7997.95,0.04360839700078123,0.04360839700078123,0.04360839700078123,0.04926592193508461,0.04926592193508461,0.04926592193508461,0.04926592193508461,0.04926592193508461
2018-05-25,7997.95,0.04360839700078123,0.04360839700078123,0.04360839700078123,0.04360839700078123,0.04926592193508461,0.04926592193508461,0.04926592193508461,0.04926592193508461
2018-05-26,7997.95,0.04360839700078123,0.04360839700078123,0.04360839700078123,0.04360839700078123,0.04360839700078123,0.04926592193508461,0.04926592193508461,0.04926592193508461
2018-05-27,7997.95,0.04360839700078123,0.04360839700078123,0.04360839700078123,0.04360839700078123,0.04360839700078123,0.04360839700078123,0.04926592193508461,0.04926592193508461
2018-05-28,7997.95,0.04360839700078123,0.04360839700078123,0.04360839700078123,0.04360839700078123,0.04360839700078123,0.04360839700078123,0.04360839700078123,0.04926592193508461
2018-05-29,7982.25,0.04042248805284143,0.04360839700078123,0.04360839700078123,0.04360839700078123,0.04360839700078123,0.04360839700078123,0.04360839700078123,0.04360839700078123
2018-05-30,7982.25,0.04042248805284143,0.04042248805284143,0.04360839700078123,0.04360839700078123,0.04360839700078123,0.04360839700078123,0.04360839700078123,0.04360839700078123
2018-05-31,7982.25,0.04042248805284143,0.04042248805284143,0.04042248805284143,0.04360839700078123,0.04360839700078123,0.04360839700078123,0.04360839700078123,0.04360839700078123
2018-06-01,7982.25,0.04042248805284143,0.04042248805284143,0.04042248805284143,0.04042248805284143,0.04360839700078123,0.04360839700078123,0.04360839700078123,0.04360839700078123
2018-06-02,7982.25,0.04042248805284143,0.04042248805284143,0.04042248805284143,0.04042248805284143,0.04042248805284143,0.04360839700078123,0.04360839700078123,0.04360839700078123
2018-06-03,7982.25,0.04042248805284143,0.04042248805284143,0.04042248805284143,0.04042248805284143,0.04042248805284143,0.04042248805284143,0.04360839700078123,0.04360839700078123
2018-06-04,7982.25,0.04042248805284143,0.04042248805284143,0.04042248805284143,0.04042248805284143,0.04042248805284143,0.04042248805284143,0.04042248805284143,0.04360839700078123
2018-06-05,7944.07,0.032674844509380074,0.04042248805284143,0.04042248805284143,0.04042248805284143,0.04042248805284143,0.04042248805284143,0.04042248805284143,0.04042248805284143
2018-06-06,7944.07,0.032674844509380074,0.032674844509380074,0.04042248805284143,0.04042248805284143,0.04042248805284143,0.04042248805284143,0.04042248805284143,0.04042248805284143
2018-06-07,7944.07,0.032674844509380074,0.032674844509380074,0.032674844509380074,0.04042248805284143,0.04042248805284143,0.04042248805284143,0.04042248805284143,0.04042248805284143
2018-06-08,7944.07,0.032674844509380074,0.032674844509380074,0.032674844509380074,0.032674844509380074,0.04042248805284143,0.04042248805284143,0.04042248805284143,0.04042248805284143
2018-06-09,7944.07,0.032674844509380074,0.032674844509380074,0.032674844509380074,0.032674844509380074,0.032674844509380074,0.04042248805284143,0.04042248805284143,0.04042248805284143
2018-06-10,7944.07,0.032674844509380074,0.032674844509380074,0.032674844509380074,0.032674844509380074,0.032674844509380074,0.032674844509380074,0.04042248805284143,0.04042248805284143
2018-06-11,7944.07,0.032674844509380074,0.032674844509380074,0.032674844509380074,0.032674844509380074,0.032674844509380074,0.032674844509380074,0.032674844509380074,0.04042248805284143
2018-06-12,7909.37,0.025633376962022725,0.032674844509380074,0.032674844509380074,0.032674844509380074,0.032674844509380074,0.032674844509380074,0.032674844509380074,0.032674844509380074
2018-06-13,7909.37,0.025633376962022725,0.025633376962022725,0.032674844509380074,0.032674844509380074,0.032674844509380074,0.032674844509380074,0.032674844509380074,0.032674844509380074
2018-06-14,7909.37,0.025633376962022725,0.025633376962022725,0.025633376962022725,0.032674844509380074,0.032674844509380074,0.032674844509380074,0.032674844509380074,0.032674844509380074
2018-06-15,7909.37,0.025633376962022725,0.025633376962022725,0.025633376962022725,0.025633376962022725,0.032674844509380074,0.032674844509380074,0.032674844509380074,0.032674844509380074
2018-06-16,7909.37,0.025633376962022725,0.025633376962022725,0.025633376962022725,0.025633376962022725,0.025633376962022725,0.032674844509380074,0.032674844509380074,0.032674844509380074
2018-06-17,7909.37,0.025633376962022725,0.025633376962022725,0.025633376962022725,0.025633376962022725,0.025633376962022725,0.025633376962022725,0.032674844509380074,0.032674844509380074
2018-06-18,7909.37,0.025633376962022725,0.025633376962022725,0.025633376962022725,0.025633376962022725,0.025633376962022725,0.025633376962022725,0.025633376962022725,0.032674844509380074
2018-06-19,7883.99,0.020483162369747898,0.025633376962022725,0.025633376962022725,0.025633376962022725,0.025633376962022725,0.025633376962022725,0.025633376962022725,0.025633376962022725
2018-06-20,7883.99,0.020483162369747898,0.020483162369747898,0.025633376962022725,0.025633376962022725,0.025633376962022725,0.025633376962022725,0.025633376962022725,0.025633376962022725
2018-06-21,7883.99,0.020483162369747898,0.020483162369747898,0.020483162369747898,0.025633376962022725,0.025633376962022725,0.025633376962022725,0.025633376962022725,0.025633376962022725
2018-06-22,7883.99,0.020483162369747898,0.020483162369747898,0.020483162369747898,0.020483162369747898,0.025633376962022725,0.025633376962022725,0.025633376962022725,0.025633376962022725
2018-06-23,7883.99,0.020483162369747898,0.020483162369747898,0.020483162369747898,0.020483162369747898,0.020483162369747898,0.025633376962022725,0.025633376962022725,0.025633376962022725
2018-06-24,7883.99,0.020483162369747898,0.020483162369747898,0.020483162369747898,0.020483162369747898,0.020483162369747898,0.020483162369747898,0.025633376962022725,0.025633376962022725
2018-06-25,7883.99,0.020483162369747898,0.020483162369747898,0.020483162369747898,0.020483162369747898,0.020483162369747898,0.020483162369747898,0.020483162369747898,0.025633376962022725
2018-06-26,7871.66,0.01798110776286288,0.020483162369747898,0.020483162369747898,0.020483162369747898,0.020483162369747898,0.020483162369747898,0.020483162369747898,0.020483162369747898
2018-06-27,7871.66,0.01798110776286288,0.01798110776286288,0.020483162369747898,0.020483162369747898,0.020483162369747898,0.020483162369747898,0.020483162369747898,0.020483162369747898
2018-06-28,7871.66,0.01798110776286288,0.01798110776286288,0.01798110776286288,0.020483162369747898,0.020483162369747898,0.020483162369747898,0.020483162369747898,0.020483162369747898
2018-06-29,7871.66,0.01798110776286288,0.01798110776286288,0.01798110776286288,0.01798110776286288,0.020483162369747898,0.020483162369747898,0.020483162369747898,0.020483162369747898
2018-06-30,7871.66,0.01798110776286288,0.01798110776286288,0.01798110776286288,0.01798110776286288,0.01798110776286288,0.020483162369747898,0.020483162369747898,0.020483162369747898
2018-07-01,7871.66,0.01798110776286288,0.01798110776286288,0.01798110776286288,0.01798110776286288,0.01798110776286288,0.01798110776286288,0.020483162369747898,0.020483162369747898
2018-07-02,7871.66,0.01798110776286288,0.01798110776286288,0.01798110776286288,0.01798110776286288,0.01798110776286288,0.01798110776286288,0.01798110776286288,0.020483162369747898
2018-07-03,7846.27,0.012828863929220002,0.01798110776286288,0.01798110776286288,0.01798110776286288,0.01798110776286288,0.01798110776286288,0.01798110776286288,0.01798110776286288
2018-07-04,7846.27,0.012828863929220002,0.012828863929220002,0.01798110776286288,0.01798110776286288,0.01798110776286288,0.01798110776286288,0.01798110776286288,0.01798110776286288
2018-07-05,7846.27,0.012828863929220002,0.012828863929220002,0.012828863929220002,0.01798110776286288,0.01798110776286288,0.01798110776286288,0.01798110776286288,0.01798110776286288
2018-07-06,7846.27,0.012828863929220002,0.012828863929220002,0.012828863929220002,0.012828863929220002,0.01798110776286288,0.01798110776286288,0.01798110776286288,0.01798110776286288
2018-07-07,7846.27,0.012828863929220002,0.012828863929220002,0.012828863929220002,0.012828863929220002,0.012828863929220002,0.01798110776286288,0.01798110776286288,0.01798110776286288
2018-07-08,7846.27,0.012828863929220002,0.012828863929220002,0.012828863929220002,0.012828863929220002,0.012828863929220002,0.012828863929220002,0.01798110776286288,0.01798110776286288
2018-07-09,7846.27,0.012828863929220002,0.012828863929220002,0.012828863929220002,0.012828863929220002,0.012828863929220002,0.012828863929220002,0.012828863929220002,0.01798110776286288
2018-07-10,7813.42,0.006162806034963886,0.012828863929220002,0.012828863929220002,0.012828863929220002,0.012828863929220002,0.012828863929220002,0.012828863929220002,0.012828863929220002
2018-07-11,7813.42,0.006162806034963886,0.006162806034963886,0.012828863929220002,0.012828863929220002,0.012828863929220002,0.012828863929220002,0.012828863929220002,0.012828863929220002
2018-07-12,7813.42,0.006162806034963886,0.006162806034963886,0.006162806034963886,0.012828863929220002,0.012828863929220002,0.012828863929220002,0.012828863929220002,0.012828863929220002
2018-07-13,7813.42,0.006162806034963886,0.006162806034963886,0.006162806034963886,0.006162806034963886,0.012828863929220002,0.012828863929220002,0.012828863929220002,0.012828863929220002
2018-07-14,7813.42,0.006162806034963886,0.006162806034963886,0.006162806034963886,0.006162806034963886,0.006162806034963886,0.012828863929220002,0.012828863929220002,0.012828863929220002
2018-07-15,7813.42,0.006162806034963886,0.006162806034963886,0.006162806034963886,0.006162806034963886,0.006162806034963886,0.006162806034963886,0.012828863929220002,0.012828863929220002
2018-07-16,7813.42,0.006162806034963886,0.006162806034963886,0.006162806034963886,0.006162806034963886,0.006162806034963886,0.006162806034963886,0.006162806034963886,0.012828863929220002
2018-07-17,7787.81,0.0009659188912225503,0.006162806034963886,0.006162806034963886,0.006162806034963886,0.006162806034963886,0.006162806034963886,0.006162806034963886,0.006162806034963886
2018-07-18,7787.81,0.0009659188912225503,0.0009659188912225503,0.006162806034963886,0.006162806034963886,0.006162806034963886,0.006162806034963886,0.006162806034963886,0.006162806034963886
2018-07-19,7787.81,0.0009659188912225503,0.0009659188912225503,0.0009659188912225503,0.006162806034963886,0.006162806034963886,0.006162806034963886,0.006162806034963886,0.006162806034963886
2018-07-20,7787.81,0.0009659188912225503,0.0009659188912225503,0.0009659188912225503,0.0009659188912225503,0.006162806034963886,0.006162806034963886,0.006162806034963886,0.006162806034963886
2018-07-21,7787.81,0.0009659188912225503,0.0009659188912225503,0.0009659188912225503,0.0009659188912225503,0.0009659188912225503,0.006162806034963886,0.006162806034963886,0.006162806034963886
2018-07-22,7787.81,0.0009659188912225503,0.0009659188912225503,0.0009659188912225503,0.0009659188912225503,0.0009659188912225503,0.0009659188912225503,0.006162806034963886,0.006162806034963886
2018-07-23,7787.81,0.0009659188912225503,0.0009659188912225503,0.0009659188912225503,0.0009659188912225503,0.0009659188912225503,0.0009659188912225503,0.0009659188912225503,0.006162806034963886
2018-07-24,7789.38,0.0012845097860165744,0.0009659188912225503,0.0009659188912225503,0.0009659188912225503,0.0009659188912225503,0.0009659188912225503,0.0009659188912225503,0.0009659188912225503
2018-07-25,7789.38,0.0012845097860165744,0.0012845097860165744,0.0009659188912225503,0.0009659188912225503,0.0009659188912225503,0.0009659188912225503,0.0009659188912225503,0.0009659188912225503
2018-07-26,7789.38,0.0012845097860165744,0.0012845097860165744,0.0012845097860165744,0.0009659188912225503,0.0009659188912225503,0.0009659188912225503,0.0009659188912225503,0.0009659188912225503
2018-07-27,7789.38,0.0012845097860165744,0.0012845097860165744,0.0012845097860165744,0.0012845097860165744,0.0009659188912225503,0.0009659188912225503,0.0009659188912225503,0.0009659188912225503
2018-07-28,7789.38,0.0012845097860165744,0.0012845097860165744,0.0012845097860165744,0.0012845097860165744,0.0012845097860165744,0.0009659188912225503,0.0009659188912225503,0.0009659188912225503
2018-07-29,7789.38,0.0012845097860165744,0.0012845097860165744,0.0012845097860165744,0.0012845097860165744,0.0012845097860165744,0.0012845097860165744,0.0009659188912225503,0.0009659188912225503
2018-07-30,7789.38,0.0012845097860165744,0.0012845097860165744,0.0012845097860165744,0.0012845097860165744,0.0012845097860165744,0.0012845097860165744,0.0012845097860165744,0.0009659188912225503
2018-07-31,7791.88,0.0017918201280451296,0.0012845097860165744,0.0012845097860165744,0.0012845097860165744,0.0012845097860165744,0.0012845097860165744,0.0012845097860165744,0.0012845097860165744
2018-08-01,7791.88,0.0017918201280451296,0.0017918201280451296,0.0012845097860165744,0.0012845097860165744,0.0012845097860165744,0.0012845097860165744,0.0012845097860165744,0.0012845097860165744
2018-08-02,7791.88,0.0017918201280451296,0.0017918201280451296,0.0017918201280451296,0.0012845097860165744,0.0012845097860165744,0.0012845097860165744,0.0012845097860165744,0.0012845097860165744
2018-08-03,7791.88,0.0017918201280451296,0.0017918201280451296,0.0017918201280451296,0.0017918201280451296,0.0012845097860165744,0.0012845097860165744,0.0012845097860165744,0.0012845097860165744
2018-08-04,7791.88,0.0017918201280451296,0.0017918201280451296,0.0017918201280451296,0.0017918201280451296,0.0017918201280451296,0.0012845097860165744,0.0012845097860165744,0.0012845097860165744
2018-08-05,7791.88,0.0017918201280451296,0.0017918201280451296,0.0017918201280451296,0.0017918201280451296,0.0017918201280451296,0.0017918201280451296,0.0012845097860165744,0.0012845097860165744
2018-08-06,7791.88,0.0017918201280451296,0.0017918201280451296,0.0017918201280451296,0.0017918201280451296,0.0017918201280451296,0.0017918201280451296,0.0017918201280451296,0.0012845097860165744
2018-08-07,7783.05,0.0,0.0017918201280451296,0.0017918201280451296,0.0017918201280451296,0.0017918201280451296,0.0017918201280451296,0.0017918201280451296,0.0017918201280451296
2018-08-08,7783.05,0.0,0.0,0.0017918201280451296,0.0017918201280451296,0.0017918201280451296,0.0017918201280451296,0.0017918201280451296,0.0017918201280451296
2018-08-09,7783.05,0.0,0.0,0.0,0.0017918201280451296,0.0017918201280451296,0.0017918201280451296,0.0017918201280451296,0.0017918201280451296
2018-08-10,7783.05,0.0,0.0,0.0,0.0,0.0017918201280451296,0.0017918201280451296,0.0017918201280451296,0.0017918201280451296
2018-08-11,7783.05,0.0,0.0,0.0,0.0,0.0,0.0017918201280451296,0.0017918201280451296,0.0017918201280451296
2018-08-12,7783.05,0.0,0.0,0.0,0.0,0.0,0.0,0.0017918201280451296,0.0017918201280451296
2018-08-13,7783.05,0.0,0.0,0.0,0.0,0.0,0.0,0.0,0.0017918201280451296
2018-08-14,7790.2,0.0014509075782018765,0.0,0.0,0.0,0.0,0.0,0.0,0.0
2018-08-15,7790.2,0.0014509075782018765,0.0014509075782018765,0.0,0.0,0.0,0.0,0.0,0.0
2018-08-16,7790.2,0.0014509075782018765,0.0014509075782018765,0.0014509075782018765,0.0,0.0,0.0,0.0,0.0
2018-08-17,7790.2,0.0014509075782018765,0.0014509075782018765,0.0014509075782018765,0.0014509075782018765,0.0,0.0,0.0,0.0
2018-08-18,7790.2,0.0014509075782018765,0.0014509075782018765,0.0014509075782018765,0.0014509075782018765,0.0014509075782018765,0.0,0.0,0.0
2018-08-19,7790.2,0.0014509075782018765,0.0014509075782018765,0.0014509075782018765,0.0014509075782018765,0.0014509075782018765,0.0014509075782018765,0.0,0.0
2018-08-20,7790.2,0.0014509075782018765,0.0014509075782018765,0.0014509075782018765,0.0014509075782018765,0.0014509075782018765,0.0014509075782018765,0.0014509075782018765,0.0
2018-08-21,7803.79,0.004208646597469556,0.0014509075782018765,0.0014509075782018765,0.0014509075782018765,0.0014509075782018765,0.0014509075782018765,0.0014509075782018765,0.0014509075782018765
2018-08-22,7803.79,0.004208646597469556,0.004208646597469556,0.0014509075782018765,0.0014509075782018765,0.0014509075782018765,0.0014509075782018765,0.0014509075782018765,0.0014509075782018765
2018-08-23,7803.79,0.004208646597469556,0.004208646597469556,0.004208646597469556,0.0014509075782018765,0.0014509075782018765,0.0014509075782018765,0.0014509075782018765,0.0014509075782018765
2018-08-24,7803.79,0.004208646597469556,0.004208646597469556,0.004208646597469556,0.004208646597469556,0.0014509075782018765,0.0014509075782018765,0.0014509075782018765,0.0014509075782018765
2018-08-25,7803.79,0.004208646597469556,0.004208646597469556,0.004208646597469556,0.004208646597469556,0.004208646597469556,0.0014509075782018765,0.0014509075782018765,0.0014509075782018765
2018-08-26,7803.79,0.004208646597469556,0.004208646597469556,0.004208646597469556,0.004208646597469556,0.004208646597469556,0.004208646597469556,0.0014509075782018765,0.0014509075782018765
2018-08-27,7803.79,0.004208646597469556,0.004208646597469556,0.004208646597469556,0.004208646597469556,0.004208646597469556,0.004208646597469556,0.004208646597469556,0.0014509075782018765
2018-08-28,7827.23,0.008965188364329801,0.004208646597469556,0.004208646597469556,0.004208646597469556,0.004208646597469556,0.004208646597469556,0.004208646597469556,0.004208646597469556
2018-08-29,7827.23,0.008965188364329801,0.008965188364329801,0.004208646597469556,0.004208646597469556,0.004208646597469556,0.004208646597469556,0.004208646597469556,0.004208646597469556
2018-08-30,7827.23,0.008965188364329801,0.008965188364329801,0.008965188364329801,0.004208646597469556,0.004208646597469556,0.004208646597469556,0.004208646597469556,0.004208646597469556
2018-08-31,7827.23,0.008965188364329801,0.008965188364329801,0.008965188364329801,0.008965188364329801,0.004208646597469556,0.004208646597469556,0.004208646597469556,0.004208646597469556
2018-09-01,7827.23,0.008965188364329801,0.008965188364329801,0.008965188364329801,0.008965188364329801,0.008965188364329801,0.004208646597469556,0.004208646597469556,0.004208646597469556
2018-09-02,7827.23,0.008965188364329801,0.008965188364329801,0.008965188364329801,0.008965188364329801,0.008965188364329801,0.008965188364329801,0.004208646597469556,0.004208646597469556
2018-09-03,7827.23,0.008965188364329801,0.008965188364329801,0.008965188364329801,0.008965188364329801,0.008965188364329801,0.008965188364329801,0.008965188364329801,0.004208646597469556
2018-09-04,7827.23,0.008965188364329801,0.008965188364329801,0.008965188364329801,0.008965188364329801,0.008965188364329801,0.008965188364329801,0.008965188364329801,0.008965188364329801
2018-09-05,7827.23,0.008965188364329801,0.008965188364329801,0.008965188364329801,0.008965188364329801,0.008965188364329801,0.008965188364329801,0.008965188364329801,0.008965188364329801
2018-09-06,7842.93,0.01215109731226982,0.008965188364329801,0.008965188364329801,0.008965188364329801,0.008965188364329801,0.008965188364329801,0.008965188364329801,0.008965188364329801
2018-09-07,7842.93,0.01215109731226982,0.01215109731226982,0.008965188364329801,0.008965188364329801,0.008965188364329801,0.008965188364329801,0.008965188364329801,0.008965188364329801
2018-09-08,7842.93,0.01215109731226982,0.01215109731226982,0.01215109731226982,0.008965188364329801,0.008965188364329801,0.008965188364329801,0.008965188364329801,0.008965188364329801
2018-09-09,7842.93,0.01215109731226982,0.01215109731226982,0.01215109731226982,0.01215109731226982,0.008965188364329801,0.008965188364329801,0.008965188364329801,0.008965188364329801
2018-09-10,7842.93,0.01215109731226982,0.01215109731226982,0.01215109731226982,0.01215109731226982,0.01215109731226982,0.008965188364329801,0.008965188364329801,0.008965188364329801
2018-09-11,7862.17,0.016055357704522155,0.01215109731226982,0.01215109731226982,0.01215109731226982,0.01215109731226982,0.01215109731226982,0.008965188364329801,0.008965188364329801
2018-09-12,7862.17,0.016055357704522155,0.016055357704522155,0.01215109731226982,0.01215109731226982,0.01215109731226982,0.01215109731226982,0.01215109731226982,0.008965188364329801
2018-09-13,7862.17,0.016055357704522155,0.016055357704522155,0.016055357704522155,0.01215109731226982,0.01215109731226982,0.01215109731226982,0.01215109731226982,0.01215109731226982
2018-09-14,7862.17,0.016055357704522155,0.016055357704522155,0.016055357704522155,0.016055357704522155,0.01215109731226982,0.01215109731226982,0.01215109731226982,0.01215109731226982
2018-09-15,7862.17,0.016055357704522155,0.016055357704522155,0.016055357704522155,0.016055357704522155,0.016055357704522155,0.01215109731226982,0.01215109731226982,0.01215109731226982
2018-09-16,7862.17,0.016055357704522155,0.016055357704522155,0.016055357704522155,0.016055357704522155,0.016055357704522155,0.016055357704522155,0.01215109731226982,0.01215109731226982
2018-09-17,7862.17,0.016055357704522155,0.016055357704522155,0.016055357704522155,0.016055357704522155,0.016055357704522155,0.016055357704522155,0.016055357704522155,0.01215109731226982
2018-09-18,8039.0,0.051938432816891256,0.016055357704522155,0.016055357704522155,0.016055357704522155,0.016055357704522155,0.016055357704522155,0.016055357704522155,0.016055357704522155
2018-09-19,8039.0,0.051938432816891256,0.051938432816891256,0.016055357704522155,0.016055357704522155,0.016055357704522155,0.016055357704522155,0.016055357704522155,0.016055357704522155
2018-09-20,8039.0,0.051938432816891256,0.051938432816891256,0.051938432816891256,0.016055357704522155,0.016055357704522155,0.016055357704522155,0.016055357704522155,0.016055357704522155
2018-09-21,8039.0,0.051938432816891256,0.051938432816891256,0.051938432816891256,0.051938432816891256,0.016055357704522155,0.016055357704522155,0.016055357704522155,0.016055357704522155
2018-09-22,8039.0,0.051938432816891256,0.051938432816891256,0.051938432816891256,0.051938432816891256,0.051938432816891256,0.016055357704522155,0.016055357704522155,0.016055357704522155
2018-09-23,8039.0,0.051938432816891256,0.051938432816891256,0.051938432816891256,0.051938432816891256,0.051938432816891256,0.051938432816891256,0.016055357704522155,0.016055357704522155
2018-09-24,8039.0,0.051938432816891256,0.051938432816891256,0.051938432816891256,0.051938432816891256,0.051938432816891256,0.051938432816891256,0.051938432816891256,0.016055357704522155
2018-09-25,8079.28,0.06011221704765668,0.051938432816891256,0.051938432816891256,0.051938432816891256,0.051938432816891256,0.051938432816891256,0.051938432816891256,0.051938432816891256
2018-09-26,8079.28,0.06011221704765668,0.06011221704765668,0.051938432816891256,0.051938432816891256,0.051938432816891256,0.051938432816891256,0.051938432816891256,0.051938432816891256
2018-09-27,8079.28,0.06011221704765668,0.06011221704765668,0.06011221704765668,0.051938432816891256,0.051938432816891256,0.051938432816891256,0.051938432816891256,0.051938432816891256
2018-09-28,8079.28,0.06011221704765668,0.06011221704765668,0.06011221704765668,0.06011221704765668,0.051938432816891256,0.051938432816891256,0.051938432816891256,0.051938432816891256
2018-09-29,8079.28,0.06011221704765668,0.06011221704765668,0.06011221704765668,0.06011221704765668,0.06011221704765668,0.051938432816891256,0.051938432816891256,0.051938432816891256
2018-09-30,8079.28,0.06011221704765668,0.06011221704765668,0.06011221704765668,0.06011221704765668,0.06011221704765668,0.06011221704765668,0.051938432816891256,0.051938432816891256
2018-10-01,8079.28,0.06011221704765668,0.06011221704765668,0.06011221704765668,0.06011221704765668,0.06011221704765668,0.06011221704765668,0.06011221704765668,0.051938432816891256
2018-10-02,8079.28,0.06011221704765668,0.06011221704765668,0.06011221704765668,0.06011221704765668,0.06011221704765668,0.06011221704765668,0.06011221704765668,0.06011221704765668
2018-10-03,8179.66,0.08048174190079038,0.06011221704765668,0.06011221704765668,0.06011221704765668,0.06011221704765668,0.06011221704765668,0.06011221704765668,0.06011221704765668
2018-10-04,8179.66,0.08048174190079038,0.08048174190079038,0.06011221704765668,0.06011221704765668,0.06011221704765668,0.06011221704765668,0.06011221704765668,0.06011221704765668
2018-10-05,8179.66,0.08048174190079038,0.08048174190079038,0.08048174190079038,0.06011221704765668,0.06011221704765668,0.06011221704765668,0.06011221704765668,0.06011221704765668
2018-10-06,8179.66,0.08048174190079038,0.08048174190079038,0.08048174190079038,0.08048174190079038,0.06011221704765668,0.06011221704765668,0.06011221704765668,0.06011221704765668
2018-10-07,8179.66,0.08048174190079038,0.08048174190079038,0.08048174190079038,0.08048174190079038,0.08048174190079038,0.06011221704765668,0.06011221704765668,0.06011221704765668
2018-10-08,8179.66,0.08048174190079038,0.08048174190079038,0.08048174190079038,0.08048174190079038,0.08048174190079038,0.08048174190079038,0.06011221704765668,0.06011221704765668
2018-10-09,8181.08,0.08076989417506253,0.08048174190079038,0.08048174190079038,0.08048174190079038,0.08048174190079038,0.08048174190079038,0.08048174190079038,0.06011221704765668
2018-10-10,8181.08,0.08076989417506253,0.08076989417506253,0.08048174190079038,0.08048174190079038,0.08048174190079038,0.08048174190079038,0.08048174190079038,0.08048174190079038
2018-10-11,8181.08,0.08076989417506253,0.08076989417506253,0.08076989417506253,0.08048174190079038,0.08048174190079038,0.08048174190079038,0.08048174190079038,0.08048174190079038
2018-10-12,8181.08,0.08076989417506253,0.08076989417506253,0.08076989417506253,0.08076989417506253,0.08048174190079038,0.08048174190079038,0.08048174190079038,0.08048174190079038
2018-10-13,8181.08,0.08076989417506253,0.08076989417506253,0.08076989417506253,0.08076989417506253,0.08076989417506253,0.08048174190079038,0.08048174190079038,0.08048174190079038
2018-10-14,8181.08,0.08076989417506253,0.08076989417506253,0.08076989417506253,0.08076989417506253,0.08076989417506253,0.08076989417506253,0.08048174190079038,0.08048174190079038
2018-10-15,8181.08,0.08076989417506253,0.08076989417506253,0.08076989417506253,0.08076989417506253,0.08076989417506253,0.08076989417506253,0.08076989417506253,0.08048174190079038
2018-10-16,8208.04,0.08624072890349965,0.08076989417506253,0.08076989417506253,0.08076989417506253,0.08076989417506253,0.08076989417506253,0.08076989417506253,0.08076989417506253
2018-10-17,8208.04,0.08624072890349965,0.08624072890349965,0.08076989417506253,0.08076989417506253,0.08076989417506253,0.08076989417506253,0.08076989417506253,0.08076989417506253
2018-10-18,8208.04,0.08624072890349965,0.08624072890349965,0.08624072890349965,0.08076989417506253,0.08076989417506253,0.08076989417506253,0.08076989417506253,0.08076989417506253
2018-10-19,8208.04,0.08624072890349965,0.08624072890349965,0.08624072890349965,0.08624072890349965,0.08076989417506253,0.08076989417506253,0.08076989417506253,0.08076989417506253
2018-10-20,8208.04,0.08624072890349965,0.08624072890349965,0.08624072890349965,0.08624072890349965,0.08624072890349965,0.08076989417506253,0.08076989417506253,0.08076989417506253
2018-10-21,8208.04,0.08624072890349965,0.08624072890349965,0.08624072890349965,0.08624072890349965,0.08624072890349965,0.08624072890349965,0.08076989417506253,0.08076989417506253
2018-10-22,8208.04,0.08624072890349965,0.08624072890349965,0.08624072890349965,0.08624072890349965,0.08624072890349965,0.08624072890349965,0.08624072890349965,0.08076989417506253
2018-10-23,8226.1,0.0899055388143144,0.08624072890349965,0.08624072890349965,0.08624072890349965,0.08624072890349965,0.08624072890349965,0.08624072890349965,0.08624072890349965
2018-10-24,8226.1,0.0899055388143144,0.0899055388143144,0.08624072890349965,0.08624072890349965,0.08624072890349965,0.08624072890349965,0.08624072890349965,0.08624072890349965
2018-10-25,8226.1,0.0899055388143144,0.0899055388143144,0.0899055388143144,0.08624072890349965,0.08624072890349965,0.08624072890349965,0.08624072890349965,0.08624072890349965
2018-10-26,8226.1,0.0899055388143144,0.0899055388143144,0.0899055388143144,0.0899055388143144,0.08624072890349965,0.08624072890349965,0.08624072890349965,0.08624072890349965
2018-10-27,8226.1,0.0899055388143144,0.0899055388143144,0.0899055388143144,0.0899055388143144,0.0899055388143144,0.08624072890349965,0.08624072890349965,0.08624072890349965
2018-10-28,8226.1,0.0899055388143144,0.0899055388143144,0.0899055388143144,0.0899055388143144,0.0899055388143144,0.0899055388143144,0.08624072890349965,0.08624072890349965
2018-10-29,8226.1,0.0899055388143144,0.0899055388143144,0.0899055388143144,0.0899055388143144,0.0899055388143144,0.0899055388143144,0.0899055388143144,0.08624072890349965
2018-10-30,8236.87,0.09209103176777367,0.0899055388143144,0.0899055388143144,0.0899055388143144,0.0899055388143144,0.0899055388143144,0.0899055388143144,0.0899055388143144
2018-10-31,8236.87,0.09209103176777367,0.09209103176777367,0.0899055388143144,0.0899055388143144,0.0899055388143144,0.0899055388143144,0.0899055388143144,0.0899055388143144
2018-11-01,8236.87,0.09209103176777367,0.09209103176777367,0.09209103176777367,0.0899055388143144,0.0899055388143144,0.0899055388143144,0.0899055388143144,0.0899055388143144
2018-11-02,8236.87,0.09209103176777367,0.09209103176777367,0.09209103176777367,0.09209103176777367,0.0899055388143144,0.0899055388143144,0.0899055388143144,0.0899055388143144
2018-11-03,8236.87,0.09209103176777367,0.09209103176777367,0.09209103176777367,0.09209103176777367,0.09209103176777367,0.0899055388143144,0.0899055388143144,0.0899055388143144
2018-11-04,8236.87,0.09209103176777367,0.09209103176777367,0.09209103176777367,0.09209103176777367,0.09209103176777367,0.09209103176777367,0.0899055388143144,0.0899055388143144
2018-11-05,8236.87,0.09209103176777367,0.09209103176777367,0.09209103176777367,0.09209103176777367,0.09209103176777367,0.09209103176777367,0.09209103176777367,0.0899055388143144
2018-11-06,8249.97,0.09474933796000351,0.09209103176777367,0.09209103176777367,0.09209103176777367,0.09209103176777367,0.09209103176777367,0.09209103176777367,0.09209103176777367
2018-11-07,8249.97,0.09474933796000351,0.09474933796000351,0.09209103176777367,0.09209103176777367,0.09209103176777367,0.09209103176777367,0.09209103176777367,0.09209103176777367
2018-11-08,8249.97,0.09474933796000351,0.09474933796000351,0.09474933796000351,0.09209103176777367,0.09209103176777367,0.09209103176777367,0.09209103176777367,0.09209103176777367
2018-11-09,8249.97,0.09474933796000351,0.09474933796000351,0.09474933796000351,0.09474933796000351,0.09209103176777367,0.09209103176777367,0.09209103176777367,0.09209103176777367
2018-11-10,8249.97,0.09474933796000351,0.09474933796000351,0.09474933796000351,0.09474933796000351,0.09474933796000351,0.09209103176777367,0.09209103176777367,0.09209103176777367
2018-11-11,8249.97,0.09474933796000351,0.09474933796000351,0.09474933796000351,0.09474933796000351,0.09474933796000351,0.09474933796000351,0.09209103176777367,0.09209103176777367
2018-11-12,8249.97,0.09474933796000351,0.09474933796000351,0.09474933796000351,0.09474933796000351,0.09474933796000351,0.09474933796000351,0.09474933796000351,0.09209103176777367
2018-11-13,8271.27,0.0990716220740877,0.09474933796000351,0.09474933796000351,0.09474933796000351,0.09474933796000351,0.09474933796000351,0.09474933796000351,0.09474933796000351
2018-11-14,8271.27,0.0990716220740877,0.0990716220740877,0.09474933796000351,0.09474933796000351,0.09474933796000351,0.09474933796000351,0.09474933796000351,0.09474933796000351
2018-11-15,8271.27,0.0990716220740877,0.0990716220740877,0.0990716220740877,0.09474933796000351,0.09474933796000351,0.09474933796000351,0.09474933796000351,0.09474933796000351
2018-11-16,8271.27,0.0990716220740877,0.0990716220740877,0.0990716220740877,0.0990716220740877,0.09474933796000351,0.09474933796000351,0.09474933796000351,0.09474933796000351
2018-11-17,8271.27,0.0990716220740877,0.0990716220740877,0.0990716220740877,0.0990716220740877,0.0990716220740877,0.09474933796000351,0.09474933796000351,0.09474933796000351
2018-11-18,8271.27,0.0990716220740877,0.0990716220740877,0.0990716220740877,0.0990716220740877,0.0990716220740877,0.0990716220740877,0.09474933796000351,0.09474933796000351
2018-11-19,8271.27,0.0990716220740877,0.0990716220740877,0.0990716220740877,0.0990716220740877,0.0990716220740877,0.0990716220740877,0.0990716220740877,0.09474933796000351
2018-11-20,8277.53,0.10034192717052748,0.0990716220740877,0.0990716220740877,0.0990716220740877,0.0990716220740877,0.0990716220740877,0.0990716220740877,0.0990716220740877
2018-11-21,8277.53,0.10034192717052748,0.10034192717052748,0.0990716220740877,0.0990716220740877,0.0990716220740877,0.0990716220740877,0.0990716220740877,0.0990716220740877
2018-11-22,8277.53,0.10034192717052748,0.10034192717052748,0.10034192717052748,0.0990716220740877,0.0990716220740877,0.0990716220740877,0.0990716220740877,0.0990716220740877
2018-11-23,8277.53,0.10034192717052748,0.10034192717052748,0.10034192717052748,0.10034192717052748,0.0990716220740877,0.0990716220740877,0.0990716220740877,0.0990716220740877
2018-11-24,8277.53,0.10034192717052748,0.10034192717052748,0.10034192717052748,0.10034192717052748,0.10034192717052748,0.0990716220740877,0.0990716220740877,0.0990716220740877
2018-11-25,8277.53,0.10034192717052748,0.10034192717052748,0.10034192717052748,0.10034192717052748,0.10034192717052748,0.10034192717052748,0.0990716220740877,0.0990716220740877
2018-11-26,8277.53,0.10034192717052748,0.10034192717052748,0.10034192717052748,0.10034192717052748,0.10034192717052748,0.10034192717052748,0.10034192717052748,0.0990716220740877
2018-11-27,8299.2,0.10473929321523157,0.10034192717052748,0.10034192717052748,0.10034192717052748,0.10034192717052748,0.10034192717052748,0.10034192717052748,0.10034192717052748
2018-11-28,8299.2,0.10473929321523157,0.10473929321523157,0.10034192717052748,0.10034192717052748,0.10034192717052748,0.10034192717052748,0.10034192717052748,0.10034192717052748
2018-11-29,8299.2,0.10473929321523157,0.10473929321523157,0.10473929321523157,0.10034192717052748,0.10034192717052748,0.10034192717052748,0.10034192717052748,0.10034192717052748
2018-11-30,8299.2,0.10473929321523157,0.10473929321523157,0.10473929321523157,0.10473929321523157,0.10034192717052748,0.10034192717052748,0.10034192717052748,0.10034192717052748
2018-12-01,8299.2,0.10473929321523157,0.10473929321523157,0.10473929321523157,0.10473929321523157,0.10473929321523157,0.10034192717052748,0.10034192717052748,0.10034192717052748
2018-12-02,8299.2,0.10473929321523157,0.10473929321523157,0.10473929321523157,0.10473929321523157,0.10473929321523157,0.10473929321523157,0.10034192717052748,0.10034192717052748
2018-12-03,8299.2,0.10473929321523157,0.10473929321523157,0.10473929321523157,0.10473929321523157,0.10473929321523157,0.10473929321523157,0.10473929321523157,0.10034192717052748
2018-12-04,8314.85,0.10791505595633066,0.10473929321523157,0.10473929321523157,0.10473929321523157,0.10473929321523157,0.10473929321523157,0.10473929321523157,0.10473929321523157
2018-12-05,8314.85,0.10791505595633066,0.10791505595633066,0.10473929321523157,0.10473929321523157,0.10473929321523157,0.10473929321523157,0.10473929321523157,0.10473929321523157
2018-12-06,8314.85,0.10791505595633066,0.10791505595633066,0.10791505595633066,0.10473929321523157,0.10473929321523157,0.10473929321523157,0.10473929321523157,0.10473929321523157
2018-12-07,8314.85,0.10791505595633066,0.10791505595633066,0.10791505595633066,0.10791505595633066,0.10473929321523157,0.10473929321523157,0.10473929321523157,0.10473929321523157
2018-12-08,8314.85,0.10791505595633066,0.10791505595633066,0.10791505595633066,0.10791505595633066,0.10791505595633066,0.10473929321523157,0.10473929321523157,0.10473929321523157
2018-12-09,8314.85,0.10791505595633066,0.10791505595633066,0.10791505595633066,0.10791505595633066,0.10791505595633066,0.10791505595633066,0.10473929321523157,0.10473929321523157
2018-12-10,8314.85,0.10791505595633066,0.10791505595633066,0.10791505595633066,0.10791505595633066,0.10791505595633066,0.10791505595633066,0.10791505595633066,0.10473929321523157
2018-12-11,8312.64,0.10746659361397715,0.10791505595633066,0.10791505595633066,0.10791505595633066,0.10791505595633066,0.10791505595633066,0.10791505595633066,0.10791505595633066
2018-12-12,8312.64,0.10746659361397715,0.10746659361397715,0.10791505595633066,0.10791505595633066,0.10791505595633066,0.10791505595633066,0.10791505595633066,0.10791505595633066
2018-12-13,8312.64,0.10746659361397715,0.10746659361397715,0.10746659361397715,0.10791505595633066,0.10791505595633066,0.10791505595633066,0.10791505595633066,0.10791505595633066
2018-12-14,8312.64,0.10746659361397715,0.10746659361397715,0.10746659361397715,0.10746659361397715,0.10791505595633066,0.10791505595633066,0.10791505595633066,0.10791505595633066
2018-12-15,8312.64,0.10746659361397715,0.10746659361397715,0.10746659361397715,0.10746659361397715,0.10746659361397715,0.10791505595633066,0.10791505595633066,0.10791505595633066
2018-12-16,8312.64,0.10746659361397715,0.10746659361397715,0.10746659361397715,0.10746659361397715,0.10746659361397715,0.10746659361397715,0.10791505595633066,0.10791505595633066
2018-12-17,8312.64,0.10746659361397715,0.10746659361397715,0.10746659361397715,0.10746659361397715,0.10746659361397715,0.10746659361397715,0.10746659361397715,0.10791505595633066
2018-12-18,8325.59,0.11009446118568578,0.10746659361397715,0.10746659361397715,0.10746659361397715,0.10746659361397715,0.10746659361397715,0.10746659361397715,0.10746659361397715
2018-12-19,8325.59,0.11009446118568578,0.11009446118568578,0.10746659361397715,0.10746659361397715,0.10746659361397715,0.10746659361397715,0.10746659361397715,0.10746659361397715
2018-12-20,8325.59,0.11009446118568578,0.11009446118568578,0.11009446118568578,0.10746659361397715,0.10746659361397715,0.10746659361397715,0.10746659361397715,0.10746659361397715
2018-12-21,8325.59,0.11009446118568578,0.11009446118568578,0.11009446118568578,0.11009446118568578,0.10746659361397715,0.10746659361397715,0.10746659361397715,0.10746659361397715
2018-12-22,8325.59,0.11009446118568578,0.11009446118568578,0.11009446118568578,0.11009446118568578,0.11009446118568578,0.10746659361397715,0.10746659361397715,0.10746659361397715
2018-12-23,8325.59,0.11009446118568578,0.11009446118568578,0.11009446118568578,0.11009446118568578,0.11009446118568578,0.11009446118568578,0.10746659361397715,0.10746659361397715
2018-12-24,8325.59,0.11009446118568578,0.11009446118568578,0.11009446118568578,0.11009446118568578,0.11009446118568578,0.11009446118568578,0.11009446118568578,0.10746659361397715
2018-12-25,8339.55,0.11292728213557335,0.11009446118568578,0.11009446118568578,0.11009446118568578,0.11009446118568578,0.11009446118568578,0.11009446118568578,0.11009446118568578
2018-12-26,8339.55,0.11292728213557335,0.11292728213557335,0.11009446118568578,0.11009446118568578,0.11009446118568578,0.11009446118568578,0.11009446118568578,0.11009446118568578
2018-12-27,8339.55,0.11292728213557335,0.11292728213557335,0.11292728213557335,0.11009446118568578,0.11009446118568578,0.11009446118568578,0.11009446118568578,0.11009446118568578
2018-12-28,8339.55,0.11292728213557335,0.11292728213557335,0.11292728213557335,0.11292728213557335,0.11009446118568578,0.11009446118568578,0.11009446118568578,0.11009446118568578
2018-12-29,8339.55,0.11292728213557335,0.11292728213557335,0.11292728213557335,0.11292728213557335,0.11292728213557335,0.11009446118568578,0.11009446118568578,0.11009446118568578
2018-12-30,8339.55,0.11292728213557335,0.11292728213557335,0.11292728213557335,0.11292728213557335,0.11292728213557335,0.11292728213557335,0.11009446118568578,0.11009446118568578
2018-12-31,8339.55,0.11292728213557335,0.11292728213557335,0.11292728213557335,0.11292728213557335,0.11292728213557335,0.11292728213557335,0.11292728213557335,0.11009446118568578
2019-01-01,8336.25,0.11225763248409582,0.11292728213557335,0.11292728213557335,0.11292728213557335,0.11292728213557335,0.11292728213557335,0.11292728213557335,0.11292728213557335
2019-01-02,8336.25,0.11225763248409582,0.11225763248409582,0.11292728213557335,0.11292728213557335,0.11292728213557335,0.11292728213557335,0.11292728213557335,0.11292728213557335
2019-01-03,8336.25,0.11225763248409582,0.11225763248409582,0.11225763248409582,0.11292728213557335,0.11292728213557335,0.11292728213557335,0.11292728213557335,0.11292728213557335
2019-01-04,8336.25,0.11225763248409582,0.11225763248409582,0.11225763248409582,0.11225763248409582,0.11292728213557335,0.11292728213557335,0.11292728213557335,0.11292728213557335
2019-01-05,8336.25,0.11225763248409582,0.11225763248409582,0.11225763248409582,0.11225763248409582,0.11225763248409582,0.11292728213557335,0.11292728213557335,0.11292728213557335
2019-01-06,8336.25,0.11225763248409582,0.11225763248409582,0.11225763248409582,0.11225763248409582,0.11225763248409582,0.11225763248409582,0.11292728213557335,0.11292728213557335
2019-01-07,8336.25,0.11225763248409582,0.11225763248409582,0.11225763248409582,0.11225763248409582,0.11225763248409582,0.11225763248409582,0.11225763248409582,0.11292728213557335
2019-01-08,8337.07,0.11242403027628112,0.11225763248409582,0.11225763248409582,0.11225763248409582,0.11225763248409582,0.11225763248409582,0.11225763248409582,0.11225763248409582
2019-01-09,8337.07,0.11242403027628112,0.11242403027628112,0.11225763248409582,0.11225763248409582,0.11225763248409582,0.11225763248409582,0.11225763248409582,0.11225763248409582
2019-01-10,8337.07,0.11242403027628112,0.11242403027628112,0.11242403027628112,0.11225763248409582,0.11225763248409582,0.11225763248409582,0.11225763248409582,0.11225763248409582
2019-01-11,8337.07,0.11242403027628112,0.11242403027628112,0.11242403027628112,0.11242403027628112,0.11225763248409582,0.11225763248409582,0.11225763248409582,0.11225763248409582
2019-01-12,8337.07,0.11242403027628112,0.11242403027628112,0.11242403027628112,0.11242403027628112,0.11242403027628112,0.11225763248409582,0.11225763248409582,0.11225763248409582
2019-01-13,8337.07,0.11242403027628112,0.11242403027628112,0.11242403027628112,0.11242403027628112,0.11242403027628112,0.11242403027628112,0.11225763248409582,0.11225763248409582
2019-01-14,8337.07,0.11242403027628112,0.11242403027628112,0.11242403027628112,0.11242403027628112,0.11242403027628112,0.11242403027628112,0.11242403027628112,0.11225763248409582
2019-01-15,8356.18,0.11630191053074812,0.11242403027628112,0.11242403027628112,0.11242403027628112,0.11242403027628112,0.11242403027628112,0.11242403027628112,0.11242403027628112
2019-01-16,8356.18,0.11630191053074812,0.11630191053074812,0.11242403027628112,0.11242403027628112,0.11242403027628112,0.11242403027628112,0.11242403027628112,0.11242403027628112
2019-01-17,8356.18,0.11630191053074812,0.11630191053074812,0.11630191053074812,0.11242403027628112,0.11242403027628112,0.11242403027628112,0.11242403027628112,0.11242403027628112
2019-01-18,8356.18,0.11630191053074812,0.11630191053074812,0.11630191053074812,0.11630191053074812,0.11242403027628112,0.11242403027628112,0.11242403027628112,0.11242403027628112
2019-01-19,8356.18,0.11630191053074812,0.11630191053074812,0.11630191053074812,0.11630191053074812,0.11630191053074812,0.11242403027628112,0.11242403027628112,0.11242403027628112
2019-01-20,8356.18,0.11630191053074812,0.11630191053074812,0.11630191053074812,0.11630191053074812,0.11630191053074812,0.11630191053074812,0.11242403027628112,0.11242403027628112
2019-01-21,8356.18,0.11630191053074812,0.11630191053074812,0.11630191053074812,0.11630191053074812,0.11630191053074812,0.11630191053074812,0.11630191053074812,0.11242403027628112
2019-01-22,8378.18,0.12076624154060012,0.11630191053074812,0.11630191053074812,0.11630191053074812,0.11630191053074812,0.11630191053074812,0.11630191053074812,0.11630191053074812
2019-01-23,8378.18,0.12076624154060012,0.12076624154060012,0.11630191053074812,0.11630191053074812,0.11630191053074812,0.11630191053074812,0.11630191053074812,0.11630191053074812
2019-01-24,8378.18,0.12076624154060012,0.12076624154060012,0.12076624154060012,0.11630191053074812,0.11630191053074812,0.11630191053074812,0.11630191053074812,0.11630191053074812
2019-01-25,8378.18,0.12076624154060012,0.12076624154060012,0.12076624154060012,0.12076624154060012,0.11630191053074812,0.11630191053074812,0.11630191053074812,0.11630191053074812
2019-01-26,8378.18,0.12076624154060012,0.12076624154060012,0.12076624154060012,0.12076624154060012,0.12076624154060012,0.11630191053074812,0.11630191053074812,0.11630191053074812
2019-01-27,8378.18,0.12076624154060012,0.12076624154060012,0.12076624154060012,0.12076624154060012,0.12076624154060012,0.12076624154060012,0.11630191053074812,0.11630191053074812
2019-01-28,8378.18,0.12076624154060012,0.12076624154060012,0.12076624154060012,0.12076624154060012,0.12076624154060012,0.12076624154060012,0.12076624154060012,0.11630191053074812
2019-01-29,8384.94,0.12213800870544556,0.12076624154060012,0.12076624154060012,0.12076624154060012,0.12076624154060012,0.12076624154060012,0.12076624154060012,0.12076624154060012
2019-01-30,8384.94,0.12213800870544556,0.12213800870544556,0.12076624154060012,0.12076624154060012,0.12076624154060012,0.12076624154060012,0.12076624154060012,0.12076624154060012
2019-01-31,8384.94,0.12213800870544556,0.12213800870544556,0.12213800870544556,0.12076624154060012,0.12076624154060012,0.12076624154060012,0.12076624154060012,0.12076624154060012
2019-02-01,8384.94,0.12213800870544556,0.12213800870544556,0.12213800870544556,0.12213800870544556,0.12076624154060012,0.12076624154060012,0.12076624154060012,0.12076624154060012
2019-02-02,8384.94,0.12213800870544556,0.12213800870544556,0.12213800870544556,0.12213800870544556,0.12213800870544556,0.12076624154060012,0.12076624154060012,0.12076624154060012
2019-02-03,8384.94,0.12213800870544556,0.12213800870544556,0.12213800870544556,0.12213800870544556,0.12213800870544556,0.12213800870544556,0.12076624154060012,0.12076624154060012
2019-02-04,8384.94,0.12213800870544556,0.12213800870544556,0.12213800870544556,0.12213800870544556,0.12213800870544556,0.12213800870544556,0.12213800870544556,0.12076624154060012
2019-02-05,8401.53,0.12550452013514746,0.12213800870544556,0.12213800870544556,0.12213800870544556,0.12213800870544556,0.12213800870544556,0.12213800870544556,0.12213800870544556
2019-02-06,8401.53,0.12550452013514746,0.12550452013514746,0.12213800870544556,0.12213800870544556,0.12213800870544556,0.12213800870544556,0.12213800870544556,0.12213800870544556
2019-02-07,8401.53,0.12550452013514746,0.12550452013514746,0.12550452013514746,0.12213800870544556,0.12213800870544556,0.12213800870544556,0.12213800870544556,0.12213800870544556
2019-02-08,8401.53,0.12550452013514746,0.12550452013514746,0.12550452013514746,0.12550452013514746,0.12213800870544556,0.12213800870544556,0.12213800870544556,0.12213800870544556
2019-02-09,8401.53,0.12550452013514746,0.12550452013514746,0.12550452013514746,0.12550452013514746,0.12550452013514746,0.12213800870544556,0.12213800870544556,0.12213800870544556
2019-02-10,8401.53,0.12550452013514746,0.12550452013514746,0.12550452013514746,0.12550452013514746,0.12550452013514746,0.12550452013514746,0.12213800870544556,0.12213800870544556
2019-02-11,8401.53,0.12550452013514746,0.12550452013514746,0.12550452013514746,0.12550452013514746,0.12550452013514746,0.12550452013514746,0.12550452013514746,0.12213800870544556
2019-02-12,8395.15,0.12420986414229018,0.12550452013514746,0.12550452013514746,0.12550452013514746,0.12550452013514746,0.12550452013514746,0.12550452013514746,0.12550452013514746
2019-02-13,8395.15,0.12420986414229018,0.12420986414229018,0.12550452013514746,0.12550452013514746,0.12550452013514746,0.12550452013514746,0.12550452013514746,0.12550452013514746
2019-02-14,8395.15,0.12420986414229018,0.12420986414229018,0.12420986414229018,0.12550452013514746,0.12550452013514746,0.12550452013514746,0.12550452013514746,0.12550452013514746
2019-02-15,8395.15,0.12420986414229018,0.12420986414229018,0.12420986414229018,0.12420986414229018,0.12550452013514746,0.12550452013514746,0.12550452013514746,0.12550452013514746
2019-02-16,8395.15,0.12420986414229018,0.12420986414229018,0.12420986414229018,0.12420986414229018,0.12420986414229018,0.12550452013514746,0.12550452013514746,0.12550452013514746
2019-02-17,8395.15,0.12420986414229018,0.12420986414229018,0.12420986414229018,0.12420986414229018,0.12420986414229018,0.12420986414229018,0.12550452013514746,0.12550452013514746
2019-02-18,8395.15,0.12420986414229018,0.12420986414229018,0.12420986414229018,0.12420986414229018,0.12420986414229018,0.12420986414229018,0.12420986414229018,0.12550452013514746
2019-02-19,8392.2,0.12361123793869666,0.12420986414229018,0.12420986414229018,0.12420986414229018,0.12420986414229018,0.12420986414229018,0.12420986414229018,0.12420986414229018
2019-02-20,8392.2,0.12361123793869666,0.12361123793869666,0.12420986414229018,0.12420986414229018,0.12420986414229018,0.12420986414229018,0.12420986414229018,0.12420986414229018
2019-02-21,8392.2,0.12361123793869666,0.12361123793869666,0.12361123793869666,0.12420986414229018,0.12420986414229018,0.12420986414229018,0.12420986414229018,0.12420986414229018
2019-02-22,8392.2,0.12361123793869666,0.12361123793869666,0.12361123793869666,0.12361123793869666,0.12420986414229018,0.12420986414229018,0.12420986414229018,0.12420986414229018
2019-02-23,8392.2,0.12361123793869666,0.12361123793869666,0.12361123793869666,0.12361123793869666,0.12361123793869666,0.12420986414229018,0.12420986414229018,0.12420986414229018
2019-02-24,8392.2,0.12361123793869666,0.12361123793869666,0.12361123793869666,0.12361123793869666,0.12361123793869666,0.12361123793869666,0.12420986414229018,0.12420986414229018
2019-02-25,8392.2,0.12361123793869666,0.12361123793869666,0.12361123793869666,0.12361123793869666,0.12361123793869666,0.12361123793869666,0.12361123793869666,0.12420986414229018
2019-02-26,8403.19,0.1258413742022546,0.12361123793869666,0.12361123793869666,0.12361123793869666,0.12361123793869666,0.12361123793869666,0.12361123793869666,0.12361123793869666
2019-02-27,8403.19,0.1258413742022546,0.1258413742022546,0.12361123793869666,0.12361123793869666,0.12361123793869666,0.12361123793869666,0.12361123793869666,0.12361123793869666
2019-02-28,8403.19,0.1258413742022546,0.1258413742022546,0.1258413742022546,0.12361123793869666,0.12361123793869666,0.12361123793869666,0.12361123793869666,0.12361123793869666
2019-03-01,8403.19,0.1258413742022546,0.1258413742022546,0.1258413742022546,0.1258413742022546,0.12361123793869666,0.12361123793869666,0.12361123793869666,0.12361123793869666
2019-03-02,8403.19,0.1258413742022546,0.1258413742022546,0.1258413742022546,0.1258413742022546,0.1258413742022546,0.12361123793869666,0.12361123793869666,0.12361123793869666
2019-03-03,8403.19,0.1258413742022546,0.1258413742022546,0.1258413742022546,0.1258413742022546,0.1258413742022546,0.1258413742022546,0.12361123793869666,0.12361123793869666
2019-03-04,8403.19,0.1258413742022546,0.1258413742022546,0.1258413742022546,0.1258413742022546,0.1258413742022546,0.1258413742022546,0.1258413742022546,0.12361123793869666
2019-03-05,8392.96,0.12376546028267299,0.1258413742022546,0.1258413742022546,0.1258413742022546,0.1258413742022546,0.1258413742022546,0.1258413742022546,0.1258413742022546
2019-03-06,8392.96,0.12376546028267299,0.12376546028267299,0.1258413742022546,0.1258413742022546,0.1258413742022546,0.1258413742022546,0.1258413742022546,0.1258413742022546
2019-03-07,8392.96,0.12376546028267299,0.12376546028267299,0.12376546028267299,0.1258413742022546,0.1258413742022546,0.1258413742022546,0.1258413742022546,0.1258413742022546
2019-03-08,8392.96,0.12376546028267299,0.12376546028267299,0.12376546028267299,0.12376546028267299,0.1258413742022546,0.1258413742022546,0.1258413742022546,0.1258413742022546
2019-03-09,8392.96,0.12376546028267299,0.12376546028267299,0.12376546028267299,0.12376546028267299,0.12376546028267299,0.1258413742022546,0.1258413742022546,0.1258413742022546
2019-03-10,8392.96,0.12376546028267299,0.12376546028267299,0.12376546028267299,0.12376546028267299,0.12376546028267299,0.12376546028267299,0.1258413742022546,0.1258413742022546
2019-03-11,8392.96,0.12376546028267299,0.12376546028267299,0.12376546028267299,0.12376546028267299,0.12376546028267299,0.12376546028267299,0.12376546028267299,0.1258413742022546
2019-03-12,8374.1,0.11993831106240926,0.12376546028267299,0.12376546028267299,0.12376546028267299,0.12376546028267299,0.12376546028267299,0.12376546028267299,0.12376546028267299
2019-03-13,8374.1,0.11993831106240926,0.11993831106240926,0.12376546028267299,0.12376546028267299,0.12376546028267299,0.12376546028267299,0.12376546028267299,0.12376546028267299
2019-03-14,8374.1,0.11993831106240926,0.11993831106240926,0.11993831106240926,0.12376546028267299,0.12376546028267299,0.12376546028267299,0.12376546028267299,0.12376546028267299
2019-03-15,8374.1,0.11993831106240926,0.11993831106240926,0.11993831106240926,0.11993831106240926,0.12376546028267299,0.12376546028267299,0.12376546028267299,0.12376546028267299
2019-03-16,8374.1,0.11993831106240926,0.11993831106240926,0.11993831106240926,0.11993831106240926,0.11993831106240926,0.12376546028267299,0.12376546028267299,0.12376546028267299
2019-03-17,8374.1,0.11993831106240926,0.11993831106240926,0.11993831106240926,0.11993831106240926,0.11993831106240926,0.11993831106240926,0.12376546028267299,0.12376546028267299
2019-03-18,8374.1,0.11993831106240926,0.11993831106240926,0.11993831106240926,0.11993831106240926,0.11993831106240926,0.11993831106240926,0.11993831106240926,0.12376546028267299
2019-03-19,8378.04,0.12073783216144651,0.11993831106240926,0.11993831106240926,0.11993831106240926,0.11993831106240926,0.11993831106240926,0.11993831106240926,0.11993831106240926
2019-03-20,8378.04,0.12073783216144651,0.12073783216144651,0.11993831106240926,0.11993831106240926,0.11993831106240926,0.11993831106240926,0.11993831106240926,0.11993831106240926
2019-03-21,8378.04,0.12073783216144651,0.12073783216144651,0.12073783216144651,0.11993831106240926,0.11993831106240926,0.11993831106240926,0.11993831106240926,0.11993831106240926
2019-03-22,8378.04,0.12073783216144651,0.12073783216144651,0.12073783216144651,0.12073783216144651,0.11993831106240926,0.11993831106240926,0.11993831106240926,0.11993831106240926
2019-03-23,8378.04,0.12073783216144651,0.12073783216144651,0.12073783216144651,0.12073783216144651,0.12073783216144651,0.11993831106240926,0.11993831106240926,0.11993831106240926
2019-03-24,8378.04,0.12073783216144651,0.12073783216144651,0.12073783216144651,0.12073783216144651,0.12073783216144651,0.12073783216144651,0.11993831106240926,0.11993831106240926
2019-03-25,8378.04,0.12073783216144651,0.12073783216144651,0.12073783216144651,0.12073783216144651,0.12073783216144651,0.12073783216144651,0.12073783216144651,0.11993831106240926
2019-03-26,8389.97,0.12315871711360682,0.12073783216144651,0.12073783216144651,0.12073783216144651,0.12073783216144651,0.12073783216144651,0.12073783216144651,0.12073783216144651
2019-03-27,8389.97,0.12315871711360682,0.12315871711360682,0.12073783216144651,0.12073783216144651,0.12073783216144651,0.12073783216144651,0.12073783216144651,0.12073783216144651
2019-03-28,8389.97,0.12315871711360682,0.12315871711360682,0.12315871711360682,0.12073783216144651,0.12073783216144651,0.12073783216144651,0.12073783216144651,0.12073783216144651
2019-03-29,8389.97,0.12315871711360682,0.12315871711360682,0.12315871711360682,0.12315871711360682,0.12073783216144651,0.12073783216144651,0.12073783216144651,0.12073783216144651
2019-03-30,8389.97,0.12315871711360682,0.12315871711360682,0.12315871711360682,0.12315871711360682,0.12315871711360682,0.12073783216144651,0.12073783216144651,0.12073783216144651
2019-03-31,8389.97,0.12315871711360682,0.12315871711360682,0.12315871711360682,0.12315871711360682,0.12315871711360682,0.12315871711360682,0.12073783216144651,0.12073783216144651
2019-04-01,8389.97,0.12315871711360682,0.12315871711360682,0.12315871711360682,0.12315871711360682,0.12315871711360682,0.12315871711360682,0.12315871711360682,0.12073783216144651
2019-04-02,8419.62,0.1291754177700668,0.12315871711360682,0.12315871711360682,0.12315871711360682,0.12315871711360682,0.12315871711360682,0.12315871711360682,0.12315871711360682
2019-04-03,8419.62,0.1291754177700668,0.1291754177700668,0.12315871711360682,0.12315871711360682,0.12315871711360682,0.12315871711360682,0.12315871711360682,0.12315871711360682
2019-04-04,8419.62,0.1291754177700668,0.1291754177700668,0.1291754177700668,0.12315871711360682,0.12315871711360682,0.12315871711360682,0.12315871711360682,0.12315871711360682
2019-04-05,8419.62,0.1291754177700668,0.1291754177700668,0.1291754177700668,0.1291754177700668,0.12315871711360682,0.12315871711360682,0.12315871711360682,0.12315871711360682
2019-04-06,8419.62,0.1291754177700668,0.1291754177700668,0.1291754177700668,0.1291754177700668,0.1291754177700668,0.12315871711360682,0.12315871711360682,0.12315871711360682
2019-04-07,8419.62,0.1291754177700668,0.1291754177700668,0.1291754177700668,0.1291754177700668,0.1291754177700668,0.1291754177700668,0.12315871711360682,0.12315871711360682
2019-04-08,8419.62,0.1291754177700668,0.1291754177700668,0.1291754177700668,0.1291754177700668,0.1291754177700668,0.1291754177700668,0.1291754177700668,0.12315871711360682
2019-04-09,8451.37,0.1356182591138304,0.1291754177700668,0.1291754177700668,0.1291754177700668,0.1291754177700668,0.1291754177700668,0.1291754177700668,0.1291754177700668
2019-04-10,8451.37,0.1356182591138304,0.1356182591138304,0.1291754177700668,0.1291754177700668,0.1291754177700668,0.1291754177700668,0.1291754177700668,0.1291754177700668
2019-04-11,8451.37,0.1356182591138304,0.1356182591138304,0.1356182591138304,0.1291754177700668,0.1291754177700668,0.1291754177700668,0.1291754177700668,0.1291754177700668
2019-04-12,8451.37,0.1356182591138304,0.1356182591138304,0.1356182591138304,0.1356182591138304,0.1291754177700668,0.1291754177700668,0.1291754177700668,0.1291754177700668
2019-04-13,8451.37,0.1356182591138304,0.1356182591138304,0.1356182591138304,0.1356182591138304,0.1356182591138304,0.1291754177700668,0.1291754177700668,0.1291754177700668
2019-04-14,8451.37,0.1356182591138304,0.1356182591138304,0.1356182591138304,0.1356182591138304,0.1356182591138304,0.1356182591138304,0.1291754177700668,0.1291754177700668
2019-04-15,8451.37,0.1356182591138304,0.1356182591138304,0.1356182591138304,0.1356182591138304,0.1356182591138304,0.1356182591138304,0.1356182591138304,0.1291754177700668
2019-04-16,8455.37,0.13642995566107619,0.1356182591138304,0.1356182591138304,0.1356182591138304,0.1356182591138304,0.1356182591138304,0.1356182591138304,0.1356182591138304
2019-04-17,8455.37,0.13642995566107619,0.13642995566107619,0.1356182591138304,0.1356182591138304,0.1356182591138304,0.1356182591138304,0.1356182591138304,0.1356182591138304
2019-04-18,8455.37,0.13642995566107619,0.13642995566107619,0.13642995566107619,0.1356182591138304,0.1356182591138304,0.1356182591138304,0.1356182591138304,0.1356182591138304
2019-04-19,8455.37,0.13642995566107619,0.13642995566107619,0.13642995566107619,0.13642995566107619,0.1356182591138304,0.1356182591138304,0.1356182591138304,0.1356182591138304
2019-04-20,8455.37,0.13642995566107619,0.13642995566107619,0.13642995566107619,0.13642995566107619,0.13642995566107619,0.1356182591138304,0.1356182591138304,0.1356182591138304
2019-04-21,8455.37,0.13642995566107619,0.13642995566107619,0.13642995566107619,0.13642995566107619,0.13642995566107619,0.13642995566107619,0.1356182591138304,0.1356182591138304
2019-04-22,8455.37,0.13642995566107619,0.13642995566107619,0.13642995566107619,0.13642995566107619,0.13642995566107619,0.13642995566107619,0.13642995566107619,0.1356182591138304
2019-04-23,8441.36,0.1335869885043477,0.13642995566107619,0.13642995566107619,0.13642995566107619,0.13642995566107619,0.13642995566107619,0.13642995566107619,0.13642995566107619
2019-04-24,8441.36,0.1335869885043477,0.1335869885043477,0.13642995566107619,0.13642995566107619,0.13642995566107619,0.13642995566107619,0.13642995566107619,0.13642995566107619
2019-04-25,8441.36,0.1335869885043477,0.1335869885043477,0.1335869885043477,0.13642995566107619,0.13642995566107619,0.13642995566107619,0.13642995566107619,0.13642995566107619
2019-04-26,8441.36,0.1335869885043477,0.1335869885043477,0.1335869885043477,0.1335869885043477,0.13642995566107619,0.13642995566107619,0.13642995566107619,0.13642995566107619
2019-04-27,8441.36,0.1335869885043477,0.1335869885043477,0.1335869885043477,0.1335869885043477,0.1335869885043477,0.13642995566107619,0.13642995566107619,0.13642995566107619
2019-04-28,8441.36,0.1335869885043477,0.1335869885043477,0.1335869885043477,0.1335869885043477,0.1335869885043477,0.1335869885043477,0.13642995566107619,0.13642995566107619
2019-04-29,8441.36,0.1335869885043477,0.1335869885043477,0.1335869885043477,0.1335869885043477,0.1335869885043477,0.1335869885043477,0.1335869885043477,0.13642995566107619
2019-04-30,8445.49,0.1344250651893788,0.1335869885043477,0.1335869885043477,0.1335869885043477,0.1335869885043477,0.1335869885043477,0.1335869885043477,0.1335869885043477
2019-05-01,8445.49,0.1344250651893788,0.1344250651893788,0.1335869885043477,0.1335869885043477,0.1335869885043477,0.1335869885043477,0.1335869885043477,0.1335869885043477
2019-05-02,8445.49,0.1344250651893788,0.1344250651893788,0.1344250651893788,0.1335869885043477,0.1335869885043477,0.1335869885043477,0.1335869885043477,0.1335869885043477
2019-05-03,8445.49,0.1344250651893788,0.1344250651893788,0.1344250651893788,0.1344250651893788,0.1335869885043477,0.1335869885043477,0.1335869885043477,0.1335869885043477
2019-05-04,8445.49,0.1344250651893788,0.1344250651893788,0.1344250651893788,0.1344250651893788,0.1344250651893788,0.1335869885043477,0.1335869885043477,0.1335869885043477
2019-05-05,8445.49,0.1344250651893788,0.1344250651893788,0.1344250651893788,0.1344250651893788,0.1344250651893788,0.1344250651893788,0.1335869885043477,0.1335869885043477
2019-05-06,8445.49,0.1344250651893788,0.1344250651893788,0.1344250651893788,0.1344250651893788,0.1344250651893788,0.1344250651893788,0.1344250651893788,0.1335869885043477
2019-05-07,8448.89,0.13511500725453773,0.1344250651893788,0.1344250651893788,0.1344250651893788,0.1344250651893788,0.1344250651893788,0.1344250651893788,0.1344250651893788
2019-05-08,8448.89,0.13511500725453773,0.13511500725453773,0.1344250651893788,0.1344250651893788,0.1344250651893788,0.1344250651893788,0.1344250651893788,0.1344250651893788
2019-05-09,8448.89,0.13511500725453773,0.13511500725453773,0.13511500725453773,0.1344250651893788,0.1344250651893788,0.1344250651893788,0.1344250651893788,0.1344250651893788
2019-05-10,8448.89,0.13511500725453773,0.13511500725453773,0.13511500725453773,0.13511500725453773,0.1344250651893788,0.1344250651893788,0.1344250651893788,0.1344250651893788
2019-05-11,8448.89,0.13511500725453773,0.13511500725453773,0.13511500725453773,0.13511500725453773,0.13511500725453773,0.1344250651893788,0.1344250651893788,0.1344250651893788
2019-05-12,8448.89,0.13511500725453773,0.13511500725453773,0.13511500725453773,0.13511500725453773,0.13511500725453773,0.13511500725453773,0.1344250651893788,0.1344250651893788
2019-05-13,8448.89,0.13511500725453773,0.13511500725453773,0.13511500725453773,0.13511500725453773,0.13511500725453773,0.13511500725453773,0.13511500725453773,0.1344250651893788
2019-05-14,8458.16,0.13699611400278,0.13511500725453773,0.13511500725453773,0.13511500725453773,0.13511500725453773,0.13511500725453773,0.13511500725453773,0.13511500725453773
2019-05-15,8458.16,0.13699611400278,0.13699611400278,0.13511500725453773,0.13511500725453773,0.13511500725453773,0.13511500725453773,0.13511500725453773,0.13511500725453773
2019-05-16,8458.16,0.13699611400278,0.13699611400278,0.13699611400278,0.13511500725453773,0.13511500725453773,0.13511500725453773,0.13511500725453773,0.13511500725453773
2019-05-17,8458.16,0.13699611400278,0.13699611400278,0.13699611400278,0.13699611400278,0.13511500725453773,0.13511500725453773,0.13511500725453773,0.13511500725453773
2019-05-18,8458.16,0.13699611400278,0.13699611400278,0.13699611400278,0.13699611400278,0.13699611400278,0.13511500725453773,0.13511500725453773,0.13511500725453773
2019-05-19,8458.16,0.13699611400278,0.13699611400278,0.13699611400278,0.13699611400278,0.13699611400278,0.13699611400278,0.13511500725453773,0.13511500725453773
2019-05-20,8458.16,0.13699611400278,0.13699611400278,0.13699611400278,0.13699611400278,0.13699611400278,0.13699611400278,0.13699611400278,0.13511500725453773
2019-05-21,8460.92,0.13755618462037966,0.13699611400278,0.13699611400278,0.13699611400278,0.13699611400278,0.13699611400278,0.13699611400278,0.13699611400278
2019-05-22,8460.92,0.13755618462037966,0.13755618462037966,0.13699611400278,0.13699611400278,0.13699611400278,0.13699611400278,0.13699611400278,0.13699611400278
2019-05-23,8460.92,0.13755618462037966,0.13755618462037966,0.13755618462037966,0.13699611400278,0.13699611400278,0.13699611400278,0.13699611400278,0.13699611400278
2019-05-24,8460.92,0.13755618462037966,0.13755618462037966,0.13755618462037966,0.13755618462037966,0.13699611400278,0.13699611400278,0.13699611400278,0.13699611400278
2019-05-25,8460.92,0.13755618462037966,0.13755618462037966,0.13755618462037966,0.13755618462037966,0.13755618462037966,0.13699611400278,0.13699611400278,0.13699611400278
2019-05-26,8460.92,0.13755618462037966,0.13755618462037966,0.13755618462037966,0.13755618462037966,0.13755618462037966,0.13755618462037966,0.13699611400278,0.13699611400278
2019-05-27,8460.92,0.13755618462037966,0.13755618462037966,0.13755618462037966,0.13755618462037966,0.13755618462037966,0.13755618462037966,0.13755618462037966,0.13699611400278
2019-05-28,8485.91,0.14262725879929783,0.13755618462037966,0.13755618462037966,0.13755618462037966,0.13755618462037966,0.13755618462037966,0.13755618462037966,0.13755618462037966
2019-05-29,8485.91,0.14262725879929783,0.14262725879929783,0.13755618462037966,0.13755618462037966,0.13755618462037966,0.13755618462037966,0.13755618462037966,0.13755618462037966
2019-05-30,8485.91,0.14262725879929783,0.14262725879929783,0.14262725879929783,0.13755618462037966,0.13755618462037966,0.13755618462037966,0.13755618462037966,0.13755618462037966
2019-05-31,8485.91,0.14262725879929783,0.14262725879929783,0.14262725879929783,0.14262725879929783,0.13755618462037966,0.13755618462037966,0.13755618462037966,0.13755618462037966
2019-06-01,8485.91,0.14262725879929783,0.14262725879929783,0.14262725879929783,0.14262725879929783,0.14262725879929783,0.13755618462037966,0.13755618462037966,0.13755618462037966
2019-06-02,8485.91,0.14262725879929783,0.14262725879929783,0.14262725879929783,0.14262725879929783,0.14262725879929783,0.14262725879929783,0.13755618462037966,0.13755618462037966
2019-06-03,8485.91,0.14262725879929783,0.14262725879929783,0.14262725879929783,0.14262725879929783,0.14262725879929783,0.14262725879929783,0.14262725879929783,0.13755618462037966
2019-06-04,8513.57,0.14824014042350253,0.14262725879929783,0.14262725879929783,0.14262725879929783,0.14262725879929783,0.14262725879929783,0.14262725879929783,0.14262725879929783
2019-06-05,8513.57,0.14824014042350253,0.14824014042350253,0.14262725879929783,0.14262725879929783,0.14262725879929783,0.14262725879929783,0.14262725879929783,0.14262725879929783
2019-06-06,8513.57,0.14824014042350253,0.14824014042350253,0.14824014042350253,0.14262725879929783,0.14262725879929783,0.14262725879929783,0.14262725879929783,0.14262725879929783
2019-06-07,8513.57,0.14824014042350253,0.14824014042350253,0.14824014042350253,0.14824014042350253,0.14262725879929783,0.14262725879929783,0.14262725879929783,0.14262725879929783
2019-06-08,8513.57,0.14824014042350253,0.14824014042350253,0.14824014042350253,0.14824014042350253,0.14824014042350253,0.14262725879929783,0.14262725879929783,0.14262725879929783
2019-06-09,8513.57,0.14824014042350253,0.14824014042350253,0.14824014042350253,0.14824014042350253,0.14824014042350253,0.14824014042350253,0.14262725879929783,0.14262725879929783
2019-06-10,8513.57,0.14824014042350253,0.14824014042350253,0.14824014042350253,0.14824014042350253,0.14824014042350253,0.14824014042350253,0.14824014042350253,0.14262725879929783
2019-06-11,8518.68,0.14927708276260931,0.14824014042350253,0.14824014042350253,0.14824014042350253,0.14824014042350253,0.14824014042350253,0.14824014042350253,0.14824014042350253
2019-06-12,8518.68,0.14927708276260931,0.14927708276260931,0.14824014042350253,0.14824014042350253,0.14824014042350253,0.14824014042350253,0.14824014042350253,0.14824014042350253
2019-06-13,8518.68,0.14927708276260931,0.14927708276260931,0.14927708276260931,0.14824014042350253,0.14824014042350253,0.14824014042350253,0.14824014042350253,0.14824014042350253
2019-06-14,8518.68,0.14927708276260931,0.14927708276260931,0.14927708276260931,0.14927708276260931,0.14824014042350253,0.14824014042350253,0.14824014042350253,0.14824014042350253
2019-06-15,8518.68,0.14927708276260931,0.14927708276260931,0.14927708276260931,0.14927708276260931,0.14927708276260931,0.14824014042350253,0.14824014042350253,0.14824014042350253
2019-06-16,8518.68,0.14927708276260931,0.14927708276260931,0.14927708276260931,0.14927708276260931,0.14927708276260931,0.14927708276260931,0.14824014042350253,0.14824014042350253
2019-06-17,8518.68,0.14927708276260931,0.14927708276260931,0.14927708276260931,0.14927708276260931,0.14927708276260931,0.14927708276260931,0.14927708276260931,0.14824014042350253
2019-06-18,8535.74,0.1527389685366125,0.14927708276260931,0.14927708276260931,0.14927708276260931,0.14927708276260931,0.14927708276260931,0.14927708276260931,0.14927708276260931
2019-06-19,8535.74,0.1527389685366125,0.1527389685366125,0.14927708276260931,0.14927708276260931,0.14927708276260931,0.14927708276260931,0.14927708276260931,0.14927708276260931
2019-06-20,8535.74,0.1527389685366125,0.1527389685366125,0.1527389685366125,0.14927708276260931,0.14927708276260931,0.14927708276260931,0.14927708276260931,0.14927708276260931
2019-06-21,8535.74,0.1527389685366125,0.1527389685366125,0.1527389685366125,0.1527389685366125,0.14927708276260931,0.14927708276260931,0.14927708276260931,0.14927708276260931
2019-06-22,8535.74,0.1527389685366125,0.1527389685366125,0.1527389685366125,0.1527389685366125,0.1527389685366125,0.14927708276260931,0.14927708276260931,0.14927708276260931
2019-06-23,8535.74,0.1527389685366125,0.1527389685366125,0.1527389685366125,0.1527389685366125,0.1527389685366125,0.1527389685366125,0.14927708276260931,0.14927708276260931
2019-06-24,8535.74,0.1527389685366125,0.1527389685366125,0.1527389685366125,0.1527389685366125,0.1527389685366125,0.1527389685366125,0.1527389685366125,0.14927708276260931
2019-06-25,8562.34,0.15813675057579712,0.1527389685366125,0.1527389685366125,0.1527389685366125,0.1527389685366125,0.1527389685366125,0.1527389685366125,0.1527389685366125
2019-06-26,8562.34,0.15813675057579712,0.15813675057579712,0.1527389685366125,0.1527389685366125,0.1527389685366125,0.1527389685366125,0.1527389685366125,0.1527389685366125
2019-06-27,8562.34,0.15813675057579712,0.15813675057579712,0.15813675057579712,0.1527389685366125,0.1527389685366125,0.1527389685366125,0.1527389685366125,0.1527389685366125
2019-06-28,8562.34,0.15813675057579712,0.15813675057579712,0.15813675057579712,0.15813675057579712,0.1527389685366125,0.1527389685366125,0.1527389685366125,0.1527389685366125
2019-06-29,8562.34,0.15813675057579712,0.15813675057579712,0.15813675057579712,0.15813675057579712,0.15813675057579712,0.1527389685366125,0.1527389685366125,0.1527389685366125
2019-06-30,8562.34,0.15813675057579712,0.15813675057579712,0.15813675057579712,0.15813675057579712,0.15813675057579712,0.15813675057579712,0.1527389685366125,0.1527389685366125
2019-07-01,8562.34,0.15813675057579712,0.15813675057579712,0.15813675057579712,0.15813675057579712,0.15813675057579712,0.15813675057579712,0.15813675057579712,0.1527389685366125
2019-07-02,8574.74,0.16065300987225917,0.15813675057579712,0.15813675057579712,0.15813675057579712,0.15813675057579712,0.15813675057579712,0.15813675057579712,0.15813675057579712
2019-07-03,8574.74,0.16065300987225917,0.16065300987225917,0.15813675057579712,0.15813675057579712,0.15813675057579712,0.15813675057579712,0.15813675057579712,0.15813675057579712
2019-07-04,8574.74,0.16065300987225917,0.16065300987225917,0.16065300987225917,0.15813675057579712,0.15813675057579712,0.15813675057579712,0.15813675057579712,0.15813675057579712
2019-07-05,8574.74,0.16065300987225917,0.16065300987225917,0.16065300987225917,0.16065300987225917,0.15813675057579712,0.15813675057579712,0.15813675057579712,0.15813675057579712
2019-07-06,8574.74,0.16065300987225917,0.16065300987225917,0.16065300987225917,0.16065300987225917,0.16065300987225917,0.15813675057579712,0.15813675057579712,0.15813675057579712
2019-07-07,8574.74,0.16065300987225917,0.16065300987225917,0.16065300987225917,0.16065300987225917,0.16065300987225917,0.16065300987225917,0.15813675057579712,0.15813675057579712
2019-07-08,8574.74,0.16065300987225917,0.16065300987225917,0.16065300987225917,0.16065300987225917,0.16065300987225917,0.16065300987225917,0.16065300987225917,0.15813675057579712
2019-07-09,8578.36,0.16138759524751678,0.16065300987225917,0.16065300987225917,0.16065300987225917,0.16065300987225917,0.16065300987225917,0.16065300987225917,0.16065300987225917
2019-07-10,8578.36,0.16138759524751678,0.16138759524751678,0.16065300987225917,0.16065300987225917,0.16065300987225917,0.16065300987225917,0.16065300987225917,0.16065300987225917
2019-07-11,8578.36,0.16138759524751678,0.16138759524751678,0.16138759524751678,0.16065300987225917,0.16065300987225917,0.16065300987225917,0.16065300987225917,0.16065300987225917
2019-07-12,8578.36,0.16138759524751678,0.16138759524751678,0.16138759524751678,0.16138759524751678,0.16065300987225917,0.16065300987225917,0.16065300987225917,0.16065300987225917
2019-07-13,8578.36,0.16138759524751678,0.16138759524751678,0.16138759524751678,0.16138759524751678,0.16138759524751678,0.16065300987225917,0.16065300987225917,0.16065300987225917
2019-07-14,8578.36,0.16138759524751678,0.16138759524751678,0.16138759524751678,0.16138759524751678,0.16138759524751678,0.16138759524751678,0.16065300987225917,0.16065300987225917
2019-07-15,8578.36,0.16138759524751678,0.16138759524751678,0.16138759524751678,0.16138759524751678,0.16138759524751678,0.16138759524751678,0.16138759524751678,0.16065300987225917
2019-07-16,8584.5,0.16263354944753905,0.16138759524751678,0.16138759524751678,0.16138759524751678,0.16138759524751678,0.16138759524751678,0.16138759524751678,0.16138759524751678
2019-07-17,8584.5,0.16263354944753905,0.16263354944753905,0.16138759524751678,0.16138759524751678,0.16138759524751678,0.16138759524751678,0.16138759524751678,0.16138759524751678
2019-07-18,8584.5,0.16263354944753905,0.16263354944753905,0.16263354944753905,0.16138759524751678,0.16138759524751678,0.16138759524751678,0.16138759524751678,0.16138759524751678
2019-07-19,8584.5,0.16263354944753905,0.16263354944753905,0.16263354944753905,0.16263354944753905,0.16138759524751678,0.16138759524751678,0.16138759524751678,0.16138759524751678
2019-07-20,8584.5,0.16263354944753905,0.16263354944753905,0.16263354944753905,0.16263354944753905,0.16263354944753905,0.16138759524751678,0.16138759524751678,0.16138759524751678
2019-07-21,8584.5,0.16263354944753905,0.16263354944753905,0.16263354944753905,0.16263354944753905,0.16263354944753905,0.16263354944753905,0.16138759524751678,0.16138759524751678
2019-07-22,8584.5,0.16263354944753905,0.16263354944753905,0.16263354944753905,0.16263354944753905,0.16263354944753905,0.16263354944753905,0.16263354944753905,0.16138759524751678
2019-07-23,8624.51,0.17075254416136532,0.16263354944753905,0.16263354944753905,0.16263354944753905,0.16263354944753905,0.16263354944753905,0.16263354944753905,0.16263354944753905
2019-07-24,8624.51,0.17075254416136532,0.17075254416136532,0.16263354944753905,0.16263354944753905,0.16263354944753905,0.16263354944753905,0.16263354944753905,0.16263354944753905
2019-07-25,8624.51,0.17075254416136532,0.17075254416136532,0.17075254416136532,0.16263354944753905,0.16263354944753905,0.16263354944753905,0.16263354944753905,0.16263354944753905
2019-07-26,8624.51,0.17075254416136532,0.17075254416136532,0.17075254416136532,0.17075254416136532,0.16263354944753905,0.16263354944753905,0.16263354944753905,0.16263354944753905
2019-07-27,8624.51,0.17075254416136532,0.17075254416136532,0.17075254416136532,0.17075254416136532,0.17075254416136532,0.16263354944753905,0.16263354944753905,0.16263354944753905
2019-07-28,8624.51,0.17075254416136532,0.17075254416136532,0.17075254416136532,0.17075254416136532,0.17075254416136532,0.17075254416136532,0.16263354944753905,0.16263354944753905
2019-07-29,8624.51,0.17075254416136532,0.17075254416136532,0.17075254416136532,0.17075254416136532,0.17075254416136532,0.17075254416136532,0.17075254416136532,0.16263354944753905
2019-07-30,8666.71,0.17931594273480833,0.17075254416136532,0.17075254416136532,0.17075254416136532,0.17075254416136532,0.17075254416136532,0.17075254416136532,0.17075254416136532
2019-07-31,8666.71,0.17931594273480833,0.17931594273480833,0.17075254416136532,0.17075254416136532,0.17075254416136532,0.17075254416136532,0.17075254416136532,0.17075254416136532
2019-08-01,8666.71,0.17931594273480833,0.17931594273480833,0.17931594273480833,0.17075254416136532,0.17075254416136532,0.17075254416136532,0.17075254416136532,0.17075254416136532
2019-08-02,8666.71,0.17931594273480833,0.17931594273480833,0.17931594273480833,0.17931594273480833,0.17075254416136532,0.17075254416136532,0.17075254416136532,0.17075254416136532
2019-08-03,8666.71,0.17931594273480833,0.17931594273480833,0.17931594273480833,0.17931594273480833,0.17931594273480833,0.17075254416136532,0.17075254416136532,0.17075254416136532
2019-08-04,8666.71,0.17931594273480833,0.17931594273480833,0.17931594273480833,0.17931594273480833,0.17931594273480833,0.17931594273480833,0.17075254416136532,0.17075254416136532
2019-08-05,8666.71,0.17931594273480833,0.17931594273480833,0.17931594273480833,0.17931594273480833,0.17931594273480833,0.17931594273480833,0.17931594273480833,0.17075254416136532
2019-08-06,8704.87,0.1870595277955338,0.17931594273480833,0.17931594273480833,0.17931594273480833,0.17931594273480833,0.17931594273480833,0.17931594273480833,0.17931594273480833
2019-08-07,8704.87,0.1870595277955338,0.1870595277955338,0.17931594273480833,0.17931594273480833,0.17931594273480833,0.17931594273480833,0.17931594273480833,0.17931594273480833
2019-08-08,8704.87,0.1870595277955338,0.1870595277955338,0.1870595277955338,0.17931594273480833,0.17931594273480833,0.17931594273480833,0.17931594273480833,0.17931594273480833
2019-08-09,8704.87,0.1870595277955338,0.1870595277955338,0.1870595277955338,0.1870595277955338,0.17931594273480833,0.17931594273480833,0.17931594273480833,0.17931594273480833
2019-08-10,8882.0,0.22300348014894622,0.1870595277955338,0.1870595277955338,0.1870595277955338,0.1870595277955338,0.17931594273480833,0.17931594273480833,0.17931594273480833
2019-08-11,8882.0,0.22300348014894622,0.22300348014894622,0.1870595277955338,0.1870595277955338,0.1870595277955338,0.1870595277955338,0.17931594273480833,0.17931594273480833
2019-08-12,8882.0,0.22300348014894622,0.22300348014894622,0.22300348014894622,0.1870595277955338,0.1870595277955338,0.1870595277955338,0.1870595277955338,0.17931594273480833
2019-08-13,8882.0,0.22300348014894622,0.22300348014894622,0.22300348014894622,0.22300348014894622,0.1870595277955338,0.1870595277955338,0.1870595277955338,0.1870595277955338
2019-08-14,8882.0,0.22300348014894622,0.22300348014894622,0.22300348014894622,0.22300348014894622,0.22300348014894622,0.1870595277955338,0.1870595277955338,0.1870595277955338
2019-08-15,8882.0,0.22300348014894622,0.22300348014894622,0.22300348014894622,0.22300348014894622,0.22300348014894622,0.22300348014894622,0.1870595277955338,0.1870595277955338
2019-08-16,9061.0,0.2593269006381964,0.22300348014894622,0.22300348014894622,0.22300348014894622,0.22300348014894622,0.22300348014894622,0.22300348014894622,0.1870595277955338
2019-08-17,9061.0,0.2593269006381964,0.2593269006381964,0.22300348014894622,0.22300348014894622,0.22300348014894622,0.22300348014894622,0.22300348014894622,0.22300348014894622
2019-08-18,9061.0,0.2593269006381964,0.2593269006381964,0.2593269006381964,0.22300348014894622,0.22300348014894622,0.22300348014894622,0.22300348014894622,0.22300348014894622
2019-08-19,9061.0,0.2593269006381964,0.2593269006381964,0.2593269006381964,0.2593269006381964,0.22300348014894622,0.22300348014894622,0.22300348014894622,0.22300348014894622
2019-08-20,9061.0,0.2593269006381964,0.2593269006381964,0.2593269006381964,0.2593269006381964,0.2593269006381964,0.22300348014894622,0.22300348014894622,0.22300348014894622
2019-08-21,9384.0,0.3248713968282957,0.2593269006381964,0.2593269006381964,0.2593269006381964,0.2593269006381964,0.2593269006381964,0.22300348014894622,0.22300348014894622
2019-08-22,9384.0,0.3248713968282957,0.3248713968282957,0.2593269006381964,0.2593269006381964,0.2593269006381964,0.2593269006381964,0.2593269006381964,0.22300348014894622
2019-08-23,9384.0,0.3248713968282957,0.3248713968282957,0.3248713968282957,0.2593269006381964,0.2593269006381964,0.2593269006381964,0.2593269006381964,0.2593269006381964
2019-08-24,9384.0,0.3248713968282957,0.3248713968282957,0.3248713968282957,0.3248713968282957,0.2593269006381964,0.2593269006381964,0.2593269006381964,0.2593269006381964
2019-08-25,9384.0,0.3248713968282957,0.3248713968282957,0.3248713968282957,0.3248713968282957,0.3248713968282957,0.2593269006381964,0.2593269006381964,0.2593269006381964
2019-08-26,9384.0,0.3248713968282957,0.3248713968282957,0.3248713968282957,0.3248713968282957,0.3248713968282957,0.3248713968282957,0.2593269006381964,0.2593269006381964
2019-08-27,9373.93,0.32282795077060444,0.3248713968282957,0.3248713968282957,0.3248713968282957,0.3248713968282957,0.3248713968282957,0.3248713968282957,0.2593269006381964
2019-08-28,9373.93,0.32282795077060444,0.32282795077060444,0.3248713968282957,0.3248713968282957,0.3248713968282957,0.3248713968282957,0.3248713968282957,0.3248713968282957
2019-08-29,9373.93,0.32282795077060444,0.32282795077060444,0.32282795077060444,0.3248713968282957,0.3248713968282957,0.3248713968282957,0.3248713968282957,0.3248713968282957
2019-08-30,9373.93,0.32282795077060444,0.32282795077060444,0.32282795077060444,0.32282795077060444,0.3248713968282957,0.3248713968282957,0.3248713968282957,0.3248713968282957
2019-08-31,9373.93,0.32282795077060444,0.32282795077060444,0.32282795077060444,0.32282795077060444,0.32282795077060444,0.3248713968282957,0.3248713968282957,0.3248713968282957
2019-09-01,9373.93,0.32282795077060444,0.32282795077060444,0.32282795077060444,0.32282795077060444,0.32282795077060444,0.32282795077060444,0.3248713968282957,0.3248713968282957
2019-09-02,9373.93,0.32282795077060444,0.32282795077060444,0.32282795077060444,0.32282795077060444,0.32282795077060444,0.32282795077060444,0.32282795077060444,0.3248713968282957
2019-09-03,9373.93,0.32282795077060444,0.32282795077060444,0.32282795077060444,0.32282795077060444,0.32282795077060444,0.32282795077060444,0.32282795077060444,0.32282795077060444
2019-09-04,9373.93,0.32282795077060444,0.32282795077060444,0.32282795077060444,0.32282795077060444,0.32282795077060444,0.32282795077060444,0.32282795077060444,0.32282795077060444
2019-09-05,9384.57,0.32498706358627816,0.32282795077060444,0.32282795077060444,0.32282795077060444,0.32282795077060444,0.32282795077060444,0.32282795077060444,0.32282795077060444
2019-09-06,9384.57,0.32498706358627816,0.32498706358627816,0.32282795077060444,0.32282795077060444,0.32282795077060444,0.32282795077060444,0.32282795077060444,0.32282795077060444
2019-09-07,9384.57,0.32498706358627816,0.32498706358627816,0.32498706358627816,0.32282795077060444,0.32282795077060444,0.32282795077060444,0.32282795077060444,0.32282795077060444
2019-09-08,9384.57,0.32498706358627816,0.32498706358627816,0.32498706358627816,0.32498706358627816,0.32282795077060444,0.32282795077060444,0.32282795077060444,0.32282795077060444
2019-09-09,9384.57,0.32498706358627816,0.32498706358627816,0.32498706358627816,0.32498706358627816,0.32498706358627816,0.32282795077060444,0.32282795077060444,0.32282795077060444
2019-09-10,9395.63,0.3272314045394127,0.32498706358627816,0.32498706358627816,0.32498706358627816,0.32498706358627816,0.32498706358627816,0.32282795077060444,0.32282795077060444
2019-09-11,9395.63,0.3272314045394127,0.3272314045394127,0.32498706358627816,0.32498706358627816,0.32498706358627816,0.32498706358627816,0.32498706358627816,0.32282795077060444
2019-09-12,9395.63,0.3272314045394127,0.3272314045394127,0.3272314045394127,0.32498706358627816,0.32498706358627816,0.32498706358627816,0.32498706358627816,0.32498706358627816
2019-09-13,9395.63,0.3272314045394127,0.3272314045394127,0.3272314045394127,0.3272314045394127,0.32498706358627816,0.32498706358627816,0.32498706358627816,0.32498706358627816
2019-09-14,9395.63,0.3272314045394127,0.3272314045394127,0.3272314045394127,0.3272314045394127,0.3272314045394127,0.32498706358627816,0.32498706358627816,0.32498706358627816
2019-09-15,9395.63,0.3272314045394127,0.3272314045394127,0.3272314045394127,0.3272314045394127,0.3272314045394127,0.3272314045394127,0.32498706358627816,0.32498706358627816
2019-09-16,9395.63,0.3272314045394127,0.3272314045394127,0.3272314045394127,0.3272314045394127,0.3272314045394127,0.3272314045394127,0.3272314045394127,0.32498706358627816
2019-09-17,9411.3,0.3304112257632481,0.3272314045394127,0.3272314045394127,0.3272314045394127,0.3272314045394127,0.3272314045394127,0.3272314045394127,0.3272314045394127
2019-09-18,9411.3,0.3304112257632481,0.3304112257632481,0.3272314045394127,0.3272314045394127,0.3272314045394127,0.3272314045394127,0.3272314045394127,0.3272314045394127
2019-09-19,9411.3,0.3304112257632481,0.3304112257632481,0.3304112257632481,0.3272314045394127,0.3272314045394127,0.3272314045394127,0.3272314045394127,0.3272314045394127
2019-09-20,9411.3,0.3304112257632481,0.3304112257632481,0.3304112257632481,0.3304112257632481,0.3272314045394127,0.3272314045394127,0.3272314045394127,0.3272314045394127
2019-09-21,9411.3,0.3304112257632481,0.3304112257632481,0.3304112257632481,0.3304112257632481,0.3304112257632481,0.3272314045394127,0.3272314045394127,0.3272314045394127
2019-09-22,9411.3,0.3304112257632481,0.3304112257632481,0.3304112257632481,0.3304112257632481,0.3304112257632481,0.3304112257632481,0.3272314045394127,0.3272314045394127
2019-09-23,9411.3,0.3304112257632481,0.3304112257632481,0.3304112257632481,0.3304112257632481,0.3304112257632481,0.3304112257632481,0.3304112257632481,0.3272314045394127
2019-09-24,9424.54,0.3330979413346322,0.3304112257632481,0.3304112257632481,0.3304112257632481,0.3304112257632481,0.3304112257632481,0.3304112257632481,0.3304112257632481
2019-09-25,9424.54,0.3330979413346322,0.3330979413346322,0.3304112257632481,0.3304112257632481,0.3304112257632481,0.3304112257632481,0.3304112257632481,0.3304112257632481
2019-09-26,9424.54,0.3330979413346322,0.3330979413346322,0.3330979413346322,0.3304112257632481,0.3304112257632481,0.3304112257632481,0.3304112257632481,0.3304112257632481
2019-09-27,9424.54,0.3330979413346322,0.3330979413346322,0.3330979413346322,0.3330979413346322,0.3304112257632481,0.3304112257632481,0.3304112257632481,0.3304112257632481
2019-09-28,9424.54,0.3330979413346322,0.3330979413346322,0.3330979413346322,0.3330979413346322,0.3330979413346322,0.3304112257632481,0.3304112257632481,0.3304112257632481
2019-09-29,9424.54,0.3330979413346322,0.3330979413346322,0.3330979413346322,0.3330979413346322,0.3330979413346322,0.3330979413346322,0.3304112257632481,0.3304112257632481
2019-09-30,9424.54,0.3330979413346322,0.3330979413346322,0.3330979413346322,0.3330979413346322,0.3330979413346322,0.3330979413346322,0.3330979413346322,0.3304112257632481
2019-10-01,9446.65,0.3375845939995332,0.3330979413346322,0.3330979413346322,0.3330979413346322,0.3330979413346322,0.3330979413346322,0.3330979413346322,0.3330979413346322
2019-10-02,9446.65,0.3375845939995332,0.3375845939995332,0.3330979413346322,0.3330979413346322,0.3330979413346322,0.3330979413346322,0.3330979413346322,0.3330979413346322
2019-10-03,9446.65,0.3375845939995332,0.3375845939995332,0.3375845939995332,0.3330979413346322,0.3330979413346322,0.3330979413346322,0.3330979413346322,0.3330979413346322
2019-10-04,9446.65,0.3375845939995332,0.3375845939995332,0.3375845939995332,0.3375845939995332,0.3330979413346322,0.3330979413346322,0.3330979413346322,0.3330979413346322
2019-10-05,9446.65,0.3375845939995332,0.3375845939995332,0.3375845939995332,0.3375845939995332,0.3375845939995332,0.3330979413346322,0.3330979413346322,0.3330979413346322
2019-10-06,9446.65,0.3375845939995332,0.3375845939995332,0.3375845939995332,0.3375845939995332,0.3375845939995332,0.3375845939995332,0.3330979413346322,0.3330979413346322
2019-10-07,9446.65,0.3375845939995332,0.3375845939995332,0.3375845939995332,0.3375845939995332,0.3375845939995332,0.3375845939995332,0.3375845939995332,0.3330979413346322
2019-10-08,9433.34,0.33488367373857275,0.3375845939995332,0.3375845939995332,0.3375845939995332,0.3375845939995332,0.3375845939995332,0.3375845939995332,0.3375845939995332
2019-10-09,9433.34,0.33488367373857275,0.33488367373857275,0.3375845939995332,0.3375845939995332,0.3375845939995332,0.3375845939995332,0.3375845939995332,0.3375845939995332
2019-10-10,9433.34,0.33488367373857275,0.33488367373857275,0.33488367373857275,0.3375845939995332,0.3375845939995332,0.3375845939995332,0.3375845939995332,0.3375845939995332
2019-10-11,9433.34,0.33488367373857275,0.33488367373857275,0.33488367373857275,0.33488367373857275,0.3375845939995332,0.3375845939995332,0.3375845939995332,0.3375845939995332
2019-10-12,9433.34,0.33488367373857275,0.33488367373857275,0.33488367373857275,0.33488367373857275,0.33488367373857275,0.3375845939995332,0.3375845939995332,0.3375845939995332
2019-10-13,9433.34,0.33488367373857275,0.33488367373857275,0.33488367373857275,0.33488367373857275,0.33488367373857275,0.33488367373857275,0.3375845939995332,0.3375845939995332
2019-10-14,9433.34,0.33488367373857275,0.33488367373857275,0.33488367373857275,0.33488367373857275,0.33488367373857275,0.33488367373857275,0.33488367373857275,0.3375845939995332
2019-10-15,9455.24,0.33932771233474357,0.33488367373857275,0.33488367373857275,0.33488367373857275,0.33488367373857275,0.33488367373857275,0.33488367373857275,0.33488367373857275
2019-10-16,9455.24,0.33932771233474357,0.33932771233474357,0.33488367373857275,0.33488367373857275,0.33488367373857275,0.33488367373857275,0.33488367373857275,0.33488367373857275
2019-10-17,9455.24,0.33932771233474357,0.33932771233474357,0.33932771233474357,0.33488367373857275,0.33488367373857275,0.33488367373857275,0.33488367373857275,0.33488367373857275
2019-10-18,9455.24,0.33932771233474357,0.33932771233474357,0.33932771233474357,0.33932771233474357,0.33488367373857275,0.33488367373857275,0.33488367373857275,0.33488367373857275
2019-10-19,9455.24,0.33932771233474357,0.33932771233474357,0.33932771233474357,0.33932771233474357,0.33932771233474357,0.33488367373857275,0.33488367373857275,0.33488367373857275
2019-10-20,9455.24,0.33932771233474357,0.33932771233474357,0.33932771233474357,0.33932771233474357,0.33932771233474357,0.33932771233474357,0.33488367373857275,0.33488367373857275
2019-10-21,9455.24,0.33932771233474357,0.33932771233474357,0.33932771233474357,0.33932771233474357,0.33932771233474357,0.33932771233474357,0.33932771233474357,0.33488367373857275
2019-10-22,9448.53,0.33796609137673883,0.33932771233474357,0.33932771233474357,0.33932771233474357,0.33932771233474357,0.33932771233474357,0.33932771233474357,0.33932771233474357
2019-10-23,9448.53,0.33796609137673883,0.33796609137673883,0.33932771233474357,0.33932771233474357,0.33932771233474357,0.33932771233474357,0.33932771233474357,0.33932771233474357
2019-10-24,9448.53,0.33796609137673883,0.33796609137673883,0.33796609137673883,0.33932771233474357,0.33932771233474357,0.33932771233474357,0.33932771233474357,0.33932771233474357
2019-10-25,9448.53,0.33796609137673883,0.33796609137673883,0.33796609137673883,0.33796609137673883,0.33932771233474357,0.33932771233474357,0.33932771233474357,0.33932771233474357
2019-10-26,9448.53,0.33796609137673883,0.33796609137673883,0.33796609137673883,0.33796609137673883,0.33796609137673883,0.33932771233474357,0.33932771233474357,0.33932771233474357
2019-10-27,9448.53,0.33796609137673883,0.33796609137673883,0.33796609137673883,0.33796609137673883,0.33796609137673883,0.33796609137673883,0.33932771233474357,0.33932771233474357
2019-10-28,9448.53,0.33796609137673883,0.33796609137673883,0.33796609137673883,0.33796609137673883,0.33796609137673883,0.33796609137673883,0.33796609137673883,0.33932771233474357
2019-10-29,9463.37,0.3409774855670209,0.33796609137673883,0.33796609137673883,0.33796609137673883,0.33796609137673883,0.33796609137673883,0.33796609137673883,0.33796609137673883
2019-10-30,9463.37,0.3409774855670209,0.3409774855670209,0.33796609137673883,0.33796609137673883,0.33796609137673883,0.33796609137673883,0.33796609137673883,0.33796609137673883
2019-10-31,9463.37,0.3409774855670209,0.3409774855670209,0.3409774855670209,0.33796609137673883,0.33796609137673883,0.33796609137673883,0.33796609137673883,0.33796609137673883
2019-11-01,9463.37,0.3409774855670209,0.3409774855670209,0.3409774855670209,0.3409774855670209,0.33796609137673883,0.33796609137673883,0.33796609137673883,0.33796609137673883
2019-11-02,9463.37,0.3409774855670209,0.3409774855670209,0.3409774855670209,0.3409774855670209,0.3409774855670209,0.33796609137673883,0.33796609137673883,0.33796609137673883
2019-11-03,9463.37,0.3409774855670209,0.3409774855670209,0.3409774855670209,0.3409774855670209,0.3409774855670209,0.3409774855670209,0.33796609137673883,0.33796609137673883
2019-11-04,9463.37,0.3409774855670209,0.3409774855670209,0.3409774855670209,0.3409774855670209,0.3409774855670209,0.3409774855670209,0.3409774855670209,0.33796609137673883
2019-11-05,9467.27,0.3417688897005855,0.3409774855670209,0.3409774855670209,0.3409774855670209,0.3409774855670209,0.3409774855670209,0.3409774855670209,0.3409774855670209
2019-11-06,9467.27,0.3417688897005855,0.3417688897005855,0.3409774855670209,0.3409774855670209,0.3409774855670209,0.3409774855670209,0.3409774855670209,0.3409774855670209
2019-11-07,9467.27,0.3417688897005855,0.3417688897005855,0.3417688897005855,0.3409774855670209,0.3409774855670209,0.3409774855670209,0.3409774855670209,0.3409774855670209
2019-11-08,9467.27,0.3417688897005855,0.3417688897005855,0.3417688897005855,0.3417688897005855,0.3409774855670209,0.3409774855670209,0.3409774855670209,0.3409774855670209
2019-11-09,9467.27,0.3417688897005855,0.3417688897005855,0.3417688897005855,0.3417688897005855,0.3417688897005855,0.3409774855670209,0.3409774855670209,0.3409774855670209
2019-11-10,9467.27,0.3417688897005855,0.3417688897005855,0.3417688897005855,0.3417688897005855,0.3417688897005855,0.3417688897005855,0.3409774855670209,0.3409774855670209
2019-11-11,9467.27,0.3417688897005855,0.3417688897005855,0.3417688897005855,0.3417688897005855,0.3417688897005855,0.3417688897005855,0.3417688897005855,0.3409774855670209
2019-11-12,9490.77,0.3465376069156547,0.3417688897005855,0.3417688897005855,0.3417688897005855,0.3417688897005855,0.3417688897005855,0.3417688897005855,0.3417688897005855
2019-11-13,9490.77,0.3465376069156547,0.3465376069156547,0.3417688897005855,0.3417688897005855,0.3417688897005855,0.3417688897005855,0.3417688897005855,0.3417688897005855
2019-11-14,9490.77,0.3465376069156547,0.3465376069156547,0.3465376069156547,0.3417688897005855,0.3417688897005855,0.3417688897005855,0.3417688897005855,0.3417688897005855
2019-11-15,9490.77,0.3465376069156547,0.3465376069156547,0.3465376069156547,0.3465376069156547,0.3417688897005855,0.3417688897005855,0.3417688897005855,0.3417688897005855
2019-11-16,9490.77,0.3465376069156547,0.3465376069156547,0.3465376069156547,0.3465376069156547,0.3465376069156547,0.3417688897005855,0.3417688897005855,0.3417688897005855
2019-11-17,9490.77,0.3465376069156547,0.3465376069156547,0.3465376069156547,0.3465376069156547,0.3465376069156547,0.3465376069156547,0.3417688897005855,0.3417688897005855
2019-11-18,9490.77,0.3465376069156547,0.3465376069156547,0.3465376069156547,0.3465376069156547,0.3465376069156547,0.3465376069156547,0.3465376069156547,0.3417688897005855
2019-11-19,9500.96,0.348605403869763,0.3465376069156547,0.3465376069156547,0.3465376069156547,0.3465376069156547,0.3465376069156547,0.3465376069156547,0.3465376069156547
2019-11-20,9500.96,0.348605403869763,0.348605403869763,0.3465376069156547,0.3465376069156547,0.3465376069156547,0.3465376069156547,0.3465376069156547,0.3465376069156547
2019-11-21,9500.96,0.348605403869763,0.348605403869763,0.348605403869763,0.3465376069156547,0.3465376069156547,0.3465376069156547,0.3465376069156547,0.3465376069156547
2019-11-22,9500.96,0.348605403869763,0.348605403869763,0.348605403869763,0.348605403869763,0.3465376069156547,0.3465376069156547,0.3465376069156547,0.3465376069156547
2019-11-23,9500.96,0.348605403869763,0.348605403869763,0.348605403869763,0.348605403869763,0.348605403869763,0.3465376069156547,0.3465376069156547,0.3465376069156547
2019-11-24,9500.96,0.348605403869763,0.348605403869763,0.348605403869763,0.348605403869763,0.348605403869763,0.348605403869763,0.3465376069156547,0.3465376069156547
2019-11-25,9500.96,0.348605403869763,0.348605403869763,0.348605403869763,0.348605403869763,0.348605403869763,0.348605403869763,0.348605403869763,0.3465376069156547
2019-11-26,9494.68,0.34733104029058737,0.348605403869763,0.348605403869763,0.348605403869763,0.348605403869763,0.348605403869763,0.348605403869763,0.348605403869763
2019-11-27,9494.68,0.34733104029058737,0.34733104029058737,0.348605403869763,0.348605403869763,0.348605403869763,0.348605403869763,0.348605403869763,0.348605403869763
2019-11-28,9494.68,0.34733104029058737,0.34733104029058737,0.34733104029058737,0.348605403869763,0.348605403869763,0.348605403869763,0.348605403869763,0.348605403869763
2019-11-29,9494.68,0.34733104029058737,0.34733104029058737,0.34733104029058737,0.34733104029058737,0.348605403869763,0.348605403869763,0.348605403869763,0.348605403869763
2019-11-30,9494.68,0.34733104029058737,0.34733104029058737,0.34733104029058737,0.34733104029058737,0.34733104029058737,0.348605403869763,0.348605403869763,0.348605403869763
2019-12-01,9494.68,0.34733104029058737,0.34733104029058737,0.34733104029058737,0.34733104029058737,0.34733104029058737,0.34733104029058737,0.348605403869763,0.348605403869763
2019-12-02,9494.68,0.34733104029058737,0.34733104029058737,0.34733104029058737,0.34733104029058737,0.34733104029058737,0.34733104029058737,0.34733104029058737,0.348605403869763
2019-12-03,9510.99,0.35064073296198206,0.34733104029058737,0.34733104029058737,0.34733104029058737,0.34733104029058737,0.34733104029058737,0.34733104029058737,0.34733104029058737
2019-12-04,9510.99,0.35064073296198206,0.35064073296198206,0.34733104029058737,0.34733104029058737,0.34733104029058737,0.34733104029058737,0.34733104029058737,0.34733104029058737
2019-12-05,9510.99,0.35064073296198206,0.35064073296198206,0.35064073296198206,0.34733104029058737,0.34733104029058737,0.34733104029058737,0.34733104029058737,0.34733104029058737
2019-12-06,9510.99,0.35064073296198206,0.35064073296198206,0.35064073296198206,0.35064073296198206,0.34733104029058737,0.34733104029058737,0.34733104029058737,0.34733104029058737
2019-12-07,9510.99,0.35064073296198206,0.35064073296198206,0.35064073296198206,0.35064073296198206,0.35064073296198206,0.34733104029058737,0.34733104029058737,0.34733104029058737
2019-12-08,9510.99,0.35064073296198206,0.35064073296198206,0.35064073296198206,0.35064073296198206,0.35064073296198206,0.35064073296198206,0.34733104029058737,0.34733104029058737
2019-12-09,9510.99,0.35064073296198206,0.35064073296198206,0.35064073296198206,0.35064073296198206,0.35064073296198206,0.35064073296198206,0.35064073296198206,0.34733104029058737
2019-12-10,9537.55,0.35603039803569425,0.35064073296198206,0.35064073296198206,0.35064073296198206,0.35064073296198206,0.35064073296198206,0.35064073296198206,0.35064073296198206
2019-12-11,9537.55,0.35603039803569425,0.35603039803569425,0.35064073296198206,0.35064073296198206,0.35064073296198206,0.35064073296198206,0.35064073296198206,0.35064073296198206
2019-12-12,9537.55,0.35603039803569425,0.35603039803569425,0.35603039803569425,0.35064073296198206,0.35064073296198206,0.35064073296198206,0.35064073296198206,0.35064073296198206
2019-12-13,9537.55,0.35603039803569425,0.35603039803569425,0.35603039803569425,0.35603039803569425,0.35064073296198206,0.35064073296198206,0.35064073296198206,0.35064073296198206
2019-12-14,9537.55,0.35603039803569425,0.35603039803569425,0.35603039803569425,0.35603039803569425,0.35603039803569425,0.35064073296198206,0.35064073296198206,0.35064073296198206
2019-12-15,9537.55,0.35603039803569425,0.35603039803569425,0.35603039803569425,0.35603039803569425,0.35603039803569425,0.35603039803569425,0.35064073296198206,0.35064073296198206
2019-12-16,9537.55,0.35603039803569425,0.35603039803569425,0.35603039803569425,0.35603039803569425,0.35603039803569425,0.35603039803569425,0.35603039803569425,0.35064073296198206
2019-12-17,9532.4,0.35498533873111526,0.35603039803569425,0.35603039803569425,0.35603039803569425,0.35603039803569425,0.35603039803569425,0.35603039803569425,0.35603039803569425
2019-12-18,9532.4,0.35498533873111526,0.35498533873111526,0.35603039803569425,0.35603039803569425,0.35603039803569425,0.35603039803569425,0.35603039803569425,0.35603039803569425
2019-12-19,9532.4,0.35498533873111526,0.35498533873111526,0.35498533873111526,0.35603039803569425,0.35603039803569425,0.35603039803569425,0.35603039803569425,0.35603039803569425
2019-12-20,9532.4,0.35498533873111526,0.35498533873111526,0.35498533873111526,0.35498533873111526,0.35603039803569425,0.35603039803569425,0.35603039803569425,0.35603039803569425
2019-12-21,9532.4,0.35498533873111526,0.35498533873111526,0.35498533873111526,0.35498533873111526,0.35498533873111526,0.35603039803569425,0.35603039803569425,0.35603039803569425
2019-12-22,9532.4,0.35498533873111526,0.35498533873111526,0.35498533873111526,0.35498533873111526,0.35498533873111526,0.35498533873111526,0.35603039803569425,0.35603039803569425
2019-12-23,9532.4,0.35498533873111526,0.35498533873111526,0.35498533873111526,0.35498533873111526,0.35498533873111526,0.35498533873111526,0.35498533873111526,0.35603039803569425
2019-12-24,9516.37,0.3517324648180278,0.35498533873111526,0.35498533873111526,0.35498533873111526,0.35498533873111526,0.35498533873111526,0.35498533873111526,0.35498533873111526
2019-12-25,9516.37,0.3517324648180278,0.3517324648180278,0.35498533873111526,0.35498533873111526,0.35498533873111526,0.35498533873111526,0.35498533873111526,0.35498533873111526
2019-12-26,9516.37,0.3517324648180278,0.3517324648180278,0.3517324648180278,0.35498533873111526,0.35498533873111526,0.35498533873111526,0.35498533873111526,0.35498533873111526
2019-12-27,9516.37,0.3517324648180278,0.3517324648180278,0.3517324648180278,0.3517324648180278,0.35498533873111526,0.35498533873111526,0.35498533873111526,0.35498533873111526
2019-12-28,9516.37,0.3517324648180278,0.3517324648180278,0.3517324648180278,0.3517324648180278,0.3517324648180278,0.35498533873111526,0.35498533873111526,0.35498533873111526
2019-12-29,9516.37,0.3517324648180278,0.3517324648180278,0.3517324648180278,0.3517324648180278,0.3517324648180278,0.3517324648180278,0.35498533873111526,0.35498533873111526
2019-12-30,9516.37,0.3517324648180278,0.3517324648180278,0.3517324648180278,0.3517324648180278,0.3517324648180278,0.3517324648180278,0.3517324648180278,0.35498533873111526
2019-12-31,9507.56,0.34994470317271875,0.3517324648180278,0.3517324648180278,0.3517324648180278,0.3517324648180278,0.3517324648180278,0.3517324648180278,0.3517324648180278
2020-01-01,9507.56,0.34994470317271875,0.34994470317271875,0.3517324648180278,0.3517324648180278,0.3517324648180278,0.3517324648180278,0.3517324648180278,0.3517324648180278
2020-01-02,9507.56,0.34994470317271875,0.34994470317271875,0.34994470317271875,0.3517324648180278,0.3517324648180278,0.3517324648180278,0.3517324648180278,0.3517324648180278
2020-01-03,9507.56,0.34994470317271875,0.34994470317271875,0.34994470317271875,0.34994470317271875,0.3517324648180278,0.3517324648180278,0.3517324648180278,0.3517324648180278
2020-01-04,9507.56,0.34994470317271875,0.34994470317271875,0.34994470317271875,0.34994470317271875,0.34994470317271875,0.3517324648180278,0.3517324648180278,0.3517324648180278
2020-01-05,9507.56,0.34994470317271875,0.34994470317271875,0.34994470317271875,0.34994470317271875,0.34994470317271875,0.34994470317271875,0.3517324648180278,0.3517324648180278
2020-01-06,9507.56,0.34994470317271875,0.34994470317271875,0.34994470317271875,0.34994470317271875,0.34994470317271875,0.34994470317271875,0.34994470317271875,0.3517324648180278
2020-01-07,9507.89,0.35001166813786644,0.34994470317271875,0.34994470317271875,0.34994470317271875,0.34994470317271875,0.34994470317271875,0.34994470317271875,0.34994470317271875
2020-01-08,9507.89,0.35001166813786644,0.35001166813786644,0.34994470317271875,0.34994470317271875,0.34994470317271875,0.34994470317271875,0.34994470317271875,0.34994470317271875
2020-01-09,9507.89,0.35001166813786644,0.35001166813786644,0.35001166813786644,0.34994470317271875,0.34994470317271875,0.34994470317271875,0.34994470317271875,0.34994470317271875
2020-01-10,9507.89,0.35001166813786644,0.35001166813786644,0.35001166813786644,0.35001166813786644,0.34994470317271875,0.34994470317271875,0.34994470317271875,0.34994470317271875
2020-01-11,9507.89,0.35001166813786644,0.35001166813786644,0.35001166813786644,0.35001166813786644,0.35001166813786644,0.34994470317271875,0.34994470317271875,0.34994470317271875
2020-01-12,9507.89,0.35001166813786644,0.35001166813786644,0.35001166813786644,0.35001166813786644,0.35001166813786644,0.35001166813786644,0.34994470317271875,0.34994470317271875
2020-01-13,9507.89,0.35001166813786644,0.35001166813786644,0.35001166813786644,0.35001166813786644,0.35001166813786644,0.35001166813786644,0.35001166813786644,0.34994470317271875
2020-01-14,9550.76,0.35871102588297354,0.35001166813786644,0.35001166813786644,0.35001166813786644,0.35001166813786644,0.35001166813786644,0.35001166813786644,0.35001166813786644
2020-01-15,9550.76,0.35871102588297354,0.35871102588297354,0.35001166813786644,0.35001166813786644,0.35001166813786644,0.35001166813786644,0.35001166813786644,0.35001166813786644
2020-01-16,9550.76,0.35871102588297354,0.35871102588297354,0.35871102588297354,0.35001166813786644,0.35001166813786644,0.35001166813786644,0.35001166813786644,0.35001166813786644
2020-01-17,9550.76,0.35871102588297354,0.35871102588297354,0.35871102588297354,0.35871102588297354,0.35001166813786644,0.35001166813786644,0.35001166813786644,0.35001166813786644
2020-01-18,9550.76,0.35871102588297354,0.35871102588297354,0.35871102588297354,0.35871102588297354,0.35871102588297354,0.35001166813786644,0.35001166813786644,0.35001166813786644
2020-01-19,9550.76,0.35871102588297354,0.35871102588297354,0.35871102588297354,0.35871102588297354,0.35871102588297354,0.35871102588297354,0.35001166813786644,0.35001166813786644
2020-01-20,9550.76,0.35871102588297354,0.35871102588297354,0.35871102588297354,0.35871102588297354,0.35871102588297354,0.35871102588297354,0.35871102588297354,0.35001166813786644
2020-01-21,9547.05,0.357958177335403,0.35871102588297354,0.35871102588297354,0.35871102588297354,0.35871102588297354,0.35871102588297354,0.35871102588297354,0.35871102588297354
2020-01-22,9547.05,0.357958177335403,0.357958177335403,0.35871102588297354,0.35871102588297354,0.35871102588297354,0.35871102588297354,0.35871102588297354,0.35871102588297354
2020-01-23,9547.05,0.357958177335403,0.357958177335403,0.357958177335403,0.35871102588297354,0.35871102588297354,0.35871102588297354,0.35871102588297354,0.35871102588297354
2020-01-24,9547.05,0.357958177335403,0.357958177335403,0.357958177335403,0.357958177335403,0.35871102588297354,0.35871102588297354,0.35871102588297354,0.35871102588297354
2020-01-25,9547.05,0.357958177335403,0.357958177335403,0.357958177335403,0.357958177335403,0.357958177335403,0.35871102588297354,0.35871102588297354,0.35871102588297354
2020-01-26,9547.05,0.357958177335403,0.357958177335403,0.357958177335403,0.357958177335403,0.357958177335403,0.357958177335403,0.35871102588297354,0.35871102588297354
2020-01-27,9547.05,0.357958177335403,0.357958177335403,0.357958177335403,0.357958177335403,0.357958177335403,0.357958177335403,0.357958177335403,0.35871102588297354
2020-01-28,9563.33,0.36126178228269357,0.357958177335403,0.357958177335403,0.357958177335403,0.357958177335403,0.357958177335403,0.357958177335403,0.357958177335403
2020-01-29,9563.33,0.36126178228269357,0.36126178228269357,0.357958177335403,0.357958177335403,0.357958177335403,0.357958177335403,0.357958177335403,0.357958177335403
2020-01-30,9563.33,0.36126178228269357,0.36126178228269357,0.36126178228269357,0.357958177335403,0.357958177335403,0.357958177335403,0.357958177335403,0.357958177335403
2020-01-31,9563.33,0.36126178228269357,0.36126178228269357,0.36126178228269357,0.36126178228269357,0.357958177335403,0.357958177335403,0.357958177335403,0.357958177335403
2020-02-01,9563.33,0.36126178228269357,0.36126178228269357,0.36126178228269357,0.36126178228269357,0.36126178228269357,0.357958177335403,0.357958177335403,0.357958177335403
2020-02-02,9563.33,0.36126178228269357,0.36126178228269357,0.36126178228269357,0.36126178228269357,0.36126178228269357,0.36126178228269357,0.357958177335403,0.357958177335403
2020-02-03,9563.33,0.36126178228269357,0.36126178228269357,0.36126178228269357,0.36126178228269357,0.36126178228269357,0.36126178228269357,0.36126178228269357,0.357958177335403
2020-02-04,9541.74,0.35688065016893433,0.36126178228269357,0.36126178228269357,0.36126178228269357,0.36126178228269357,0.36126178228269357,0.36126178228269357,0.36126178228269357
2020-02-05,9541.74,0.35688065016893433,0.35688065016893433,0.36126178228269357,0.36126178228269357,0.36126178228269357,0.36126178228269357,0.36126178228269357,0.36126178228269357
2020-02-06,9541.74,0.35688065016893433,0.35688065016893433,0.35688065016893433,0.36126178228269357,0.36126178228269357,0.36126178228269357,0.36126178228269357,0.36126178228269357
2020-02-07,9541.74,0.35688065016893433,0.35688065016893433,0.35688065016893433,0.35688065016893433,0.36126178228269357,0.36126178228269357,0.36126178228269357,0.36126178228269357
2020-02-08,9541.74,0.35688065016893433,0.35688065016893433,0.35688065016893433,0.35688065016893433,0.35688065016893433,0.36126178228269357,0.36126178228269357,0.36126178228269357
2020-02-09,9541.74,0.35688065016893433,0.35688065016893433,0.35688065016893433,0.35688065016893433,0.35688065016893433,0.35688065016893433,0.36126178228269357,0.36126178228269357
2020-02-10,9541.74,0.35688065016893433,0.35688065016893433,0.35688065016893433,0.35688065016893433,0.35688065016893433,0.35688065016893433,0.35688065016893433,0.36126178228269357
2020-02-11,9539.16,0.3563571058959607,0.35688065016893433,0.35688065016893433,0.35688065016893433,0.35688065016893433,0.35688065016893433,0.35688065016893433,0.35688065016893433
2020-02-12,9539.16,0.3563571058959607,0.3563571058959607,0.35688065016893433,0.35688065016893433,0.35688065016893433,0.35688065016893433,0.35688065016893433,0.35688065016893433
2020-02-13,9539.16,0.3563571058959607,0.3563571058959607,0.3563571058959607,0.35688065016893433,0.35688065016893433,0.35688065016893433,0.35688065016893433,0.35688065016893433
2020-02-14,9539.16,0.3563571058959607,0.3563571058959607,0.3563571058959607,0.3563571058959607,0.35688065016893433,0.35688065016893433,0.35688065016893433,0.35688065016893433
2020-02-15,9539.16,0.3563571058959607,0.3563571058959607,0.3563571058959607,0.3563571058959607,0.3563571058959607,0.35688065016893433,0.35688065016893433,0.35688065016893433
2020-02-16,9539.16,0.3563571058959607,0.3563571058959607,0.3563571058959607,0.3563571058959607,0.3563571058959607,0.3563571058959607,0.35688065016893433,0.35688065016893433
2020-02-17,9539.16,0.3563571058959607,0.3563571058959607,0.3563571058959607,0.3563571058959607,0.3563571058959607,0.3563571058959607,0.3563571058959607,0.35688065016893433
2020-02-18,9528.49,0.3541919053561824,0.3563571058959607,0.3563571058959607,0.3563571058959607,0.3563571058959607,0.3563571058959607,0.3563571058959607,0.3563571058959607
2020-02-19,9528.49,0.3541919053561824,0.3541919053561824,0.3563571058959607,0.3563571058959607,0.3563571058959607,0.3563571058959607,0.3563571058959607,0.3563571058959607
2020-02-20,9528.49,0.3541919053561824,0.3541919053561824,0.3541919053561824,0.3563571058959607,0.3563571058959607,0.3563571058959607,0.3563571058959607,0.3563571058959607
2020-02-21,9528.49,0.3541919053561824,0.3541919053561824,0.3541919053561824,0.3541919053561824,0.3563571058959607,0.3563571058959607,0.3563571058959607,0.3563571058959607
2020-02-22,9528.49,0.3541919053561824,0.3541919053561824,0.3541919053561824,0.3541919053561824,0.3541919053561824,0.3563571058959607,0.3563571058959607,0.3563571058959607
2020-02-23,9528.49,0.3541919053561824,0.3541919053561824,0.3541919053561824,0.3541919053561824,0.3541919053561824,0.3541919053561824,0.3563571058959607,0.3563571058959607
2020-02-24,9528.49,0.3541919053561824,0.3541919053561824,0.3541919053561824,0.3541919053561824,0.3541919053561824,0.3541919053561824,0.3541919053561824,0.3563571058959607
2020-02-25,9526.28,0.3537434430138293,0.3541919053561824,0.3541919053561824,0.3541919053561824,0.3541919053561824,0.3541919053561824,0.3541919053561824,0.3541919053561824
2020-02-26,9526.28,0.3537434430138293,0.3537434430138293,0.3541919053561824,0.3541919053561824,0.3541919053561824,0.3541919053561824,0.3541919053561824,0.3541919053561824
2020-02-27,9526.28,0.3537434430138293,0.3537434430138293,0.3537434430138293,0.3541919053561824,0.3541919053561824,0.3541919053561824,0.3541919053561824,0.3541919053561824
2020-02-28,9526.28,0.3537434430138293,0.3537434430138293,0.3537434430138293,0.3537434430138293,0.3541919053561824,0.3541919053561824,0.3541919053561824,0.3541919053561824
2020-02-29,9526.28,0.3537434430138293,0.3537434430138293,0.3537434430138293,0.3537434430138293,0.3537434430138293,0.3541919053561824,0.3541919053561824,0.3541919053561824
2020-03-01,9526.28,0.3537434430138293,0.3537434430138293,0.3537434430138293,0.3537434430138293,0.3537434430138293,0.3537434430138293,0.3541919053561824,0.3541919053561824
2020-03-02,9526.28,0.3537434430138293,0.3537434430138293,0.3537434430138293,0.3537434430138293,0.3537434430138293,0.3537434430138293,0.3537434430138293,0.3541919053561824
2020-03-03,9513.84,0.35121906675189485,0.3537434430138293,0.3537434430138293,0.3537434430138293,0.3537434430138293,0.3537434430138293,0.3537434430138293,0.3537434430138293
2020-03-04,9513.84,0.35121906675189485,0.35121906675189485,0.3537434430138293,0.3537434430138293,0.3537434430138293,0.3537434430138293,0.3537434430138293,0.3537434430138293
2020-03-05,9513.84,0.35121906675189485,0.35121906675189485,0.35121906675189485,0.3537434430138293,0.3537434430138293,0.3537434430138293,0.3537434430138293,0.3537434430138293
2020-03-06,9513.84,0.35121906675189485,0.35121906675189485,0.35121906675189485,0.35121906675189485,0.3537434430138293,0.3537434430138293,0.3537434430138293,0.3537434430138293
2020-03-07,9513.84,0.35121906675189485,0.35121906675189485,0.35121906675189485,0.35121906675189485,0.35121906675189485,0.3537434430138293,0.3537434430138293,0.3537434430138293
2020-03-08,9513.84,0.35121906675189485,0.35121906675189485,0.35121906675189485,0.35121906675189485,0.35121906675189485,0.35121906675189485,0.3537434430138293,0.3537434430138293
2020-03-09,9513.84,0.35121906675189485,0.35121906675189485,0.35121906675189485,0.35121906675189485,0.35121906675189485,0.35121906675189485,0.35121906675189485,0.3537434430138293
2020-03-10,9500.54,0.34852017573230265,0.35121906675189485,0.35121906675189485,0.35121906675189485,0.35121906675189485,0.35121906675189485,0.35121906675189485,0.35121906675189485
2020-03-11,9500.54,0.34852017573230265,0.34852017573230265,0.35121906675189485,0.35121906675189485,0.35121906675189485,0.35121906675189485,0.35121906675189485,0.35121906675189485
2020-03-12,9500.54,0.34852017573230265,0.34852017573230265,0.34852017573230265,0.35121906675189485,0.35121906675189485,0.35121906675189485,0.35121906675189485,0.35121906675189485
2020-03-13,9500.54,0.34852017573230265,0.34852017573230265,0.34852017573230265,0.34852017573230265,0.35121906675189485,0.35121906675189485,0.35121906675189485,0.35121906675189485
2020-03-14,9500.54,0.34852017573230265,0.34852017573230265,0.34852017573230265,0.34852017573230265,0.34852017573230265,0.35121906675189485,0.35121906675189485,0.35121906675189485
2020-03-15,9500.54,0.34852017573230265,0.34852017573230265,0.34852017573230265,0.34852017573230265,0.34852017573230265,0.34852017573230265,0.35121906675189485,0.35121906675189485
2020-03-16,9500.54,0.34852017573230265,0.34852017573230265,0.34852017573230265,0.34852017573230265,0.34852017573230265,0.34852017573230265,0.34852017573230265,0.35121906675189485
2020-03-17,9520.34,0.3525380736411692,0.34852017573230265,0.34852017573230265,0.34852017573230265,0.34852017573230265,0.34852017573230265,0.34852017573230265,0.34852017573230265
2020-03-18,9520.34,0.3525380736411692,0.3525380736411692,0.34852017573230265,0.34852017573230265,0.34852017573230265,0.34852017573230265,0.34852017573230265,0.34852017573230265
2020-03-19,9520.34,0.3525380736411692,0.3525380736411692,0.3525380736411692,0.34852017573230265,0.34852017573230265,0.34852017573230265,0.34852017573230265,0.34852017573230265
2020-03-20,9520.34,0.3525380736411692,0.3525380736411692,0.3525380736411692,0.3525380736411692,0.34852017573230265,0.34852017573230265,0.34852017573230265,0.34852017573230265
2020-03-21,9520.34,0.3525380736411692,0.3525380736411692,0.3525380736411692,0.3525380736411692,0.3525380736411692,0.34852017573230265,0.34852017573230265,0.34852017573230265
2020-03-22,9520.34,0.3525380736411692,0.3525380736411692,0.3525380736411692,0.3525380736411692,0.3525380736411692,0.3525380736411692,0.34852017573230265,0.34852017573230265
2020-03-23,9520.34,0.3525380736411692,0.3525380736411692,0.3525380736411692,0.3525380736411692,0.3525380736411692,0.3525380736411692,0.3525380736411692,0.34852017573230265
2020-03-24,9520.34,0.3525380736411692,0.3525380736411692,0.3525380736411692,0.3525380736411692,0.3525380736411692,0.3525380736411692,0.3525380736411692,0.3525380736411692
2020-03-25,9532.74,0.3550543329376312,0.3525380736411692,0.3525380736411692,0.3525380736411692,0.3525380736411692,0.3525380736411692,0.3525380736411692,0.3525380736411692
2020-03-26,9532.74,0.3550543329376312,0.3550543329376312,0.3525380736411692,0.3525380736411692,0.3525380736411692,0.3525380736411692,0.3525380736411692,0.3525380736411692
2020-03-27,9532.74,0.3550543329376312,0.3550543329376312,0.3550543329376312,0.3525380736411692,0.3525380736411692,0.3525380736411692,0.3525380736411692,0.3525380736411692
2020-03-28,9532.74,0.3550543329376312,0.3550543329376312,0.3550543329376312,0.3550543329376312,0.3525380736411692,0.3525380736411692,0.3525380736411692,0.3525380736411692
2020-03-29,9532.74,0.3550543329376312,0.3550543329376312,0.3550543329376312,0.3550543329376312,0.3550543329376312,0.3525380736411692,0.3525380736411692,0.3525380736411692
2020-03-30,9532.74,0.3550543329376312,0.3550543329376312,0.3550543329376312,0.3550543329376312,0.3550543329376312,0.3550543329376312,0.3525380736411692,0.3525380736411692
2020-03-31,9554.22,0.359413143396341,0.3550543329376312,0.3550543329376312,0.3550543329376312,0.3550543329376312,0.3550543329376312,0.3550543329376312,0.3525380736411692
2020-04-01,9554.22,0.359413143396341,0.359413143396341,0.3550543329376312,0.3550543329376312,0.3550543329376312,0.3550543329376312,0.3550543329376312,0.3550543329376312
2020-04-02,9554.22,0.359413143396341,0.359413143396341,0.359413143396341,0.3550543329376312,0.3550543329376312,0.3550543329376312,0.3550543329376312,0.3550543329376312
2020-04-03,9554.22,0.359413143396341,0.359413143396341,0.359413143396341,0.359413143396341,0.3550543329376312,0.3550543329376312,0.3550543329376312,0.3550543329376312
2020-04-04,9554.22,0.359413143396341,0.359413143396341,0.359413143396341,0.359413143396341,0.359413143396341,0.3550543329376312,0.3550543329376312,0.3550543329376312
2020-04-05,9554.22,0.359413143396341,0.359413143396341,0.359413143396341,0.359413143396341,0.359413143396341,0.359413143396341,0.3550543329376312,0.3550543329376312
2020-04-06,9554.22,0.359413143396341,0.359413143396341,0.359413143396341,0.359413143396341,0.359413143396341,0.359413143396341,0.359413143396341,0.3550543329376312
2020-04-07,9590.1,0.36669406142513616,0.359413143396341,0.359413143396341,0.359413143396341,0.359413143396341,0.359413143396341,0.359413143396341,0.359413143396341
2020-04-08,9590.1,0.36669406142513616,0.36669406142513616,0.359413143396341,0.359413143396341,0.359413143396341,0.359413143396341,0.359413143396341,0.359413143396341
2020-04-09,9590.1,0.36669406142513616,0.36669406142513616,0.36669406142513616,0.359413143396341,0.359413143396341,0.359413143396341,0.359413143396341,0.359413143396341
2020-04-10,9590.1,0.36669406142513616,0.36669406142513616,0.36669406142513616,0.36669406142513616,0.359413143396341,0.359413143396341,0.359413143396341,0.359413143396341
2020-04-11,9590.1,0.36669406142513616,0.36669406142513616,0.36669406142513616,0.36669406142513616,0.36669406142513616,0.359413143396341,0.359413143396341,0.359413143396341
2020-04-12,9590.1,0.36669406142513616,0.36669406142513616,0.36669406142513616,0.36669406142513616,0.36669406142513616,0.36669406142513616,0.359413143396341,0.359413143396341
2020-04-13,9590.1,0.36669406142513616,0.36669406142513616,0.36669406142513616,0.36669406142513616,0.36669406142513616,0.36669406142513616,0.36669406142513616,0.359413143396341
2020-04-14,9693.36,0.3876480077922868,0.36669406142513616,0.36669406142513616,0.36669406142513616,0.36669406142513616,0.36669406142513616,0.36669406142513616,0.36669406142513616
2020-04-15,9693.36,0.3876480077922868,0.3876480077922868,0.36669406142513616,0.36669406142513616,0.36669406142513616,0.36669406142513616,0.36669406142513616,0.36669406142513616
2020-04-16,10121.0,0.47442648565833667,0.3876480077922868,0.3876480077922868,0.36669406142513616,0.36669406142513616,0.36669406142513616,0.36669406142513616,0.36669406142513616
2020-04-17,10121.0,0.47442648565833667,0.47442648565833667,0.3876480077922868,0.3876480077922868,0.36669406142513616,0.36669406142513616,0.36669406142513616,0.36669406142513616
2020-04-18,10121.0,0.47442648565833667,0.47442648565833667,0.47442648565833667,0.3876480077922868,0.3876480077922868,0.36669406142513616,0.36669406142513616,0.36669406142513616
2020-04-19,10121.0,0.47442648565833667,0.47442648565833667,0.47442648565833667,0.47442648565833667,0.3876480077922868,0.3876480077922868,0.36669406142513616,0.36669406142513616
2020-04-20,10121.0,0.47442648565833667,0.47442648565833667,0.47442648565833667,0.47442648565833667,0.47442648565833667,0.3876480077922868,0.3876480077922868,0.36669406142513616
2020-04-21,10137.94,0.4778640205359228,0.47442648565833667,0.47442648565833667,0.47442648565833667,0.47442648565833667,0.47442648565833667,0.3876480077922868,0.3876480077922868
2020-04-22,10137.94,0.4778640205359228,0.4778640205359228,0.47442648565833667,0.47442648565833667,0.47442648565833667,0.47442648565833667,0.47442648565833667,0.3876480077922868
2020-04-23,10137.94,0.4778640205359228,0.4778640205359228,0.4778640205359228,0.47442648565833667,0.47442648565833667,0.47442648565833667,0.47442648565833667,0.47442648565833667
2020-04-24,10137.94,0.4778640205359228,0.4778640205359228,0.4778640205359228,0.4778640205359228,0.47442648565833667,0.47442648565833667,0.47442648565833667,0.47442648565833667
2020-04-25,10137.94,0.4778640205359228,0.4778640205359228,0.4778640205359228,0.4778640205359228,0.4778640205359228,0.47442648565833667,0.47442648565833667,0.47442648565833667
2020-04-26,10137.94,0.4778640205359228,0.4778640205359228,0.4778640205359228,0.4778640205359228,0.4778640205359228,0.4778640205359228,0.47442648565833667,0.47442648565833667
2020-04-27,10137.94,0.4778640205359228,0.4778640205359228,0.4778640205359228,0.4778640205359228,0.4778640205359228,0.4778640205359228,0.4778640205359228,0.47442648565833667
2020-04-28,10130.0,0.47625280288963956,0.4778640205359228,0.4778640205359228,0.4778640205359228,0.4778640205359228,0.4778640205359228,0.4778640205359228,0.4778640205359228
2020-04-29,10130.0,0.47625280288963956,0.47625280288963956,0.4778640205359228,0.4778640205359228,0.4778640205359228,0.4778640205359228,0.4778640205359228,0.4778640205359228
2020-04-30,10130.0,0.47625280288963956,0.47625280288963956,0.47625280288963956,0.4778640205359228,0.4778640205359228,0.4778640205359228,0.4778640205359228,0.4778640205359228
2020-05-01,10130.0,0.47625280288963956,0.47625280288963956,0.47625280288963956,0.47625280288963956,0.4778640205359228,0.4778640205359228,0.4778640205359228,0.4778640205359228
2020-05-02,10130.0,0.47625280288963956,0.47625280288963956,0.47625280288963956,0.47625280288963956,0.47625280288963956,0.4778640205359228,0.4778640205359228,0.4778640205359228
2020-05-03,10130.0,0.47625280288963956,0.47625280288963956,0.47625280288963956,0.47625280288963956,0.47625280288963956,0.47625280288963956,0.4778640205359228,0.4778640205359228
2020-05-04,10130.0,0.47625280288963956,0.47625280288963956,0.47625280288963956,0.47625280288963956,0.47625280288963956,0.47625280288963956,0.47625280288963956,0.4778640205359228
2020-05-05,10129.39,0.47612901916618466,0.47625280288963956,0.47625280288963956,0.47625280288963956,0.47625280288963956,0.47625280288963956,0.47625280288963956,0.47625280288963956
2020-05-06,10129.39,0.47612901916618466,0.47612901916618466,0.47625280288963956,0.47625280288963956,0.47625280288963956,0.47625280288963956,0.47625280288963956,0.47625280288963956
2020-05-07,10129.39,0.47612901916618466,0.47612901916618466,0.47612901916618466,0.47625280288963956,0.47625280288963956,0.47625280288963956,0.47625280288963956,0.47625280288963956
2020-05-08,10129.39,0.47612901916618466,0.47612901916618466,0.47612901916618466,0.47612901916618466,0.47625280288963956,0.47625280288963956,0.47625280288963956,0.47625280288963956
2020-05-09,10129.39,0.47612901916618466,0.47612901916618466,0.47612901916618466,0.47612901916618466,0.47612901916618466,0.47625280288963956,0.47625280288963956,0.47625280288963956
2020-05-10,10129.39,0.47612901916618466,0.47612901916618466,0.47612901916618466,0.47612901916618466,0.47612901916618466,0.47612901916618466,0.47625280288963956,0.47625280288963956
2020-05-11,10129.39,0.47612901916618466,0.47612901916618466,0.47612901916618466,0.47612901916618466,0.47612901916618466,0.47612901916618466,0.47612901916618466,0.47625280288963956
2020-05-12,10137.2,0.47771385667468214,0.47612901916618466,0.47612901916618466,0.47612901916618466,0.47612901916618466,0.47612901916618466,0.47612901916618466,0.47612901916618466
2020-05-13,10137.2,0.47771385667468214,0.47771385667468214,0.47612901916618466,0.47612901916618466,0.47612901916618466,0.47612901916618466,0.47612901916618466,0.47612901916618466
2020-05-14,10137.2,0.47771385667468214,0.47771385667468214,0.47771385667468214,0.47612901916618466,0.47612901916618466,0.47612901916618466,0.47612901916618466,0.47612901916618466
2020-05-15,10137.2,0.47771385667468214,0.47771385667468214,0.47771385667468214,0.47771385667468214,0.47612901916618466,0.47612901916618466,0.47612901916618466,0.47612901916618466
2020-05-16,10137.2,0.47771385667468214,0.47771385667468214,0.47771385667468214,0.47771385667468214,0.47771385667468214,0.47612901916618466,0.47612901916618466,0.47612901916618466
2020-05-17,10137.2,0.47771385667468214,0.47771385667468214,0.47771385667468214,0.47771385667468214,0.47771385667468214,0.47771385667468214,0.47612901916618466,0.47612901916618466
2020-05-18,10137.2,0.47771385667468214,0.47771385667468214,0.47771385667468214,0.47771385667468214,0.47771385667468214,0.47771385667468214,0.47771385667468214,0.47612901916618466
2020-05-19,10129.56,0.47616351626944264,0.47771385667468214,0.47771385667468214,0.47771385667468214,0.47771385667468214,0.47771385667468214,0.47771385667468214,0.47771385667468214
2020-05-20,10129.56,0.47616351626944264,0.47616351626944264,0.47771385667468214,0.47771385667468214,0.47771385667468214,0.47771385667468214,0.47771385667468214,0.47771385667468214
2020-05-21,10129.56,0.47616351626944264,0.47616351626944264,0.47616351626944264,0.47771385667468214,0.47771385667468214,0.47771385667468214,0.47771385667468214,0.47771385667468214
2020-05-22,10129.56,0.47616351626944264,0.47616351626944264,0.47616351626944264,0.47616351626944264,0.47771385667468214,0.47771385667468214,0.47771385667468214,0.47771385667468214
2020-05-23,10129.56,0.47616351626944264,0.47616351626944264,0.47616351626944264,0.47616351626944264,0.47616351626944264,0.47771385667468214,0.47771385667468214,0.47771385667468214
2020-05-24,10129.56,0.47616351626944264,0.47616351626944264,0.47616351626944264,0.47616351626944264,0.47616351626944264,0.47616351626944264,0.47771385667468214,0.47771385667468214
2020-05-25,10129.56,0.47616351626944264,0.47616351626944264,0.47616351626944264,0.47616351626944264,0.47616351626944264,0.47616351626944264,0.47616351626944264,0.47771385667468214
2020-05-26,10139.3,0.4781399973619862,0.47616351626944264,0.47616351626944264,0.47616351626944264,0.47616351626944264,0.47616351626944264,0.47616351626944264,0.47616351626944264
2020-05-27,10139.3,0.4781399973619862,0.4781399973619862,0.47616351626944264,0.47616351626944264,0.47616351626944264,0.47616351626944264,0.47616351626944264,0.47616351626944264
2020-05-28,10139.3,0.4781399973619862,0.4781399973619862,0.4781399973619862,0.47616351626944264,0.47616351626944264,0.47616351626944264,0.47616351626944264,0.47616351626944264
2020-05-29,10139.3,0.4781399973619862,0.4781399973619862,0.4781399973619862,0.4781399973619862,0.47616351626944264,0.47616351626944264,0.47616351626944264,0.47616351626944264
2020-05-30,10139.3,0.4781399973619862,0.4781399973619862,0.4781399973619862,0.4781399973619862,0.4781399973619862,0.47616351626944264,0.47616351626944264,0.47616351626944264
2020-05-31,10139.3,0.4781399973619862,0.4781399973619862,0.4781399973619862,0.4781399973619862,0.4781399973619862,0.4781399973619862,0.47616351626944264,0.47616351626944264
2020-06-01,10139.3,0.4781399973619862,0.4781399973619862,0.4781399973619862,0.4781399973619862,0.4781399973619862,0.4781399973619862,0.4781399973619862,0.47616351626944264
2020-06-02,10148.31,0.47996834383465736,0.4781399973619862,0.4781399973619862,0.4781399973619862,0.4781399973619862,0.4781399973619862,0.4781399973619862,0.4781399973619862
2020-06-03,10148.31,0.47996834383465736,0.47996834383465736,0.4781399973619862,0.4781399973619862,0.4781399973619862,0.4781399973619862,0.4781399973619862,0.4781399973619862
2020-06-04,10148.31,0.47996834383465736,0.47996834383465736,0.47996834383465736,0.4781399973619862,0.4781399973619862,0.4781399973619862,0.4781399973619862,0.4781399973619862
2020-06-05,10148.31,0.47996834383465736,0.47996834383465736,0.47996834383465736,0.47996834383465736,0.4781399973619862,0.4781399973619862,0.4781399973619862,0.4781399973619862
2020-06-06,10148.31,0.47996834383465736,0.47996834383465736,0.47996834383465736,0.47996834383465736,0.47996834383465736,0.4781399973619862,0.4781399973619862,0.4781399973619862
2020-06-07,10148.31,0.47996834383465736,0.47996834383465736,0.47996834383465736,0.47996834383465736,0.47996834383465736,0.47996834383465736,0.4781399973619862,0.4781399973619862
2020-06-08,10148.31,0.47996834383465736,0.47996834383465736,0.47996834383465736,0.47996834383465736,0.47996834383465736,0.47996834383465736,0.47996834383465736,0.4781399973619862
2020-06-09,10153.19,0.4809586136222974,0.47996834383465736,0.47996834383465736,0.47996834383465736,0.47996834383465736,0.47996834383465736,0.47996834383465736,0.47996834383465736
2020-06-10,10153.19,0.4809586136222974,0.4809586136222974,0.47996834383465736,0.47996834383465736,0.47996834383465736,0.47996834383465736,0.47996834383465736,0.47996834383465736
2020-06-11,10153.19,0.4809586136222974,0.4809586136222974,0.4809586136222974,0.47996834383465736,0.47996834383465736,0.47996834383465736,0.47996834383465736,0.47996834383465736
2020-06-12,10153.19,0.4809586136222974,0.4809586136222974,0.4809586136222974,0.4809586136222974,0.47996834383465736,0.47996834383465736,0.47996834383465736,0.47996834383465736
2020-06-13,10153.19,0.4809586136222974,0.4809586136222974,0.4809586136222974,0.4809586136222974,0.4809586136222974,0.47996834383465736,0.47996834383465736,0.47996834383465736
2020-06-14,10153.19,0.4809586136222974,0.4809586136222974,0.4809586136222974,0.4809586136222974,0.4809586136222974,0.4809586136222974,0.47996834383465736,0.47996834383465736
2020-06-15,10153.19,0.4809586136222974,0.4809586136222974,0.4809586136222974,0.4809586136222974,0.4809586136222974,0.4809586136222974,0.4809586136222974,0.47996834383465736
2020-06-16,10151.9,0.4806968414858106,0.4809586136222974,0.4809586136222974,0.4809586136222974,0.4809586136222974,0.4809586136222974,0.4809586136222974,0.4809586136222974
2020-06-17,10151.9,0.4806968414858106,0.4806968414858106,0.4809586136222974,0.4809586136222974,0.4809586136222974,0.4809586136222974,0.4809586136222974,0.4809586136222974
2020-06-18,10151.9,0.4806968414858106,0.4806968414858106,0.4806968414858106,0.4809586136222974,0.4809586136222974,0.4809586136222974,0.4809586136222974,0.4809586136222974
2020-06-19,10151.9,0.4806968414858106,0.4806968414858106,0.4806968414858106,0.4806968414858106,0.4809586136222974,0.4809586136222974,0.4809586136222974,0.4809586136222974
2020-06-20,10151.9,0.4806968414858106,0.4806968414858106,0.4806968414858106,0.4806968414858106,0.4806968414858106,0.4809586136222974,0.4809586136222974,0.4809586136222974
2020-06-21,10151.9,0.4806968414858106,0.4806968414858106,0.4806968414858106,0.4806968414858106,0.4806968414858106,0.4806968414858106,0.4809586136222974,0.4809586136222974
2020-06-22,10151.9,0.4806968414858106,0.4806968414858106,0.4806968414858106,0.4806968414858106,0.4806968414858106,0.4806968414858106,0.4806968414858106,0.4809586136222974
2020-06-23,10172.76,0.4849298389796972,0.4806968414858106,0.4806968414858106,0.4806968414858106,0.4806968414858106,0.4806968414858106,0.4806968414858106,0.4806968414858106
2020-06-24,10172.76,0.4849298389796972,0.4849298389796972,0.4806968414858106,0.4806968414858106,0.4806968414858106,0.4806968414858106,0.4806968414858106,0.4806968414858106
2020-06-25,10172.76,0.4849298389796972,0.4849298389796972,0.4849298389796972,0.4806968414858106,0.4806968414858106,0.4806968414858106,0.4806968414858106,0.4806968414858106
2020-06-26,10172.76,0.4849298389796972,0.4849298389796972,0.4849298389796972,0.4849298389796972,0.4806968414858106,0.4806968414858106,0.4806968414858106,0.4806968414858106
2020-06-27,10172.76,0.4849298389796972,0.4849298389796972,0.4849298389796972,0.4849298389796972,0.4849298389796972,0.4806968414858106,0.4806968414858106,0.4806968414858106
2020-06-28,10172.76,0.4849298389796972,0.4849298389796972,0.4849298389796972,0.4849298389796972,0.4849298389796972,0.4849298389796972,0.4806968414858106,0.4806968414858106
2020-06-29,10172.76,0.4849298389796972,0.4849298389796972,0.4849298389796972,0.4849298389796972,0.4849298389796972,0.4849298389796972,0.4849298389796972,0.4806968414858106
2020-06-30,10173.38,0.4850556519445204,0.4849298389796972,0.4849298389796972,0.4849298389796972,0.4849298389796972,0.4849298389796972,0.4849298389796972,0.4849298389796972
2020-07-01,10173.38,0.4850556519445204,0.4850556519445204,0.4849298389796972,0.4849298389796972,0.4849298389796972,0.4849298389796972,0.4849298389796972,0.4849298389796972
2020-07-02,10173.38,0.4850556519445204,0.4850556519445204,0.4850556519445204,0.4849298389796972,0.4849298389796972,0.4849298389796972,0.4849298389796972,0.4849298389796972
2020-07-03,10173.38,0.4850556519445204,0.4850556519445204,0.4850556519445204,0.4850556519445204,0.4849298389796972,0.4849298389796972,0.4849298389796972,0.4849298389796972
2020-07-04,10173.38,0.4850556519445204,0.4850556519445204,0.4850556519445204,0.4850556519445204,0.4850556519445204,0.4849298389796972,0.4849298389796972,0.4849298389796972
2020-07-05,10173.38,0.4850556519445204,0.4850556519445204,0.4850556519445204,0.4850556519445204,0.4850556519445204,0.4850556519445204,0.4849298389796972,0.4849298389796972
2020-07-06,10173.38,0.4850556519445204,0.4850556519445204,0.4850556519445204,0.4850556519445204,0.4850556519445204,0.4850556519445204,0.4850556519445204,0.4849298389796972
2020-07-07,10184.73,0.48735884089733017,0.4850556519445204,0.4850556519445204,0.4850556519445204,0.4850556519445204,0.4850556519445204,0.4850556519445204,0.4850556519445204
2020-07-08,10184.73,0.48735884089733017,0.48735884089733017,0.4850556519445204,0.4850556519445204,0.4850556519445204,0.4850556519445204,0.4850556519445204,0.4850556519445204
2020-07-09,10184.73,0.48735884089733017,0.48735884089733017,0.48735884089733017,0.4850556519445204,0.4850556519445204,0.4850556519445204,0.4850556519445204,0.4850556519445204
2020-07-10,10184.73,0.48735884089733017,0.48735884089733017,0.48735884089733017,0.48735884089733017,0.4850556519445204,0.4850556519445204,0.4850556519445204,0.4850556519445204
2020-07-11,10184.73,0.48735884089733017,0.48735884089733017,0.48735884089733017,0.48735884089733017,0.48735884089733017,0.4850556519445204,0.4850556519445204,0.4850556519445204
2020-07-12,10184.73,0.48735884089733017,0.48735884089733017,0.48735884089733017,0.48735884089733017,0.48735884089733017,0.48735884089733017,0.4850556519445204,0.4850556519445204
2020-07-13,10184.73,0.48735884089733017,0.48735884089733017,0.48735884089733017,0.48735884089733017,0.48735884089733017,0.48735884089733017,0.48735884089733017,0.4850556519445204
2020-07-14,10194.96,0.48943475481691157,0.48735884089733017,0.48735884089733017,0.48735884089733017,0.48735884089733017,0.48735884089733017,0.48735884089733017,0.48735884089733017
2020-07-15,10194.96,0.48943475481691157,0.48943475481691157,0.48735884089733017,0.48735884089733017,0.48735884089733017,0.48735884089733017,0.48735884089733017,0.48735884089733017
2020-07-16,10194.96,0.48943475481691157,0.48943475481691157,0.48943475481691157,0.48735884089733017,0.48735884089733017,0.48735884089733017,0.48735884089733017,0.48735884089733017
2020-07-17,10194.96,0.48943475481691157,0.48943475481691157,0.48943475481691157,0.48943475481691157,0.48735884089733017,0.48735884089733017,0.48735884089733017,0.48735884089733017
2020-07-18,10194.96,0.48943475481691157,0.48943475481691157,0.48943475481691157,0.48943475481691157,0.48943475481691157,0.48735884089733017,0.48735884089733017,0.48735884089733017
2020-07-19,10194.96,0.48943475481691157,0.48943475481691157,0.48943475481691157,0.48943475481691157,0.48943475481691157,0.48943475481691157,0.48735884089733017,0.48735884089733017
2020-07-20,10194.96,0.48943475481691157,0.48943475481691157,0.48943475481691157,0.48943475481691157,0.48943475481691157,0.48943475481691157,0.48943475481691157,0.48735884089733017
2020-07-21,10210.39,0.4925658742479124,0.48943475481691157,0.48943475481691157,0.48943475481691157,0.48943475481691157,0.48943475481691157,0.48943475481691157,0.48943475481691157
2020-07-22,10210.39,0.4925658742479124,0.4925658742479124,0.48943475481691157,0.48943475481691157,0.48943475481691157,0.48943475481691157,0.48943475481691157,0.48943475481691157
2020-07-23,10210.39,0.4925658742479124,0.4925658742479124,0.4925658742479124,0.48943475481691157,0.48943475481691157,0.48943475481691157,0.48943475481691157,0.48943475481691157
2020-07-24,10210.39,0.4925658742479124,0.4925658742479124,0.4925658742479124,0.4925658742479124,0.48943475481691157,0.48943475481691157,0.48943475481691157,0.48943475481691157
2020-07-25,10210.39,0.4925658742479124,0.4925658742479124,0.4925658742479124,0.4925658742479124,0.4925658742479124,0.48943475481691157,0.48943475481691157,0.48943475481691157
2020-07-26,10210.39,0.4925658742479124,0.4925658742479124,0.4925658742479124,0.4925658742479124,0.4925658742479124,0.4925658742479124,0.48943475481691157,0.48943475481691157
2020-07-27,10210.39,0.4925658742479124,0.4925658742479124,0.4925658742479124,0.4925658742479124,0.4925658742479124,0.4925658742479124,0.4925658742479124,0.48943475481691157
2020-07-28,10207.69,0.49201797907852174,0.4925658742479124,0.4925658742479124,0.4925658742479124,0.4925658742479124,0.4925658742479124,0.4925658742479124,0.4925658742479124
2020-07-29,10207.69,0.49201797907852174,0.49201797907852174,0.4925658742479124,0.4925658742479124,0.4925658742479124,0.4925658742479124,0.4925658742479124,0.4925658742479124
2020-07-30,10207.69,0.49201797907852174,0.49201797907852174,0.49201797907852174,0.4925658742479124,0.4925658742479124,0.4925658742479124,0.4925658742479124,0.4925658742479124
2020-07-31,10207.69,0.49201797907852174,0.49201797907852174,0.49201797907852174,0.49201797907852174,0.4925658742479124,0.4925658742479124,0.4925658742479124,0.4925658742479124
2020-08-01,10207.69,0.49201797907852174,0.49201797907852174,0.49201797907852174,0.49201797907852174,0.49201797907852174,0.4925658742479124,0.4925658742479124,0.4925658742479124
2020-08-02,10207.69,0.49201797907852174,0.49201797907852174,0.49201797907852174,0.49201797907852174,0.49201797907852174,0.49201797907852174,0.4925658742479124,0.4925658742479124
2020-08-03,10207.69,0.49201797907852174,0.49201797907852174,0.49201797907852174,0.49201797907852174,0.49201797907852174,0.49201797907852174,0.49201797907852174,0.4925658742479124
2020-08-04,10209.86,0.4924583244554024,0.49201797907852174,0.49201797907852174,0.49201797907852174,0.49201797907852174,0.49201797907852174,0.49201797907852174,0.49201797907852174
2020-08-05,10209.86,0.4924583244554024,0.4924583244554024,0.49201797907852174,0.49201797907852174,0.49201797907852174,0.49201797907852174,0.49201797907852174,0.49201797907852174
2020-08-06,10209.86,0.4924583244554024,0.4924583244554024,0.4924583244554024,0.49201797907852174,0.49201797907852174,0.49201797907852174,0.49201797907852174,0.49201797907852174
2020-08-07,10209.86,0.4924583244554024,0.4924583244554024,0.4924583244554024,0.4924583244554024,0.49201797907852174,0.49201797907852174,0.49201797907852174,0.49201797907852174
2020-08-08,10209.86,0.4924583244554024,0.4924583244554024,0.4924583244554024,0.4924583244554024,0.4924583244554024,0.49201797907852174,0.49201797907852174,0.49201797907852174
2020-08-09,10209.86,0.4924583244554024,0.4924583244554024,0.4924583244554024,0.4924583244554024,0.4924583244554024,0.4924583244554024,0.49201797907852174,0.49201797907852174
2020-08-10,10209.86,0.4924583244554024,0.4924583244554024,0.4924583244554024,0.4924583244554024,0.4924583244554024,0.4924583244554024,0.4924583244554024,0.49201797907852174
2020-08-11,10231.71,0.4968922168447325,0.4924583244554024,0.4924583244554024,0.4924583244554024,0.4924583244554024,0.4924583244554024,0.4924583244554024,0.4924583244554024
2020-08-12,10231.71,0.4968922168447325,0.4968922168447325,0.4924583244554024,0.4924583244554024,0.4924583244554024,0.4924583244554024,0.4924583244554024,0.4924583244554024
2020-08-13,10231.71,0.4968922168447325,0.4968922168447325,0.4968922168447325,0.4924583244554024,0.4924583244554024,0.4924583244554024,0.4924583244554024,0.4924583244554024
2020-08-14,10231.71,0.4968922168447325,0.4968922168447325,0.4968922168447325,0.4968922168447325,0.4924583244554024,0.4924583244554024,0.4924583244554024,0.4924583244554024
2020-08-15,10231.71,0.4968922168447325,0.4968922168447325,0.4968922168447325,0.4968922168447325,0.4968922168447325,0.4924583244554024,0.4924583244554024,0.4924583244554024
2020-08-16,10231.71,0.4968922168447325,0.4968922168447325,0.4968922168447325,0.4968922168447325,0.4968922168447325,0.4968922168447325,0.4924583244554024,0.4924583244554024
2020-08-17,10231.71,0.4968922168447325,0.4968922168447325,0.4968922168447325,0.4968922168447325,0.4968922168447325,0.4968922168447325,0.4968922168447325,0.4924583244554024
2020-08-18,10246.71,0.4999360788969043,0.4968922168447325,0.4968922168447325,0.4968922168447325,0.4968922168447325,0.4968922168447325,0.4968922168447325,0.4968922168447325
2020-08-19,10246.71,0.4999360788969043,0.4999360788969043,0.4968922168447325,0.4968922168447325,0.4968922168447325,0.4968922168447325,0.4968922168447325,0.4968922168447325
2020-08-20,10246.71,0.4999360788969043,0.4999360788969043,0.4999360788969043,0.4968922168447325,0.4968922168447325,0.4968922168447325,0.4968922168447325,0.4968922168447325
2020-08-21,10246.71,0.4999360788969043,0.4999360788969043,0.4999360788969043,0.4999360788969043,0.4968922168447325,0.4968922168447325,0.4968922168447325,0.4968922168447325
2020-08-22,10246.71,0.4999360788969043,0.4999360788969043,0.4999360788969043,0.4999360788969043,0.4999360788969043,0.4968922168447325,0.4968922168447325,0.4968922168447325
2020-08-23,10246.71,0.4999360788969043,0.4999360788969043,0.4999360788969043,0.4999360788969043,0.4999360788969043,0.4999360788969043,0.4968922168447325,0.4968922168447325
2020-08-24,10246.71,0.4999360788969043,0.4999360788969043,0.4999360788969043,0.4999360788969043,0.4999360788969043,0.4999360788969043,0.4999360788969043,0.4968922168447325
2020-08-25,10262.87,0.5032153329477775,0.4999360788969043,0.4999360788969043,0.4999360788969043,0.4999360788969043,0.4999360788969043,0.4999360788969043,0.4999360788969043
2020-08-26,10262.87,0.5032153329477775,0.5032153329477775,0.4999360788969043,0.4999360788969043,0.4999360788969043,0.4999360788969043,0.4999360788969043,0.4999360788969043
2020-08-27,10262.87,0.5032153329477775,0.5032153329477775,0.5032153329477775,0.4999360788969043,0.4999360788969043,0.4999360788969043,0.4999360788969043,0.4999360788969043
2020-08-28,10262.87,0.5032153329477775,0.5032153329477775,0.5032153329477775,0.5032153329477775,0.4999360788969043,0.4999360788969043,0.4999360788969043,0.4999360788969043
2020-08-29,10262.87,0.5032153329477775,0.5032153329477775,0.5032153329477775,0.5032153329477775,0.5032153329477775,0.4999360788969043,0.4999360788969043,0.4999360788969043
2020-08-30,10262.87,0.5032153329477775,0.5032153329477775,0.5032153329477775,0.5032153329477775,0.5032153329477775,0.5032153329477775,0.4999360788969043,0.4999360788969043
2020-08-31,10262.87,0.5032153329477775,0.5032153329477775,0.5032153329477775,0.5032153329477775,0.5032153329477775,0.5032153329477775,0.5032153329477775,0.4999360788969043
2020-09-01,10262.87,0.5032153329477775,0.5032153329477775,0.5032153329477775,0.5032153329477775,0.5032153329477775,0.5032153329477775,0.5032153329477775,0.5032153329477775
2020-09-02,10262.87,0.5032153329477775,0.5032153329477775,0.5032153329477775,0.5032153329477775,0.5032153329477775,0.5032153329477775,0.5032153329477775,0.5032153329477775
2020-09-03,10270.08,0.5046784159741879,0.5032153329477775,0.5032153329477775,0.5032153329477775,0.5032153329477775,0.5032153329477775,0.5032153329477775,0.5032153329477775
2020-09-04,10270.08,0.5046784159741879,0.5046784159741879,0.5032153329477775,0.5032153329477775,0.5032153329477775,0.5032153329477775,0.5032153329477775,0.5032153329477775
2020-09-05,10270.08,0.5046784159741879,0.5046784159741879,0.5046784159741879,0.5032153329477775,0.5032153329477775,0.5032153329477775,0.5032153329477775,0.5032153329477775
2020-09-06,10270.08,0.5046784159741879,0.5046784159741879,0.5046784159741879,0.5046784159741879,0.5032153329477775,0.5032153329477775,0.5032153329477775,0.5032153329477775
2020-09-07,10270.08,0.5046784159741879,0.5046784159741879,0.5046784159741879,0.5046784159741879,0.5046784159741879,0.5032153329477775,0.5032153329477775,0.5032153329477775
2020-09-08,10274.17,0.5055083756937468,0.5046784159741879,0.5046784159741879,0.5046784159741879,0.5046784159741879,0.5046784159741879,0.5032153329477775,0.5032153329477775
2020-09-09,10274.17,0.5055083756937468,0.5055083756937468,0.5046784159741879,0.5046784159741879,0.5046784159741879,0.5046784159741879,0.5046784159741879,0.5032153329477775
2020-09-10,10274.17,0.5055083756937468,0.5055083756937468,0.5055083756937468,0.5046784159741879,0.5046784159741879,0.5046784159741879,0.5046784159741879,0.5046784159741879
2020-09-11,10274.17,0.5055083756937468,0.5055083756937468,0.5055083756937468,0.5055083756937468,0.5046784159741879,0.5046784159741879,0.5046784159741879,0.5046784159741879
2020-09-12,10274.17,0.5055083756937468,0.5055083756937468,0.5055083756937468,0.5055083756937468,0.5055083756937468,0.5046784159741879,0.5046784159741879,0.5046784159741879
2020-09-13,10274.17,0.5055083756937468,0.5055083756937468,0.5055083756937468,0.5055083756937468,0.5055083756937468,0.5055083756937468,0.5046784159741879,0.5046784159741879
2020-09-14,10274.17,0.5055083756937468,0.5055083756937468,0.5055083756937468,0.5055083756937468,0.5055083756937468,0.5055083756937468,0.5055083756937468,0.5046784159741879
2020-09-15,10295.33,0.5098022504286772,0.5055083756937468,0.5055083756937468,0.5055083756937468,0.5055083756937468,0.5055083756937468,0.5055083756937468,0.5055083756937468
2020-09-16,10295.33,0.5098022504286772,0.5098022504286772,0.5055083756937468,0.5055083756937468,0.5055083756937468,0.5055083756937468,0.5055083756937468,0.5055083756937468
2020-09-17,10295.33,0.5098022504286772,0.5098022504286772,0.5098022504286772,0.5055083756937468,0.5055083756937468,0.5055083756937468,0.5055083756937468,0.5055083756937468
2020-09-18,10295.33,0.5098022504286772,0.5098022504286772,0.5098022504286772,0.5098022504286772,0.5055083756937468,0.5055083756937468,0.5055083756937468,0.5055083756937468
2020-09-19,10295.33,0.5098022504286772,0.5098022504286772,0.5098022504286772,0.5098022504286772,0.5098022504286772,0.5055083756937468,0.5055083756937468,0.5055083756937468
2020-09-20,10295.33,0.5098022504286772,0.5098022504286772,0.5098022504286772,0.5098022504286772,0.5098022504286772,0.5098022504286772,0.5055083756937468,0.5055083756937468
2020-09-21,10295.33,0.5098022504286772,0.5098022504286772,0.5098022504286772,0.5098022504286772,0.5098022504286772,0.5098022504286772,0.5098022504286772,0.5055083756937468
2020-09-22,10315.62,0.5139195811645816,0.5098022504286772,0.5098022504286772,0.5098022504286772,0.5098022504286772,0.5098022504286772,0.5098022504286772,0.5098022504286772
2020-09-23,10315.62,0.5139195811645816,0.5139195811645816,0.5098022504286772,0.5098022504286772,0.5098022504286772,0.5098022504286772,0.5098022504286772,0.5098022504286772
2020-09-24,10315.62,0.5139195811645816,0.5139195811645816,0.5139195811645816,0.5098022504286772,0.5098022504286772,0.5098022504286772,0.5098022504286772,0.5098022504286772
2020-09-25,10315.62,0.5139195811645816,0.5139195811645816,0.5139195811645816,0.5139195811645816,0.5098022504286772,0.5098022504286772,0.5098022504286772,0.5098022504286772
2020-09-26,10315.62,0.5139195811645816,0.5139195811645816,0.5139195811645816,0.5139195811645816,0.5139195811645816,0.5098022504286772,0.5098022504286772,0.5098022504286772
2020-09-27,10315.62,0.5139195811645816,0.5139195811645816,0.5139195811645816,0.5139195811645816,0.5139195811645816,0.5139195811645816,0.5098022504286772,0.5098022504286772
2020-09-28,10315.62,0.5139195811645816,0.5139195811645816,0.5139195811645816,0.5139195811645816,0.5139195811645816,0.5139195811645816,0.5139195811645816,0.5098022504286772
2020-09-29,10321.21,0.5150539270893575,0.5139195811645816,0.5139195811645816,0.5139195811645816,0.5139195811645816,0.5139195811645816,0.5139195811645816,0.5139195811645816
2020-09-30,10321.21,0.5150539270893575,0.5150539270893575,0.5139195811645816,0.5139195811645816,0.5139195811645816,0.5139195811645816,0.5139195811645816,0.5139195811645816
2020-10-01,10321.21,0.5150539270893575,0.5150539270893575,0.5150539270893575,0.5139195811645816,0.5139195811645816,0.5139195811645816,0.5139195811645816,0.5139195811645816
2020-10-02,10321.21,0.5150539270893575,0.5150539270893575,0.5150539270893575,0.5150539270893575,0.5139195811645816,0.5139195811645816,0.5139195811645816,0.5139195811645816
2020-10-03,10321.21,0.5150539270893575,0.5150539270893575,0.5150539270893575,0.5150539270893575,0.5150539270893575,0.5139195811645816,0.5139195811645816,0.5139195811645816
2020-10-04,10321.21,0.5150539270893575,0.5150539270893575,0.5150539270893575,0.5150539270893575,0.5150539270893575,0.5150539270893575,0.5139195811645816,0.5139195811645816
2020-10-05,10321.21,0.5150539270893575,0.5150539270893575,0.5150539270893575,0.5150539270893575,0.5150539270893575,0.5150539270893575,0.5150539270893575,0.5139195811645816
2020-10-06,10339.68,0.518801935896265,0.5150539270893575,0.5150539270893575,0.5150539270893575,0.5150539270893575,0.5150539270893575,0.5150539270893575,0.5150539270893575
2020-10-07,10339.68,0.518801935896265,0.518801935896265,0.5150539270893575,0.5150539270893575,0.5150539270893575,0.5150539270893575,0.5150539270893575,0.5150539270893575
2020-10-08,10339.68,0.518801935896265,0.518801935896265,0.518801935896265,0.5150539270893575,0.5150539270893575,0.5150539270893575,0.5150539270893575,0.5150539270893575
2020-10-09,10339.68,0.518801935896265,0.518801935896265,0.518801935896265,0.518801935896265,0.5150539270893575,0.5150539270893575,0.5150539270893575,0.5150539270893575
2020-10-10,10339.68,0.518801935896265,0.518801935896265,0.518801935896265,0.518801935896265,0.518801935896265,0.5150539270893575,0.5150539270893575,0.5150539270893575
2020-10-11,10339.68,0.518801935896265,0.518801935896265,0.518801935896265,0.518801935896265,0.518801935896265,0.518801935896265,0.5150539270893575,0.5150539270893575
2020-10-12,10339.68,0.518801935896265,0.518801935896265,0.518801935896265,0.518801935896265,0.518801935896265,0.518801935896265,0.518801935896265,0.5150539270893575
2020-10-13,10364.48,0.5238344544891891,0.518801935896265,0.518801935896265,0.518801935896265,0.518801935896265,0.518801935896265,0.518801935896265,0.518801935896265
2020-10-14,10364.48,0.5238344544891891,0.5238344544891891,0.518801935896265,0.518801935896265,0.518801935896265,0.518801935896265,0.518801935896265,0.518801935896265
2020-10-15,10364.48,0.5238344544891891,0.5238344544891891,0.5238344544891891,0.518801935896265,0.518801935896265,0.518801935896265,0.518801935896265,0.518801935896265
2020-10-16,10364.48,0.5238344544891891,0.5238344544891891,0.5238344544891891,0.5238344544891891,0.518801935896265,0.518801935896265,0.518801935896265,0.518801935896265
2020-10-17,10364.48,0.5238344544891891,0.5238344544891891,0.5238344544891891,0.5238344544891891,0.5238344544891891,0.518801935896265,0.518801935896265,0.518801935896265
2020-10-18,10364.48,0.5238344544891891,0.5238344544891891,0.5238344544891891,0.5238344544891891,0.5238344544891891,0.5238344544891891,0.518801935896265,0.518801935896265
2020-10-19,10364.48,0.5238344544891891,0.5238344544891891,0.5238344544891891,0.5238344544891891,0.5238344544891891,0.5238344544891891,0.5238344544891891,0.518801935896265
2020-10-20,10371.76,0.5253117422051765,0.5238344544891891,0.5238344544891891,0.5238344544891891,0.5238344544891891,0.5238344544891891,0.5238344544891891,0.5238344544891891
2020-10-21,10371.76,0.5253117422051765,0.5253117422051765,0.5238344544891891,0.5238344544891891,0.5238344544891891,0.5238344544891891,0.5238344544891891,0.5238344544891891
2020-10-22,10371.76,0.5253117422051765,0.5253117422051765,0.5253117422051765,0.5238344544891891,0.5238344544891891,0.5238344544891891,0.5238344544891891,0.5238344544891891
2020-10-23,10371.76,0.5253117422051765,0.5253117422051765,0.5253117422051765,0.5253117422051765,0.5238344544891891,0.5238344544891891,0.5238344544891891,0.5238344544891891
2020-10-24,10371.76,0.5253117422051765,0.5253117422051765,0.5253117422051765,0.5253117422051765,0.5253117422051765,0.5238344544891891,0.5238344544891891,0.5238344544891891
2020-10-25,10371.76,0.5253117422051765,0.5253117422051765,0.5253117422051765,0.5253117422051765,0.5253117422051765,0.5253117422051765,0.5238344544891891,0.5238344544891891
2020-10-26,10371.76,0.5253117422051765,0.5253117422051765,0.5253117422051765,0.5253117422051765,0.5253117422051765,0.5253117422051765,0.5253117422051765,0.5238344544891891
2020-10-27,10359.88,0.5229010034598562,0.5253117422051765,0.5253117422051765,0.5253117422051765,0.5253117422051765,0.5253117422051765,0.5253117422051765,0.5253117422051765
2020-10-28,10359.88,0.5229010034598562,0.5229010034598562,0.5253117422051765,0.5253117422051765,0.5253117422051765,0.5253117422051765,0.5253117422051765,0.5253117422051765
2020-10-29,10359.88,0.5229010034598562,0.5229010034598562,0.5229010034598562,0.5253117422051765,0.5253117422051765,0.5253117422051765,0.5253117422051765,0.5253117422051765
2020-10-30,10359.88,0.5229010034598562,0.5229010034598562,0.5229010034598562,0.5229010034598562,0.5253117422051765,0.5253117422051765,0.5253117422051765,0.5253117422051765
2020-10-31,10359.88,0.5229010034598562,0.5229010034598562,0.5229010034598562,0.5229010034598562,0.5229010034598562,0.5253117422051765,0.5253117422051765,0.5253117422051765
2020-11-01,10359.88,0.5229010034598562,0.5229010034598562,0.5229010034598562,0.5229010034598562,0.5229010034598562,0.5229010034598562,0.5253117422051765,0.5253117422051765
2020-11-02,10359.88,0.5229010034598562,0.5229010034598562,0.5229010034598562,0.5229010034598562,0.5229010034598562,0.5229010034598562,0.5229010034598562,0.5253117422051765
2020-11-03,10366.86,0.5243174139348004,0.5229010034598562,0.5229010034598562,0.5229010034598562,0.5229010034598562,0.5229010034598562,0.5229010034598562,0.5229010034598562
2020-11-04,10366.86,0.5243174139348004,0.5243174139348004,0.5229010034598562,0.5229010034598562,0.5229010034598562,0.5229010034598562,0.5229010034598562,0.5229010034598562
2020-11-05,10366.86,0.5243174139348004,0.5243174139348004,0.5243174139348004,0.5229010034598562,0.5229010034598562,0.5229010034598562,0.5229010034598562,0.5229010034598562
2020-11-06,10366.86,0.5243174139348004,0.5243174139348004,0.5243174139348004,0.5243174139348004,0.5229010034598562,0.5229010034598562,0.5229010034598562,0.5229010034598562
2020-11-07,10366.86,0.5243174139348004,0.5243174139348004,0.5243174139348004,0.5243174139348004,0.5243174139348004,0.5229010034598562,0.5229010034598562,0.5229010034598562
2020-11-08,10366.86,0.5243174139348004,0.5243174139348004,0.5243174139348004,0.5243174139348004,0.5243174139348004,0.5243174139348004,0.5229010034598562,0.5229010034598562
2020-11-09,10366.86,0.5243174139348004,0.5243174139348004,0.5243174139348004,0.5243174139348004,0.5243174139348004,0.5243174139348004,0.5243174139348004,0.5229010034598562
2020-11-10,10378.88,0.5267565620592738,0.5243174139348004,0.5243174139348004,0.5243174139348004,0.5243174139348004,0.5243174139348004,0.5243174139348004,0.5243174139348004
2020-11-11,10378.88,0.5267565620592738,0.5267565620592738,0.5243174139348004,0.5243174139348004,0.5243174139348004,0.5243174139348004,0.5243174139348004,0.5243174139348004
2020-11-12,10378.88,0.5267565620592738,0.5267565620592738,0.5267565620592738,0.5243174139348004,0.5243174139348004,0.5243174139348004,0.5243174139348004,0.5243174139348004
2020-11-13,10378.88,0.5267565620592738,0.5267565620592738,0.5267565620592738,0.5267565620592738,0.5243174139348004,0.5243174139348004,0.5243174139348004,0.5243174139348004
2020-11-14,10378.88,0.5267565620592738,0.5267565620592738,0.5267565620592738,0.5267565620592738,0.5267565620592738,0.5243174139348004,0.5243174139348004,0.5243174139348004
2020-11-15,10378.88,0.5267565620592738,0.5267565620592738,0.5267565620592738,0.5267565620592738,0.5267565620592738,0.5267565620592738,0.5243174139348004,0.5243174139348004
2020-11-16,10378.88,0.5267565620592738,0.5267565620592738,0.5267565620592738,0.5267565620592738,0.5267565620592738,0.5267565620592738,0.5267565620592738,0.5243174139348004
2020-11-17,10390.93,0.529201797907852,0.5267565620592738,0.5267565620592738,0.5267565620592738,0.5267565620592738,0.5267565620592738,0.5267565620592738,0.5267565620592738
2020-11-18,10390.93,0.529201797907852,0.529201797907852,0.5267565620592738,0.5267565620592738,0.5267565620592738,0.5267565620592738,0.5267565620592738,0.5267565620592738
2020-11-19,10390.93,0.529201797907852,0.529201797907852,0.529201797907852,0.5267565620592738,0.5267565620592738,0.5267565620592738,0.5267565620592738,0.5267565620592738
2020-11-20,10390.93,0.529201797907852,0.529201797907852,0.529201797907852,0.529201797907852,0.5267565620592738,0.5267565620592738,0.5267565620592738,0.5267565620592738
2020-11-21,10390.93,0.529201797907852,0.529201797907852,0.529201797907852,0.529201797907852,0.529201797907852,0.5267565620592738,0.5267565620592738,0.5267565620592738
2020-11-22,10390.93,0.529201797907852,0.529201797907852,0.529201797907852,0.529201797907852,0.529201797907852,0.529201797907852,0.5267565620592738,0.5267565620592738
2020-11-23,10390.93,0.529201797907852,0.529201797907852,0.529201797907852,0.529201797907852,0.529201797907852,0.529201797907852,0.529201797907852,0.5267565620592738
2020-11-24,10414.86,0.5340577725017501,0.529201797907852,0.529201797907852,0.529201797907852,0.529201797907852,0.529201797907852,0.529201797907852,0.529201797907852
2020-11-25,10414.86,0.5340577725017501,0.5340577725017501,0.529201797907852,0.529201797907852,0.529201797907852,0.529201797907852,0.529201797907852,0.529201797907852
2020-11-26,10414.86,0.5340577725017501,0.5340577725017501,0.5340577725017501,0.529201797907852,0.529201797907852,0.529201797907852,0.529201797907852,0.529201797907852
2020-11-27,10414.86,0.5340577725017501,0.5340577725017501,0.5340577725017501,0.5340577725017501,0.529201797907852,0.529201797907852,0.529201797907852,0.529201797907852
2020-11-28,10414.86,0.5340577725017501,0.5340577725017501,0.5340577725017501,0.5340577725017501,0.5340577725017501,0.529201797907852,0.529201797907852,0.529201797907852
2020-11-29,10414.86,0.5340577725017501,0.5340577725017501,0.5340577725017501,0.5340577725017501,0.5340577725017501,0.5340577725017501,0.529201797907852,0.529201797907852
2020-11-30,10414.86,0.5340577725017501,0.5340577725017501,0.5340577725017501,0.5340577725017501,0.5340577725017501,0.5340577725017501,0.5340577725017501,0.529201797907852
2020-12-01,10427.38,0.5365983826946292,0.5340577725017501,0.5340577725017501,0.5340577725017501,0.5340577725017501,0.5340577725017501,0.5340577725017501,0.5340577725017501
2020-12-02,10427.38,0.5365983826946292,0.5365983826946292,0.5340577725017501,0.5340577725017501,0.5340577725017501,0.5340577725017501,0.5340577725017501,0.5340577725017501
2020-12-03,10427.38,0.5365983826946292,0.5365983826946292,0.5365983826946292,0.5340577725017501,0.5340577725017501,0.5340577725017501,0.5340577725017501,0.5340577725017501
2020-12-04,10427.38,0.5365983826946292,0.5365983826946292,0.5365983826946292,0.5365983826946292,0.5340577725017501,0.5340577725017501,0.5340577725017501,0.5340577725017501
2020-12-05,10427.38,0.5365983826946292,0.5365983826946292,0.5365983826946292,0.5365983826946292,0.5365983826946292,0.5340577725017501,0.5340577725017501,0.5340577725017501
2020-12-06,10427.38,0.5365983826946292,0.5365983826946292,0.5365983826946292,0.5365983826946292,0.5365983826946292,0.5365983826946292,0.5340577725017501,0.5340577725017501
2020-12-07,10427.38,0.5365983826946292,0.5365983826946292,0.5365983826946292,0.5365983826946292,0.5365983826946292,0.5365983826946292,0.5365983826946292,0.5340577725017501
2020-12-08,10443.07,0.5397822624012012,0.5365983826946292,0.5365983826946292,0.5365983826946292,0.5365983826946292,0.5365983826946292,0.5365983826946292,0.5365983826946292
2020-12-09,10443.07,0.5397822624012012,0.5397822624012012,0.5365983826946292,0.5365983826946292,0.5365983826946292,0.5365983826946292,0.5365983826946292,0.5365983826946292
2020-12-10,10443.07,0.5397822624012012,0.5397822624012012,0.5397822624012012,0.5365983826946292,0.5365983826946292,0.5365983826946292,0.5365983826946292,0.5365983826946292
2020-12-11,10443.07,0.5397822624012012,0.5397822624012012,0.5397822624012012,0.5397822624012012,0.5365983826946292,0.5365983826946292,0.5365983826946292,0.5365983826946292
2020-12-12,10443.07,0.5397822624012012,0.5397822624012012,0.5397822624012012,0.5397822624012012,0.5397822624012012,0.5365983826946292,0.5365983826946292,0.5365983826946292
2020-12-13,10443.07,0.5397822624012012,0.5397822624012012,0.5397822624012012,0.5397822624012012,0.5397822624012012,0.5397822624012012,0.5365983826946292,0.5365983826946292
2020-12-14,10443.07,0.5397822624012012,0.5397822624012012,0.5397822624012012,0.5397822624012012,0.5397822624012012,0.5397822624012012,0.5397822624012012,0.5365983826946292
2020-12-15,10463.12,0.543850891344271,0.5397822624012012,0.5397822624012012,0.5397822624012012,0.5397822624012012,0.5397822624012012,0.5397822624012012,0.5397822624012012
2020-12-16,10463.12,0.543850891344271,0.543850891344271,0.5397822624012012,0.5397822624012012,0.5397822624012012,0.5397822624012012,0.5397822624012012,0.5397822624012012
2020-12-17,10463.12,0.543850891344271,0.543850891344271,0.543850891344271,0.5397822624012012,0.5397822624012012,0.5397822624012012,0.5397822624012012,0.5397822624012012
2020-12-18,10463.12,0.543850891344271,0.543850891344271,0.543850891344271,0.543850891344271,0.5397822624012012,0.5397822624012012,0.5397822624012012,0.5397822624012012
2020-12-19,10463.12,0.543850891344271,0.543850891344271,0.543850891344271,0.543850891344271,0.543850891344271,0.5397822624012012,0.5397822624012012,0.5397822624012012
2020-12-20,10463.12,0.543850891344271,0.543850891344271,0.543850891344271,0.543850891344271,0.543850891344271,0.543850891344271,0.5397822624012012,0.5397822624012012
2020-12-21,10463.12,0.543850891344271,0.543850891344271,0.543850891344271,0.543850891344271,0.543850891344271,0.543850891344271,0.543850891344271,0.5397822624012012
2020-12-22,10473.77,0.5460120334013128,0.543850891344271,0.543850891344271,0.543850891344271,0.543850891344271,0.543850891344271,0.543850891344271,0.543850891344271
2020-12-23,10473.77,0.5460120334013128,0.5460120334013128,0.543850891344271,0.543850891344271,0.543850891344271,0.543850891344271,0.543850891344271,0.543850891344271
2020-12-24,10473.77,0.5460120334013128,0.5460120334013128,0.5460120334013128,0.543850891344271,0.543850891344271,0.543850891344271,0.543850891344271,0.543850891344271
2020-12-25,10473.77,0.5460120334013128,0.5460120334013128,0.5460120334013128,0.5460120334013128,0.543850891344271,0.543850891344271,0.543850891344271,0.543850891344271
2020-12-26,10473.77,0.5460120334013128,0.5460120334013128,0.5460120334013128,0.5460120334013128,0.5460120334013128,0.543850891344271,0.543850891344271,0.543850891344271
2020-12-27,10473.77,0.5460120334013128,0.5460120334013128,0.5460120334013128,0.5460120334013128,0.5460120334013128,0.5460120334013128,0.543850891344271,0.543850891344271
2020-12-28,10473.77,0.5460120334013128,0.5460120334013128,0.5460120334013128,0.5460120334013128,0.5460120334013128,0.5460120334013128,0.5460120334013128,0.543850891344271
2020-12-29,10476.92,0.5466512444322691,0.5460120334013128,0.5460120334013128,0.5460120334013128,0.5460120334013128,0.5460120334013128,0.5460120334013128,0.5460120334013128
2020-12-30,10476.92,0.5466512444322691,0.5466512444322691,0.5460120334013128,0.5460120334013128,0.5460120334013128,0.5460120334013128,0.5460120334013128,0.5460120334013128
2020-12-31,10476.92,0.5466512444322691,0.5466512444322691,0.5466512444322691,0.5460120334013128,0.5460120334013128,0.5460120334013128,0.5460120334013128,0.5460120334013128
2021-01-01,10476.92,0.5466512444322691,0.5466512444322691,0.5466512444322691,0.5466512444322691,0.5460120334013128,0.5460120334013128,0.5460120334013128,0.5460120334013128
2021-01-02,10476.92,0.5466512444322691,0.5466512444322691,0.5466512444322691,0.5466512444322691,0.5466512444322691,0.5460120334013128,0.5460120334013128,0.5460120334013128
2021-01-03,10476.92,0.5466512444322691,0.5466512444322691,0.5466512444322691,0.5466512444322691,0.5466512444322691,0.5466512444322691,0.5460120334013128,0.5460120334013128
2021-01-04,10476.92,0.5466512444322691,0.5466512444322691,0.5466512444322691,0.5466512444322691,0.5466512444322691,0.5466512444322691,0.5466512444322691,0.5460120334013128
2021-01-05,10449.44,0.5410748891526904,0.5466512444322691,0.5466512444322691,0.5466512444322691,0.5466512444322691,0.5466512444322691,0.5466512444322691,0.5466512444322691
2021-01-06,10449.44,0.5410748891526904,0.5410748891526904,0.5466512444322691,0.5466512444322691,0.5466512444322691,0.5466512444322691,0.5466512444322691,0.5466512444322691
2021-01-07,10449.44,0.5410748891526904,0.5410748891526904,0.5410748891526904,0.5466512444322691,0.5466512444322691,0.5466512444322691,0.5466512444322691,0.5466512444322691
2021-01-08,10449.44,0.5410748891526904,0.5410748891526904,0.5410748891526904,0.5410748891526904,0.5466512444322691,0.5466512444322691,0.5466512444322691,0.5466512444322691
2021-01-09,10449.44,0.5410748891526904,0.5410748891526904,0.5410748891526904,0.5410748891526904,0.5410748891526904,0.5466512444322691,0.5466512444322691,0.5466512444322691
2021-01-10,10449.44,0.5410748891526904,0.5410748891526904,0.5410748891526904,0.5410748891526904,0.5410748891526904,0.5410748891526904,0.5466512444322691,0.5466512444322691
2021-01-11,10449.44,0.5410748891526904,0.5410748891526904,0.5410748891526904,0.5410748891526904,0.5410748891526904,0.5410748891526904,0.5410748891526904,0.5466512444322691
2021-01-12,10473.2,0.5458963666433305,0.5410748891526904,0.5410748891526904,0.5410748891526904,0.5410748891526904,0.5410748891526904,0.5410748891526904,0.5410748891526904
2021-01-13,10473.2,0.5458963666433305,0.5458963666433305,0.5410748891526904,0.5410748891526904,0.5410748891526904,0.5410748891526904,0.5410748891526904,0.5410748891526904
2021-01-14,10473.2,0.5458963666433305,0.5458963666433305,0.5458963666433305,0.5410748891526904,0.5410748891526904,0.5410748891526904,0.5410748891526904,0.5410748891526904
2021-01-15,10473.2,0.5458963666433305,0.5458963666433305,0.5458963666433305,0.5458963666433305,0.5410748891526904,0.5410748891526904,0.5410748891526904,0.5410748891526904
2021-01-16,10473.2,0.5458963666433305,0.5458963666433305,0.5458963666433305,0.5458963666433305,0.5458963666433305,0.5410748891526904,0.5410748891526904,0.5410748891526904
2021-01-17,10473.2,0.5458963666433305,0.5458963666433305,0.5458963666433305,0.5458963666433305,0.5458963666433305,0.5458963666433305,0.5410748891526904,0.5410748891526904
2021-01-18,10473.2,0.5458963666433305,0.5458963666433305,0.5458963666433305,0.5458963666433305,0.5458963666433305,0.5458963666433305,0.5458963666433305,0.5410748891526904
2021-01-19,10500.81,0.5514991020606945,0.5458963666433305,0.5458963666433305,0.5458963666433305,0.5458963666433305,0.5458963666433305,0.5458963666433305,0.5458963666433305
2021-01-20,10500.81,0.5514991020606945,0.5514991020606945,0.5458963666433305,0.5458963666433305,0.5458963666433305,0.5458963666433305,0.5458963666433305,0.5458963666433305
2021-01-21,10500.81,0.5514991020606945,0.5514991020606945,0.5514991020606945,0.5458963666433305,0.5458963666433305,0.5458963666433305,0.5458963666433305,0.5458963666433305
2021-01-22,10500.81,0.5514991020606945,0.5514991020606945,0.5514991020606945,0.5514991020606945,0.5458963666433305,0.5458963666433305,0.5458963666433305,0.5458963666433305
2021-01-23,10500.81,0.5514991020606945,0.5514991020606945,0.5514991020606945,0.5514991020606945,0.5514991020606945,0.5458963666433305,0.5458963666433305,0.5458963666433305
2021-01-24,10500.81,0.5514991020606945,0.5514991020606945,0.5514991020606945,0.5514991020606945,0.5514991020606945,0.5514991020606945,0.5458963666433305,0.5458963666433305
2021-01-25,10500.81,0.5514991020606945,0.5514991020606945,0.5514991020606945,0.5514991020606945,0.5514991020606945,0.5514991020606945,0.5514991020606945,0.5458963666433305
2021-01-26,10518.99,0.5551882628679266,0.5514991020606945,0.5514991020606945,0.5514991020606945,0.5514991020606945,0.5514991020606945,0.5514991020606945,0.5514991020606945
2021-01-27,10518.99,0.5551882628679266,0.5551882628679266,0.5514991020606945,0.5514991020606945,0.5514991020606945,0.5514991020606945,0.5514991020606945,0.5514991020606945
2021-01-28,10518.99,0.5551882628679266,0.5551882628679266,0.5551882628679266,0.5514991020606945,0.5514991020606945,0.5514991020606945,0.5514991020606945,0.5514991020606945
2021-01-29,10518.99,0.5551882628679266,0.5551882628679266,0.5551882628679266,0.5551882628679266,0.5514991020606945,0.5514991020606945,0.5514991020606945,0.5514991020606945
2021-01-30,10518.99,0.5551882628679266,0.5551882628679266,0.5551882628679266,0.5551882628679266,0.5551882628679266,0.5514991020606945,0.5514991020606945,0.5514991020606945
2021-01-31,10518.99,0.5551882628679266,0.5551882628679266,0.5551882628679266,0.5551882628679266,0.5551882628679266,0.5551882628679266,0.5514991020606945,0.5514991020606945
2021-02-01,10518.99,0.5551882628679266,0.5551882628679266,0.5551882628679266,0.5551882628679266,0.5551882628679266,0.5551882628679266,0.5551882628679266,0.5514991020606945
2021-02-02,10540.44,0.5595409856025324,0.5551882628679266,0.5551882628679266,0.5551882628679266,0.5551882628679266,0.5551882628679266,0.5551882628679266,0.5551882628679266
2021-02-03,10540.44,0.5595409856025324,0.5595409856025324,0.5551882628679266,0.5551882628679266,0.5551882628679266,0.5551882628679266,0.5551882628679266,0.5551882628679266
2021-02-04,10540.44,0.5595409856025324,0.5595409856025324,0.5595409856025324,0.5551882628679266,0.5551882628679266,0.5551882628679266,0.5551882628679266,0.5551882628679266
2021-02-05,10540.44,0.5595409856025324,0.5595409856025324,0.5595409856025324,0.5595409856025324,0.5551882628679266,0.5551882628679266,0.5551882628679266,0.5551882628679266
2021-02-06,10540.44,0.5595409856025324,0.5595409856025324,0.5595409856025324,0.5595409856025324,0.5595409856025324,0.5551882628679266,0.5551882628679266,0.5551882628679266
2021-02-07,10540.44,0.5595409856025324,0.5595409856025324,0.5595409856025324,0.5595409856025324,0.5595409856025324,0.5595409856025324,0.5551882628679266,0.5551882628679266
2021-02-08,10540.44,0.5595409856025324,0.5595409856025324,0.5595409856025324,0.5595409856025324,0.5595409856025324,0.5595409856025324,0.5595409856025324,0.5551882628679266
2021-02-09,10530.83,0.5575908846477742,0.5595409856025324,0.5595409856025324,0.5595409856025324,0.5595409856025324,0.5595409856025324,0.5595409856025324,0.5595409856025324
2021-02-10,10530.83,0.5575908846477742,0.5575908846477742,0.5595409856025324,0.5595409856025324,0.5595409856025324,0.5595409856025324,0.5595409856025324,0.5595409856025324
2021-02-11,10530.83,0.5575908846477742,0.5575908846477742,0.5575908846477742,0.5595409856025324,0.5595409856025324,0.5595409856025324,0.5595409856025324,0.5595409856025324
2021-02-12,10530.83,0.5575908846477742,0.5575908846477742,0.5575908846477742,0.5575908846477742,0.5595409856025324,0.5595409856025324,0.5595409856025324,0.5595409856025324
2021-02-13,10530.83,0.5575908846477742,0.5575908846477742,0.5575908846477742,0.5575908846477742,0.5575908846477742,0.5595409856025324,0.5595409856025324,0.5595409856025324
2021-02-14,10530.83,0.5575908846477742,0.5575908846477742,0.5575908846477742,0.5575908846477742,0.5575908846477742,0.5575908846477742,0.5595409856025324,0.5595409856025324
2021-02-15,10530.83,0.5575908846477742,0.5575908846477742,0.5575908846477742,0.5575908846477742,0.5575908846477742,0.5575908846477742,0.5575908846477742,0.5595409856025324
2021-02-16,10540.09,0.5594699621546486,0.5575908846477742,0.5575908846477742,0.5575908846477742,0.5575908846477742,0.5575908846477742,0.5575908846477742,0.5575908846477742
2021-02-17,10527.18,0.5568502115484126,0.5594699621546486,0.5575908846477742,0.5575908846477742,0.5575908846477742,0.5575908846477742,0.5575908846477742,0.5575908846477742
2021-02-18,10521.48,0.5556935439685871,0.5568502115484126,0.5594699621546486,0.5575908846477742,0.5575908846477742,0.5575908846477742,0.5575908846477742,0.5575908846477742
2021-02-19,10514.58,0.5542933674245882,0.5556935439685871,0.5568502115484126,0.5594699621546486,0.5575908846477742,0.5575908846477742,0.5575908846477742,0.5575908846477742
2021-02-20,10514.58,0.5542933674245882,0.5542933674245882,0.5556935439685871,0.5568502115484126,0.5594699621546486,0.5575908846477742,0.5575908846477742,0.5575908846477742
2021-02-21,10514.58,0.5542933674245882,0.5542933674245882,0.5542933674245882,0.5556935439685871,0.5568502115484126,0.5594699621546486,0.5575908846477742,0.5575908846477742
2021-02-22,10532.27,0.5578830954047829,0.5542933674245882,0.5542933674245882,0.5542933674245882,0.5556935439685871,0.5568502115484126,0.5594699621546486,0.5575908846477742
2021-02-23,10549.65,0.5614099169025659,0.5578830954047829,0.5542933674245882,0.5542933674245882,0.5542933674245882,0.5556935439685871,0.5568502115484126,0.5594699621546486
2021-02-24,10542.46,0.5599508923588912,0.5614099169025659,0.5578830954047829,0.5542933674245882,0.5542933674245882,0.5542933674245882,0.5556935439685871,0.5568502115484126
2021-02-25,10554.34,0.5623616311042114,0.5599508923588912,0.5614099169025659,0.5578830954047829,0.5542933674245882,0.5542933674245882,0.5542933674245882,0.5556935439685871
2021-02-26,10538.53,0.5591534005012229,0.5623616311042114,0.5599508923588912,0.5614099169025659,0.5578830954047829,0.5542933674245882,0.5542933674245882,0.5542933674245882
2021-02-27,10538.53,0.5591534005012229,0.5591534005012229,0.5623616311042114,0.5599508923588912,0.5614099169025659,0.5578830954047829,0.5542933674245882,0.5542933674245882
2021-02-28,10538.53,0.5591534005012229,0.5591534005012229,0.5591534005012229,0.5623616311042114,0.5599508923588912,0.5614099169025659,0.5578830954047829,0.5542933674245882
2021-03-01,10525.5,0.5565092989985694,0.5591534005012229,0.5591534005012229,0.5591534005012229,0.5623616311042114,0.5599508923588912,0.5614099169025659,0.5578830954047829
2021-03-02,10517.12,0.5548087947320897,0.5565092989985694,0.5591534005012229,0.5591534005012229,0.5591534005012229,0.5623616311042114,0.5599508923588912,0.5614099169025659
2021-03-03,10500.03,0.5513408212339816,0.5548087947320897,0.5565092989985694,0.5591534005012229,0.5591534005012229,0.5591534005012229,0.5623616311042114,0.5599508923588912
2021-03-04,10487.54,0.5488062987652069,0.5513408212339816,0.5548087947320897,0.5565092989985694,0.5591534005012229,0.5591534005012229,0.5591534005012229,0.5623616311042114
2021-03-05,10477.86,0.5468419931208717,0.5488062987652069,0.5513408212339816,0.5548087947320897,0.5565092989985694,0.5591534005012229,0.5591534005012229,0.5591534005012229
2021-03-06,10477.86,0.5468419931208717,0.5468419931208717,0.5488062987652069,0.5513408212339816,0.5548087947320897,0.5565092989985694,0.5591534005012229,0.5591534005012229
2021-03-07,10477.86,0.5468419931208717,0.5468419931208717,0.5468419931208717,0.5488062987652069,0.5513408212339816,0.5548087947320897,0.5565092989985694,0.5591534005012229
2021-03-08,10477.86,0.5468419931208717,0.5468419931208717,0.5468419931208717,0.5468419931208717,0.5488062987652069,0.5513408212339816,0.5548087947320897,0.5565092989985694
2021-03-09,10490.65,0.5494373928306902,0.5468419931208717,0.5468419931208717,0.5468419931208717,0.5468419931208717,0.5488062987652069,0.5513408212339816,0.5548087947320897
2021-03-10,10497.47,0.5508213354437441,0.5494373928306902,0.5468419931208717,0.5468419931208717,0.5468419931208717,0.5468419931208717,0.5488062987652069,0.5513408212339816
2021-03-11,10503.92,0.5521301961261782,0.5508213354437441,0.5494373928306902,0.5468419931208717,0.5468419931208717,0.5468419931208717,0.5468419931208717,0.5488062987652069
2021-03-12,10513.56,0.5540863848050404,0.5521301961261782,0.5508213354437441,0.5494373928306902,0.5468419931208717,0.5468419931208717,0.5468419931208717,0.5468419931208717
2021-03-13,10513.56,0.5540863848050404,0.5540863848050404,0.5521301961261782,0.5508213354437441,0.5494373928306902,0.5468419931208717,0.5468419931208717,0.5468419931208717
2021-03-14,10513.56,0.5540863848050404,0.5540863848050404,0.5540863848050404,0.5521301961261782,0.5508213354437441,0.5494373928306902,0.5468419931208717,0.5468419931208717
2021-03-15,10518.91,0.5551720289369817,0.5540863848050404,0.5540863848050404,0.5540863848050404,0.5521301961261782,0.5508213354437441,0.5494373928306902,0.5468419931208717
2021-03-16,10528.59,0.557136334581317,0.5551720289369817,0.5540863848050404,0.5540863848050404,0.5540863848050404,0.5521301961261782,0.5508213354437441,0.5494373928306902
2021-03-17,10536.0,0.5586400024350897,0.557136334581317,0.5551720289369817,0.5540863848050404,0.5540863848050404,0.5540863848050404,0.5521301961261782,0.5508213354437441
2021-03-18,10523.63,0.5561298308627316,0.5586400024350897,0.557136334581317,0.5551720289369817,0.5540863848050404,0.5540863848050404,0.5540863848050404,0.5521301961261782
2021-03-19,10513.97,0.5541695837011333,0.5561298308627316,0.5586400024350897,0.557136334581317,0.5551720289369817,0.5540863848050404,0.5540863848050404,0.5540863848050404
2021-03-20,10513.97,0.5541695837011333,0.5541695837011333,0.5561298308627316,0.5586400024350897,0.557136334581317,0.5551720289369817,0.5540863848050404,0.5540863848050404
2021-03-21,10513.97,0.5541695837011333,0.5541695837011333,0.5541695837011333,0.5561298308627316,0.5586400024350897,0.557136334581317,0.5551720289369817,0.5540863848050404
2021-03-22,10513.97,0.5541695837011333,0.5541695837011333,0.5541695837011333,0.5541695837011333,0.5561298308627316,0.5586400024350897,0.557136334581317,0.5551720289369817
2021-03-23,10505.92,0.5525360443998013,0.5541695837011333,0.5541695837011333,0.5541695837011333,0.5541695837011333,0.5561298308627316,0.5586400024350897,0.557136334581317
2021-03-24,10496.2,0.5505636217899939,0.5525360443998013,0.5541695837011333,0.5541695837011333,0.5541695837011333,0.5541695837011333,0.5561298308627316,0.5586400024350897
2021-03-25,10507.68,0.5528931908805894,0.5505636217899939,0.5525360443998013,0.5541695837011333,0.5541695837011333,0.5541695837011333,0.5541695837011333,0.5561298308627316
2021-03-26,10490.34,0.5493744863482786,0.5528931908805894,0.5505636217899939,0.5525360443998013,0.5541695837011333,0.5541695837011333,0.5541695837011333,0.5541695837011333
2021-03-27,10510.0,0.5533639748779919,0.5493744863482786,0.5528931908805894,0.5505636217899939,0.5525360443998013,0.5541695837011333,0.5541695837011333,0.5541695837011333
2021-03-28,10510.0,0.5533639748779919,0.5533639748779919,0.5493744863482786,0.5528931908805894,0.5505636217899939,0.5525360443998013,0.5541695837011333,0.5541695837011333
2021-03-29,10502.0,0.5517405817835004,0.5533639748779919,0.5533639748779919,0.5493744863482786,0.5528931908805894,0.5505636217899939,0.5525360443998013,0.5541695837011333
2021-03-30,10486.46,0.5485871406974498,0.5517405817835004,0.5533639748779919,0.5533639748779919,0.5493744863482786,0.5528931908805894,0.5505636217899939,0.5525360443998013
2021-03-31,10474.98,0.5462575716068547,0.5485871406974498,0.5517405817835004,0.5533639748779919,0.5533639748779919,0.5493744863482786,0.5528931908805894,0.5505636217899939
2021-04-01,10485.66,0.5484248013880009,0.5462575716068547,0.5485871406974498,0.5517405817835004,0.5533639748779919,0.5533639748779919,0.5493744863482786,0.5528931908805894
2021-04-02,10472.51,0.5457563489889303,0.5484248013880009,0.5462575716068547,0.5485871406974498,0.5517405817835004,0.5533639748779919,0.5533639748779919,0.5493744863482786
2021-04-03,10472.51,0.5457563489889303,0.5457563489889303,0.5484248013880009,0.5462575716068547,0.5485871406974498,0.5517405817835004,0.5533639748779919,0.5533639748779919
2021-04-04,10472.51,0.5457563489889303,0.5457563489889303,0.5457563489889303,0.5484248013880009,0.5462575716068547,0.5485871406974498,0.5517405817835004,0.5533639748779919
2021-04-05,10472.67,0.5457888168508205,0.5457563489889303,0.5457563489889303,0.5457563489889303,0.5484248013880009,0.5462575716068547,0.5485871406974498,0.5517405817835004
2021-04-06,10482.97,0.547878935459978,0.5457888168508205,0.5457563489889303,0.5457563489889303,0.5457563489889303,0.5484248013880009,0.5462575716068547,0.5485871406974498
2021-04-07,10468.06,0.5448533365801194,0.547878935459978,0.5457888168508205,0.5457563489889303,0.5457563489889303,0.5457563489889303,0.5484248013880009,0.5462575716068547
2021-04-08,10479.24,0.5471220284296716,0.5448533365801194,0.547878935459978,0.5457888168508205,0.5457563489889303,0.5457563489889303,0.5457563489889303,0.5484248013880009
2021-04-09,10473.07,0.5458699865055447,0.5471220284296716,0.5448533365801194,0.547878935459978,0.5457888168508205,0.5457563489889303,0.5457563489889303,0.5457563489889303
2021-04-10,10473.07,0.5458699865055447,0.5458699865055447,0.5471220284296716,0.5448533365801194,0.547878935459978,0.5457888168508205,0.5457563489889303,0.5457563489889303
2021-04-11,10473.07,0.5458699865055447,0.5458699865055447,0.5458699865055447,0.5471220284296716,0.5448533365801194,0.547878935459978,0.5457888168508205,0.5457563489889303
2021-04-12,10477.92,0.5468541685690804,0.5458699865055447,0.5458699865055447,0.5458699865055447,0.5471220284296716,0.5448533365801194,0.547878935459978,0.5457888168508205
2021-04-13,10475.41,0.5463448289856838,0.5468541685690804,0.5458699865055447,0.5458699865055447,0.5458699865055447,0.5471220284296716,0.5448533365801194,0.547878935459978
2021-04-14,10492.36,0.5497843931046378,0.5463448289856838,0.5468541685690804,0.5458699865055447,0.5458699865055447,0.5458699865055447,0.5471220284296716,0.5448533365801194
2021-04-15,10496.99,0.5507239318580746,0.5497843931046378,0.5463448289856838,0.5468541685690804,0.5458699865055447,0.5458699865055447,0.5458699865055447,0.5471220284296716
2021-04-16,10507.46,0.5528485475704905,0.5507239318580746,0.5497843931046378,0.5463448289856838,0.5468541685690804,0.5458699865055447,0.5458699865055447,0.5458699865055447
2021-04-17,10507.46,0.5528485475704905,0.5528485475704905,0.5507239318580746,0.5497843931046378,0.5463448289856838,0.5468541685690804,0.5458699865055447,0.5458699865055447
2021-04-18,10507.46,0.5528485475704905,0.5528485475704905,0.5528485475704905,0.5507239318580746,0.5497843931046378,0.5463448289856838,0.5468541685690804,0.5458699865055447
2021-04-19,10512.18,0.5538063494962409,0.5528485475704905,0.5528485475704905,0.5528485475704905,0.5507239318580746,0.5497843931046378,0.5463448289856838,0.5468541685690804
2021-04-20,10525.64,0.556537708377723,0.5538063494962409,0.5528485475704905,0.5528485475704905,0.5528485475704905,0.5507239318580746,0.5497843931046378,0.5463448289856838
2021-04-21,10537.76,0.5589971489158778,0.556537708377723,0.5538063494962409,0.5528485475704905,0.5528485475704905,0.5528485475704905,0.5507239318580746,0.5497843931046378
2021-04-22,10552.01,0.5618888178654411,0.5589971489158778,0.556537708377723,0.5538063494962409,0.5528485475704905,0.5528485475704905,0.5528485475704905,0.5507239318580746
2021-04-23,10535.24,0.5584857800911129,0.5618888178654411,0.5589971489158778,0.556537708377723,0.5538063494962409,0.5528485475704905,0.5528485475704905,0.5528485475704905
2021-04-24,10535.24,0.5584857800911129,0.5584857800911129,0.5618888178654411,0.5589971489158778,0.556537708377723,0.5538063494962409,0.5528485475704905,0.5528485475704905
2021-04-25,10535.24,0.5584857800911129,0.5584857800911129,0.5584857800911129,0.5618888178654411,0.5589971489158778,0.556537708377723,0.5538063494962409,0.5528485475704905
2021-04-26,10539.52,0.5593542953966659,0.5584857800911129,0.5584857800911129,0.5584857800911129,0.5618888178654411,0.5589971489158778,0.556537708377723,0.5538063494962409
2021-04-27,10548.18,0.5611116184214533,0.5593542953966659,0.5584857800911129,0.5584857800911129,0.5584857800911129,0.5618888178654411,0.5589971489158778,0.556537708377723
2021-04-28,10529.51,0.5573230247871834,0.5611116184214533,0.5593542953966659,0.5584857800911129,0.5584857800911129,0.5584857800911129,0.5618888178654411,0.5589971489158778
2021-04-29,10515.04,0.5543867125275217,0.5573230247871834,0.5611116184214533,0.5593542953966659,0.5584857800911129,0.5584857800911129,0.5584857800911129,0.5618888178654411
2021-04-30,10509.11,0.5531833723962298,0.5543867125275217,0.5573230247871834,0.5611116184214533,0.5593542953966659,0.5584857800911129,0.5584857800911129,0.5584857800911129
2021-05-01,10509.11,0.5531833723962298,0.5531833723962298,0.5543867125275217,0.5573230247871834,0.5611116184214533,0.5593542953966659,0.5584857800911129,0.5584857800911129
2021-05-02,10509.11,0.5531833723962298,0.5531833723962298,0.5531833723962298,0.5543867125275217,0.5573230247871834,0.5611116184214533,0.5593542953966659,0.5584857800911129
2021-05-03,10523.0,0.5560019886565406,0.5531833723962298,0.5531833723962298,0.5531833723962298,0.5543867125275217,0.5573230247871834,0.5611116184214533,0.5593542953966659
2021-05-04,10522.5,0.5559005265881349,0.5560019886565406,0.5531833723962298,0.5531833723962298,0.5531833723962298,0.5543867125275217,0.5573230247871834,0.5611116184214533
2021-05-05,10513.94,0.554163495977029,0.5559005265881349,0.5560019886565406,0.5531833723962298,0.5531833723962298,0.5531833723962298,0.5543867125275217,0.5573230247871834
2021-05-06,10501.22,0.5515823009567871,0.554163495977029,0.5559005265881349,0.5560019886565406,0.5531833723962298,0.5531833723962298,0.5531833723962298,0.5543867125275217
2021-05-07,10493.48,0.5500116681378666,0.5515823009567871,0.554163495977029,0.5559005265881349,0.5560019886565406,0.5531833723962298,0.5531833723962298,0.5531833723962298
2021-05-08,10493.48,0.5500116681378666,0.5500116681378666,0.5515823009567871,0.554163495977029,0.5559005265881349,0.5560019886565406,0.5531833723962298,0.5531833723962298
2021-05-09,10493.48,0.5500116681378666,0.5500116681378666,0.5500116681378666,0.5515823009567871,0.554163495977029,0.5559005265881349,0.5560019886565406,0.5531833723962298
2021-05-10,10511.84,0.5537373552897249,0.5500116681378666,0.5500116681378666,0.5500116681378666,0.5515823009567871,0.554163495977029,0.5559005265881349,0.5560019886565406
2021-05-11,10529.73,0.5573676680972819,0.5537373552897249,0.5500116681378666,0.5500116681378666,0.5500116681378666,0.5515823009567871,0.554163495977029,0.5559005265881349
2021-05-12,10542.66,0.559991477186254,0.5573676680972819,0.5537373552897249,0.5500116681378666,0.5500116681378666,0.5500116681378666,0.5515823009567871,0.554163495977029
2021-05-13,10542.66,0.559991477186254,0.559991477186254,0.5573676680972819,0.5537373552897249,0.5500116681378666,0.5500116681378666,0.5500116681378666,0.5515823009567871
2021-05-14,10542.66,0.559991477186254,0.559991477186254,0.559991477186254,0.5573676680972819,0.5537373552897249,0.5500116681378666,0.5500116681378666,0.5500116681378666
2021-05-15,10542.66,0.559991477186254,0.559991477186254,0.559991477186254,0.559991477186254,0.5573676680972819,0.5537373552897249,0.5500116681378666,0.5500116681378666
2021-05-16,10542.66,0.559991477186254,0.559991477186254,0.559991477186254,0.559991477186254,0.559991477186254,0.5573676680972819,0.5537373552897249,0.5500116681378666
2021-05-17,10550.84,0.5616513966253718,0.559991477186254,0.559991477186254,0.559991477186254,0.559991477186254,0.559991477186254,0.5573676680972819,0.5537373552897249
2021-05-18,10566.11,0.5647500481944825,0.5616513966253718,0.559991477186254,0.559991477186254,0.559991477186254,0.559991477186254,0.559991477186254,0.5573676680972819
2021-05-19,10577.0,0.5669598920443593,0.5647500481944825,0.5616513966253718,0.559991477186254,0.559991477186254,0.559991477186254,0.559991477186254,0.559991477186254
2021-05-20,10586.0,0.5687862092756621,0.5669598920443593,0.5647500481944825,0.5616513966253718,0.559991477186254,0.559991477186254,0.559991477186254,0.559991477186254
2021-05-21,10597.75,0.5711705678831966,0.5687862092756621,0.5669598920443593,0.5647500481944825,0.5616513966253718,0.559991477186254,0.559991477186254,0.559991477186254
2021-05-22,10597.75,0.5711705678831966,0.5711705678831966,0.5687862092756621,0.5669598920443593,0.5647500481944825,0.5616513966253718,0.559991477186254,0.559991477186254
2021-05-23,10597.75,0.5711705678831966,0.5711705678831966,0.5711705678831966,0.5687862092756621,0.5669598920443593,0.5647500481944825,0.5616513966253718,0.559991477186254
2021-05-24,10578.28,0.5672196349394778,0.5711705678831966,0.5711705678831966,0.5711705678831966,0.5687862092756621,0.5669598920443593,0.5647500481944825,0.5616513966253718
2021-05-25,10596.76,0.5709696729877536,0.5672196349394778,0.5711705678831966,0.5711705678831966,0.5711705678831966,0.5687862092756621,0.5669598920443593,0.5647500481944825
2021-05-26,10601.54,0.5719396503617122,0.5709696729877536,0.5672196349394778,0.5711705678831966,0.5711705678831966,0.5711705678831966,0.5687862092756621,0.5669598920443593
2021-05-27,10609.91,0.5736381253868241,0.5719396503617122,0.5709696729877536,0.5672196349394778,0.5711705678831966,0.5711705678831966,0.5711705678831966,0.5687862092756621
2021-05-28,10589.03,0.569401069410201,0.5736381253868241,0.5719396503617122,0.5709696729877536,0.5672196349394778,0.5711705678831966,0.5711705678831966,0.5711705678831966
2021-05-29,10589.03,0.569401069410201,0.569401069410201,0.5736381253868241,0.5719396503617122,0.5709696729877536,0.5672196349394778,0.5711705678831966,0.5711705678831966
2021-05-30,10589.03,0.569401069410201,0.569401069410201,0.569401069410201,0.5736381253868241,0.5719396503617122,0.5709696729877536,0.5672196349394778,0.5711705678831966
2021-05-31,10580.65,0.5677005651437208,0.569401069410201,0.569401069410201,0.569401069410201,0.5736381253868241,0.5719396503617122,0.5709696729877536,0.5672196349394778
2021-06-01,10568.21,0.5651761888817861,0.5677005651437208,0.569401069410201,0.569401069410201,0.569401069410201,0.5736381253868241,0.5719396503617122,0.5709696729877536
2021-06-02,10559.82,0.5634736553739381,0.5651761888817861,0.5677005651437208,0.569401069410201,0.569401069410201,0.569401069410201,0.5736381253868241,0.5719396503617122
2021-06-03,10550.74,0.5616311042116904,0.5634736553739381,0.5651761888817861,0.5677005651437208,0.569401069410201,0.569401069410201,0.569401069410201,0.5736381253868241
2021-06-04,10539.2,0.5592893596728865,0.5616311042116904,0.5634736553739381,0.5651761888817861,0.5677005651437208,0.569401069410201,0.569401069410201,0.569401069410201
2021-06-05,10539.2,0.5592893596728865,0.5592893596728865,0.5616311042116904,0.5634736553739381,0.5651761888817861,0.5677005651437208,0.569401069410201,0.569401069410201
2021-06-06,10539.2,0.5592893596728865,0.5592893596728865,0.5592893596728865,0.5616311042116904,0.5634736553739381,0.5651761888817861,0.5677005651437208,0.569401069410201
2021-06-07,10547.56,0.5609858054566297,0.5592893596728865,0.5592893596728865,0.5592893596728865,0.5616311042116904,0.5634736553739381,0.5651761888817861,0.5677005651437208
2021-06-08,10532.12,0.5578526567842614,0.5609858054566297,0.5592893596728865,0.5592893596728865,0.5592893596728865,0.5616311042116904,0.5634736553739381,0.5651761888817861
2021-06-09,10554.96,0.5624874440690346,0.5578526567842614,0.5609858054566297,0.5592893596728865,0.5592893596728865,0.5592893596728865,0.5616311042116904,0.5634736553739381
2021-06-10,10571.4,0.5658235168782151,0.5624874440690346,0.5578526567842614,0.5609858054566297,0.5592893596728865,0.5592893596728865,0.5592893596728865,0.5616311042116904
2021-06-11,10588.01,0.5691940867906531,0.5658235168782151,0.5624874440690346,0.5578526567842614,0.5609858054566297,0.5592893596728865,0.5592893596728865,0.5592893596728865
2021-06-12,10588.01,0.5691940867906531,0.5691940867906531,0.5658235168782151,0.5624874440690346,0.5578526567842614,0.5609858054566297,0.5592893596728865,0.5592893596728865
2021-06-13,10588.01,0.5691940867906531,0.5691940867906531,0.5691940867906531,0.5658235168782151,0.5624874440690346,0.5578526567842614,0.5609858054566297,0.5592893596728865
2021-06-14,10597.04,0.5710264917460608,0.5691940867906531,0.5691940867906531,0.5691940867906531,0.5658235168782151,0.5624874440690346,0.5578526567842614,0.5609858054566297
2021-06-15,10609.0,0.5734534644223255,0.5710264917460608,0.5691940867906531,0.5691940867906531,0.5691940867906531,0.5658235168782151,0.5624874440690346,0.5578526567842614
2021-06-16,10616.02,0.5748779918627422,0.5734534644223255,0.5710264917460608,0.5691940867906531,0.5691940867906531,0.5691940867906531,0.5658235168782151,0.5624874440690346
2021-06-17,10590.46,0.5696912509258409,0.5748779918627422,0.5734534644223255,0.5710264917460608,0.5691940867906531,0.5691940867906531,0.5691940867906531,0.5658235168782151
2021-06-18,10581.03,0.5677776763157094,0.5696912509258409,0.5748779918627422,0.5734534644223255,0.5710264917460608,0.5691940867906531,0.5691940867906531,0.5691940867906531
2021-06-19,10581.03,0.5677776763157094,0.5677776763157094,0.5696912509258409,0.5748779918627422,0.5734534644223255,0.5710264917460608,0.5691940867906531,0.5691940867906531
2021-06-20,10581.03,0.5677776763157094,0.5677776763157094,0.5677776763157094,0.5696912509258409,0.5748779918627422,0.5734534644223255,0.5710264917460608,0.5691940867906531
2021-06-21,10567.6,0.5650524051583317,0.5677776763157094,0.5677776763157094,0.5677776763157094,0.5696912509258409,0.5748779918627422,0.5734534644223255,0.5710264917460608
2021-06-22,10586.85,0.568958694791952,0.5650524051583317,0.5677776763157094,0.5677776763157094,0.5677776763157094,0.5696912509258409,0.5748779918627422,0.5734534644223255
2021-06-23,10581.36,0.5678446412808571,0.568958694791952,0.5650524051583317,0.5677776763157094,0.5677776763157094,0.5677776763157094,0.5696912509258409,0.5748779918627422
2021-06-24,10571.88,0.5659209204638842,0.5678446412808571,0.568958694791952,0.5650524051583317,0.5677776763157094,0.5677776763157094,0.5677776763157094,0.5696912509258409
2021-06-25,10564.96,0.5645166854371493,0.5659209204638842,0.5678446412808571,0.568958694791952,0.5650524051583317,0.5677776763157094,0.5677776763157094,0.5677776763157094
2021-06-26,10564.96,0.5645166854371493,0.5645166854371493,0.5659209204638842,0.5678446412808571,0.568958694791952,0.5650524051583317,0.5677776763157094,0.5677776763157094
2021-06-27,10564.96,0.5645166854371493,0.5645166854371493,0.5645166854371493,0.5659209204638842,0.5678446412808571,0.568958694791952,0.5650524051583317,0.5677776763157094
2021-06-28,10576.0,0.5667569679075475,0.5645166854371493,0.5645166854371493,0.5645166854371493,0.5659209204638842,0.5678446412808571,0.568958694791952,0.5650524051583317
2021-06-29,10586.83,0.5689546363092159,0.5667569679075475,0.5645166854371493,0.5645166854371493,0.5645166854371493,0.5659209204638842,0.5678446412808571,0.568958694791952
2021-06-30,10605.3,0.572702645116123,0.5689546363092159,0.5667569679075475,0.5645166854371493,0.5645166854371493,0.5645166854371493,0.5659209204638842,0.5678446412808571
2021-07-01,10591.0,0.5698008299597197,0.572702645116123,0.5689546363092159,0.5667569679075475,0.5645166854371493,0.5645166854371493,0.5645166854371493,0.5659209204638842
2021-07-02,10587.59,0.5691088586531923,0.5698008299597197,0.572702645116123,0.5689546363092159,0.5667569679075475,0.5645166854371493,0.5645166854371493,0.5645166854371493
2021-07-03,10587.59,0.5691088586531923,0.5691088586531923,0.5698008299597197,0.572702645116123,0.5689546363092159,0.5667569679075475,0.5645166854371493,0.5645166854371493
2021-07-04,10587.59,0.5691088586531923,0.5691088586531923,0.5691088586531923,0.5698008299597197,0.572702645116123,0.5689546363092159,0.5667569679075475,0.5645166854371493
2021-07-05,10613.54,0.57437474000345,0.5691088586531923,0.5691088586531923,0.5691088586531923,0.5698008299597197,0.572702645116123,0.5689546363092159,0.5667569679075475
2021-07-06,10593.6,0.5703284327154294,0.57437474000345,0.5691088586531923,0.5691088586531923,0.5691088586531923,0.5698008299597197,0.572702645116123,0.5689546363092159
2021-07-07,10602.56,0.5721466329812597,0.5703284327154294,0.57437474000345,0.5691088586531923,0.5691088586531923,0.5691088586531923,0.5698008299597197,0.572702645116123
2021-07-08,10625.04,0.5767083675767817,0.5721466329812597,0.5703284327154294,0.57437474000345,0.5691088586531923,0.5691088586531923,0.5691088586531923,0.5698008299597197
2021-07-09,10630.75,0.5778670643979746,0.5767083675767817,0.5721466329812597,0.5703284327154294,0.57437474000345,0.5691088586531923,0.5691088586531923,0.5691088586531923
2021-07-10,10630.75,0.5778670643979746,0.5778670643979746,0.5767083675767817,0.5721466329812597,0.5703284327154294,0.57437474000345,0.5691088586531923,0.5691088586531923
2021-07-11,10630.75,0.5778670643979746,0.5778670643979746,0.5778670643979746,0.5767083675767817,0.5721466329812597,0.5703284327154294,0.57437474000345,0.5691088586531923
2021-07-12,10621.49,0.5759879868911006,0.5778670643979746,0.5778670643979746,0.5778670643979746,0.5767083675767817,0.5721466329812597,0.5703284327154294,0.57437474000345
2021-07-13,10637.0,0.5791353402530464,0.5759879868911006,0.5778670643979746,0.5778670643979746,0.5778670643979746,0.5767083675767817,0.5721466329812597,0.5703284327154294
2021-07-14,10649.09,0.5815886930670968,0.5791353402530464,0.5759879868911006,0.5778670643979746,0.5778670643979746,0.5778670643979746,0.5767083675767817,0.5721466329812597
2021-07-15,10660.0,0.5838025953997097,0.5815886930670968,0.5791353402530464,0.5759879868911006,0.5778670643979746,0.5778670643979746,0.5778670643979746,0.5767083675767817
2021-07-16,10650.66,0.5819072839618908,0.5838025953997097,0.5815886930670968,0.5791353402530464,0.5759879868911006,0.5778670643979746,0.5778670643979746,0.5778670643979746
2021-07-17,10625.97,0.576897087024016,0.5819072839618908,0.5838025953997097,0.5815886930670968,0.5791353402530464,0.5759879868911006,0.5778670643979746,0.5778670643979746
2021-07-18,10625.97,0.576897087024016,0.576897087024016,0.5819072839618908,0.5838025953997097,0.5815886930670968,0.5791353402530464,0.5759879868911006,0.5778670643979746
2021-07-19,10611.38,0.5739364238679368,0.576897087024016,0.576897087024016,0.5819072839618908,0.5838025953997097,0.5815886930670968,0.5791353402530464,0.5759879868911006
2021-07-20,10611.38,0.5739364238679368,0.5739364238679368,0.576897087024016,0.576897087024016,0.5819072839618908,0.5838025953997097,0.5815886930670968,0.5791353402530464
2021-07-21,10611.38,0.5739364238679368,0.5739364238679368,0.5739364238679368,0.576897087024016,0.576897087024016,0.5819072839618908,0.5838025953997097,0.5815886930670968
2021-07-22,10611.38,0.5739364238679368,0.5739364238679368,0.5739364238679368,0.5739364238679368,0.576897087024016,0.576897087024016,0.5819072839618908,0.5838025953997097
2021-07-23,10598.66,0.5713552288476953,0.5739364238679368,0.5739364238679368,0.5739364238679368,0.5739364238679368,0.576897087024016,0.576897087024016,0.5819072839618908
2021-07-24,10615.49,0.5747704420702318,0.5713552288476953,0.5739364238679368,0.5739364238679368,0.5739364238679368,0.5739364238679368,0.576897087024016,0.576897087024016
2021-07-25,10615.49,0.5747704420702318,0.5747704420702318,0.5713552288476953,0.5739364238679368,0.5739364238679368,0.5739364238679368,0.5739364238679368,0.576897087024016
2021-07-26,10634.36,0.5785996205318644,0.5747704420702318,0.5747704420702318,0.5713552288476953,0.5739364238679368,0.5739364238679368,0.5739364238679368,0.5739364238679368
2021-07-27,10657.35,0.5832648464371595,0.5785996205318644,0.5747704420702318,0.5747704420702318,0.5713552288476953,0.5739364238679368,0.5739364238679368,0.5739364238679368
2021-07-28,10670.0,0.5858318367678244,0.5832648464371595,0.5785996205318644,0.5747704420702318,0.5747704420702318,0.5713552288476953,0.5739364238679368,0.5739364238679368
2021-07-29,10648.03,0.5813735934820767,0.5858318367678244,0.5832648464371595,0.5785996205318644,0.5747704420702318,0.5747704420702318,0.5713552288476953,0.5739364238679368
2021-07-30,10625.0,0.576700250611309,0.5813735934820767,0.5858318367678244,0.5832648464371595,0.5785996205318644,0.5747704420702318,0.5747704420702318,0.5713552288476953
2021-07-31,10625.0,0.576700250611309,0.576700250611309,0.5813735934820767,0.5858318367678244,0.5832648464371595,0.5785996205318644,0.5747704420702318,0.5747704420702318
2021-08-01,10625.0,0.576700250611309,0.576700250611309,0.576700250611309,0.5813735934820767,0.5858318367678244,0.5832648464371595,0.5785996205318644,0.5747704420702318
2021-08-02,10642.43,0.5802372183159326,0.576700250611309,0.576700250611309,0.576700250611309,0.5813735934820767,0.5858318367678244,0.5832648464371595,0.5785996205318644
2021-08-03,10654.0,0.5825850505788412,0.5802372183159326,0.576700250611309,0.576700250611309,0.576700250611309,0.5813735934820767,0.5858318367678244,0.5832648464371595
2021-08-04,10646.98,0.5811605231384245,0.5825850505788412,0.5802372183159326,0.576700250611309,0.576700250611309,0.576700250611309,0.5813735934820767,0.5858318367678244
2021-08-05,10635.0,0.5787294919794232,0.5811605231384245,0.5825850505788412,0.5802372183159326,0.576700250611309,0.576700250611309,0.576700250611309,0.5813735934820767
2021-08-06,10618.18,0.5753163079982551,0.5787294919794232,0.5811605231384245,0.5825850505788412,0.5802372183159326,0.576700250611309,0.576700250611309,0.576700250611309
2021-08-07,10618.18,0.5753163079982551,0.5753163079982551,0.5787294919794232,0.5811605231384245,0.5825850505788412,0.5802372183159326,0.576700250611309,0.576700250611309
2021-08-08,10618.18,0.5753163079982551,0.5753163079982551,0.5753163079982551,0.5787294919794232,0.5811605231384245,0.5825850505788412,0.5802372183159326,0.576700250611309
2021-08-09,10639.79,0.5797014985947506,0.5753163079982551,0.5753163079982551,0.5753163079982551,0.5787294919794232,0.5811605231384245,0.5825850505788412,0.5802372183159326
2021-08-10,10628.0,0.5773090230217435,0.5797014985947506,0.5753163079982551,0.5753163079982551,0.5753163079982551,0.5787294919794232,0.5811605231384245,0.5825850505788412
2021-08-11,10651.0,0.5819762781684068,0.5773090230217435,0.5797014985947506,0.5753163079982551,0.5753163079982551,0.5753163079982551,0.5787294919794232,0.5811605231384245
2021-08-12,10660.03,0.5838086831238141,0.5819762781684068,0.5773090230217435,0.5797014985947506,0.5753163079982551,0.5753163079982551,0.5753163079982551,0.5787294919794232
2021-08-13,10672.0,0.586237685041447,0.5838086831238141,0.5819762781684068,0.5773090230217435,0.5797014985947506,0.5753163079982551,0.5753163079982551,0.5753163079982551
2021-08-14,10672.0,0.586237685041447,0.586237685041447,0.5838086831238141,0.5819762781684068,0.5773090230217435,0.5797014985947506,0.5753163079982551,0.5753163079982551
2021-08-15,10672.0,0.586237685041447,0.586237685041447,0.586237685041447,0.5838086831238141,0.5819762781684068,0.5773090230217435,0.5797014985947506,0.5753163079982551
2021-08-16,10683.0,0.588469850546373,0.586237685041447,0.586237685041447,0.586237685041447,0.5838086831238141,0.5819762781684068,0.5773090230217435,0.5797014985947506
2021-08-17,10660.0,0.5838025953997097,0.588469850546373,0.586237685041447,0.586237685041447,0.586237685041447,0.5838086831238141,0.5819762781684068,0.5773090230217435
2021-08-18,10652.31,0.5822421087876297,0.5838025953997097,0.588469850546373,0.586237685041447,0.586237685041447,0.586237685041447,0.5838086831238141,0.5819762781684068
2021-08-19,10644.0,0.5805558092107266,0.5822421087876297,0.5838025953997097,0.588469850546373,0.586237685041447,0.586237685041447,0.586237685041447,0.5838086831238141
2021-08-20,10632.0,0.5781207195689892,0.5805558092107266,0.5822421087876297,0.5838025953997097,0.588469850546373,0.586237685041447,0.586237685041447,0.586237685041447
2021-08-21,10632.0,0.5781207195689892,0.5781207195689892,0.5805558092107266,0.5822421087876297,0.5838025953997097,0.588469850546373,0.586237685041447,0.586237685041447
2021-08-22,10632.0,0.5781207195689892,0.5781207195689892,0.5781207195689892,0.5805558092107266,0.5822421087876297,0.5838025953997097,0.588469850546373,0.586237685041447
2021-08-23,10640.6,0.5798658671455674,0.5781207195689892,0.5781207195689892,0.5781207195689892,0.5805558092107266,0.5822421087876297,0.5838025953997097,0.588469850546373
2021-08-24,10641.14,0.5799754461794457,0.5798658671455674,0.5781207195689892,0.5781207195689892,0.5781207195689892,0.5805558092107266,0.5822421087876297,0.5838025953997097
2021-08-25,10634.35,0.5785975912904961,0.5799754461794457,0.5798658671455674,0.5781207195689892,0.5781207195689892,0.5781207195689892,0.5805558092107266,0.5822421087876297
2021-08-26,10654.01,0.5825870798202091,0.5785975912904961,0.5799754461794457,0.5798658671455674,0.5781207195689892,0.5781207195689892,0.5781207195689892,0.5805558092107266
2021-08-27,10640.74,0.579894276524721,0.5825870798202091,0.5785975912904961,0.5799754461794457,0.5798658671455674,0.5781207195689892,0.5781207195689892,0.5781207195689892
2021-08-28,10640.74,0.579894276524721,0.579894276524721,0.5825870798202091,0.5785975912904961,0.5799754461794457,0.5798658671455674,0.5781207195689892,0.5781207195689892
2021-08-29,10640.74,0.579894276524721,0.579894276524721,0.579894276524721,0.5825870798202091,0.5785975912904961,0.5799754461794457,0.5798658671455674,0.5781207195689892
2021-08-30,10651.89,0.5821568806501689,0.579894276524721,0.579894276524721,0.579894276524721,0.5825870798202091,0.5785975912904961,0.5799754461794457,0.5798658671455674
2021-08-31,10653.18,0.5824186527866557,0.5821568806501689,0.579894276524721,0.579894276524721,0.579894276524721,0.5825870798202091,0.5785975912904961,0.5799754461794457
2021-09-01,10653.18,0.5824186527866557,0.5824186527866557,0.5821568806501689,0.579894276524721,0.579894276524721,0.579894276524721,0.5825870798202091,0.5785975912904961
2021-09-02,10653.18,0.5824186527866557,0.5824186527866557,0.5824186527866557,0.5821568806501689,0.579894276524721,0.579894276524721,0.579894276524721,0.5825870798202091
2021-09-03,10653.18,0.5824186527866557,0.5824186527866557,0.5824186527866557,0.5824186527866557,0.5821568806501689,0.579894276524721,0.579894276524721,0.579894276524721
2021-09-04,10653.18,0.5824186527866557,0.5824186527866557,0.5824186527866557,0.5824186527866557,0.5824186527866557,0.5821568806501689,0.579894276524721,0.579894276524721
2021-09-05,10653.18,0.5824186527866557,0.5824186527866557,0.5824186527866557,0.5824186527866557,0.5824186527866557,0.5824186527866557,0.5821568806501689,0.579894276524721
2021-09-06,10671.0,0.5860347609046357,0.5824186527866557,0.5824186527866557,0.5824186527866557,0.5824186527866557,0.5824186527866557,0.5824186527866557,0.5821568806501689
2021-09-07,10685.07,0.5888899035095727,0.5860347609046357,0.5824186527866557,0.5824186527866557,0.5824186527866557,0.5824186527866557,0.5824186527866557,0.5824186527866557
2021-09-08,10695.23,0.5909516127395771,0.5888899035095727,0.5860347609046357,0.5824186527866557,0.5824186527866557,0.5824186527866557,0.5824186527866557,0.5824186527866557
2021-09-09,10682.86,0.5884414411672199,0.5909516127395771,0.5888899035095727,0.5860347609046357,0.5824186527866557,0.5824186527866557,0.5824186527866557,0.5824186527866557
2021-09-10,10668.09,0.5854442516665144,0.5884414411672199,0.5909516127395771,0.5888899035095727,0.5860347609046357,0.5824186527866557,0.5824186527866557,0.5824186527866557
2021-09-11,10668.09,0.5854442516665144,0.5854442516665144,0.5884414411672199,0.5909516127395771,0.5888899035095727,0.5860347609046357,0.5824186527866557,0.5824186527866557
2021-09-12,10668.09,0.5854442516665144,0.5854442516665144,0.5854442516665144,0.5884414411672199,0.5909516127395771,0.5888899035095727,0.5860347609046357,0.5824186527866557
2021-09-13,10655.91,0.5829726356801508,0.5854442516665144,0.5854442516665144,0.5854442516665144,0.5884414411672199,0.5909516127395771,0.5888899035095727,0.5860347609046357
2021-09-14,10651.69,0.5821162958228066,0.5829726356801508,0.5854442516665144,0.5854442516665144,0.5854442516665144,0.5884414411672199,0.5909516127395771,0.5888899035095727
2021-09-15,10686.62,0.5892044359216306,0.5821162958228066,0.5829726356801508,0.5854442516665144,0.5854442516665144,0.5854442516665144,0.5884414411672199,0.5909516127395771
2021-09-16,10706.0,0.5931371056930368,0.5892044359216306,0.5821162958228066,0.5829726356801508,0.5854442516665144,0.5854442516665144,0.5854442516665144,0.5884414411672199
2021-09-17,10681.06,0.5880761777209587,0.5931371056930368,0.5892044359216306,0.5821162958228066,0.5829726356801508,0.5854442516665144,0.5854442516665144,0.5854442516665144
2021-09-18,10681.06,0.5880761777209587,0.5880761777209587,0.5931371056930368,0.5892044359216306,0.5821162958228066,0.5829726356801508,0.5854442516665144,0.5854442516665144
2021-09-19,10681.06,0.5880761777209587,0.5880761777209587,0.5880761777209587,0.5931371056930368,0.5892044359216306,0.5821162958228066,0.5829726356801508,0.5854442516665144
2021-09-20,10674.08,0.586659767246015,0.5880761777209587,0.5880761777209587,0.5880761777209587,0.5931371056930368,0.5892044359216306,0.5821162958228066,0.5829726356801508
2021-09-21,10686.7,0.5892206698525755,0.586659767246015,0.5880761777209587,0.5880761777209587,0.5880761777209587,0.5931371056930368,0.5892044359216306,0.5821162958228066
2021-09-22,10688.1,0.5895047636441115,0.5892206698525755,0.586659767246015,0.5880761777209587,0.5880761777209587,0.5880761777209587,0.5931371056930368,0.5892044359216306
2021-09-23,10679.05,0.5876683002059677,0.5895047636441115,0.5892206698525755,0.586659767246015,0.5880761777209587,0.5880761777209587,0.5880761777209587,0.5931371056930368
2021-09-24,10670.0,0.5858318367678244,0.5876683002059677,0.5895047636441115,0.5892206698525755,0.586659767246015,0.5880761777209587,0.5880761777209587,0.5880761777209587
2021-09-25,10670.0,0.5858318367678244,0.5858318367678244,0.5876683002059677,0.5895047636441115,0.5892206698525755,0.586659767246015,0.5880761777209587,0.5880761777209587
2021-09-26,10670.0,0.5858318367678244,0.5858318367678244,0.5858318367678244,0.5876683002059677,0.5895047636441115,0.5892206698525755,0.586659767246015,0.5880761777209587
2021-09-27,10650.06,0.5817855294798038,0.5858318367678244,0.5858318367678244,0.5858318367678244,0.5876683002059677,0.5895047636441115,0.5892206698525755,0.586659767246015
2021-09-28,10665.73,0.5849653507036392,0.5817855294798038,0.5858318367678244,0.5858318367678244,0.5858318367678244,0.5876683002059677,0.5895047636441115,0.5892206698525755
2021-09-29,10675.61,0.5869702411753368,0.5849653507036392,0.5817855294798038,0.5858318367678244,0.5858318367678244,0.5858318367678244,0.5876683002059677,0.5895047636441115
2021-09-30,10691.91,0.5902779046053632,0.5869702411753368,0.5849653507036392,0.5817855294798038,0.5858318367678244,0.5858318367678244,0.5858318367678244,0.5876683002059677
2021-10-01,10691.91,0.5902779046053632,0.5902779046053632,0.5869702411753368,0.5849653507036392,0.5817855294798038,0.5858318367678244,0.5858318367678244,0.5858318367678244
2021-10-02,10691.91,0.5902779046053632,0.5902779046053632,0.5902779046053632,0.5869702411753368,0.5849653507036392,0.5817855294798038,0.5858318367678244,0.5858318367678244
2021-10-03,10691.91,0.5902779046053632,0.5902779046053632,0.5902779046053632,0.5902779046053632,0.5869702411753368,0.5849653507036392,0.5817855294798038,0.5858318367678244
2021-10-04,10692.0,0.5902961677776764,0.5902779046053632,0.5902779046053632,0.5902779046053632,0.5902779046053632,0.5869702411753368,0.5849653507036392,0.5817855294798038
2021-10-05,10677.66,0.5873862356558,0.5902961677776764,0.5902779046053632,0.5902779046053632,0.5902779046053632,0.5902779046053632,0.5869702411753368,0.5849653507036392
2021-10-06,10688.06,0.5894966466786389,0.5873862356558,0.5902961677776764,0.5902779046053632,0.5902779046053632,0.5902779046053632,0.5902779046053632,0.5869702411753368
2021-10-07,10671.04,0.5860428778701083,0.5894966466786389,0.5873862356558,0.5902961677776764,0.5902779046053632,0.5902779046053632,0.5902779046053632,0.5902779046053632
2021-10-08,10677.89,0.5874329082072667,0.5860428778701083,0.5894966466786389,0.5873862356558,0.5902961677776764,0.5902779046053632,0.5902779046053632,0.5902779046053632
2021-10-09,10677.89,0.5874329082072667,0.5874329082072667,0.5860428778701083,0.5894966466786389,0.5873862356558,0.5902961677776764,0.5902779046053632,0.5902779046053632
2021-10-10,10677.89,0.5874329082072667,0.5874329082072667,0.5874329082072667,0.5860428778701083,0.5894966466786389,0.5873862356558,0.5902961677776764,0.5902779046053632
2021-10-11,10680.37,0.5879361600665594,0.5874329082072667,0.5874329082072667,0.5874329082072667,0.5860428778701083,0.5894966466786389,0.5873862356558,0.5902961677776764
2021-10-12,10666.0,0.5850201402205786,0.5879361600665594,0.5874329082072667,0.5874329082072667,0.5874329082072667,0.5860428778701083,0.5894966466786389,0.5873862356558
2021-10-13,10684.01,0.5886748039245526,0.5850201402205786,0.5879361600665594,0.5874329082072667,0.5874329082072667,0.5874329082072667,0.5860428778701083,0.5894966466786389
2021-10-14,10700.03,0.5919256485962723,0.5886748039245526,0.5850201402205786,0.5879361600665594,0.5874329082072667,0.5874329082072667,0.5874329082072667,0.5860428778701083
2021-10-15,10710.63,0.5940766444464736,0.5919256485962723,0.5886748039245526,0.5850201402205786,0.5879361600665594,0.5874329082072667,0.5874329082072667,0.5874329082072667
2021-10-16,10710.63,0.5940766444464736,0.5940766444464736,0.5919256485962723,0.5886748039245526,0.5850201402205786,0.5879361600665594,0.5874329082072667,0.5874329082072667
2021-10-17,10710.63,0.5940766444464736,0.5940766444464736,0.5940766444464736,0.5919256485962723,0.5886748039245526,0.5850201402205786,0.5879361600665594,0.5874329082072667
2021-10-18,10705.0,0.592934181556225,0.5940766444464736,0.5940766444464736,0.5940766444464736,0.5919256485962723,0.5886748039245526,0.5850201402205786,0.5879361600665594
2021-10-19,10700.64,0.5920494323197272,0.592934181556225,0.5940766444464736,0.5940766444464736,0.5940766444464736,0.5919256485962723,0.5886748039245526,0.5850201402205786
2021-10-20,10702.31,0.5923883156282022,0.5920494323197272,0.592934181556225,0.5940766444464736,0.5940766444464736,0.5940766444464736,0.5919256485962723,0.5886748039245526
2021-10-21,10682.01,0.58826895565093,0.5923883156282022,0.5920494323197272,0.592934181556225,0.5940766444464736,0.5940766444464736,0.5940766444464736,0.5919256485962723
2021-10-22,10692.0,0.5902961677776764,0.58826895565093,0.5923883156282022,0.5920494323197272,0.592934181556225,0.5940766444464736,0.5940766444464736,0.5940766444464736
2021-10-23,10692.0,0.5902961677776764,0.5902961677776764,0.58826895565093,0.5923883156282022,0.5920494323197272,0.592934181556225,0.5940766444464736,0.5940766444464736
2021-10-24,10692.0,0.5902961677776764,0.5902961677776764,0.5902961677776764,0.58826895565093,0.5923883156282022,0.5920494323197272,0.592934181556225,0.5940766444464736
2021-10-25,10703.02,0.5925323917653385,0.5902961677776764,0.5902961677776764,0.5902961677776764,0.58826895565093,0.5923883156282022,0.5920494323197272,0.592934181556225
2021-10-26,10695.0,0.5909049401881108,0.5925323917653385,0.5902961677776764,0.5902961677776764,0.5902961677776764,0.58826895565093,0.5923883156282022,0.5920494323197272
2021-10-27,10683.68,0.5886078389594049,0.5909049401881108,0.5925323917653385,0.5902961677776764,0.5902961677776764,0.5902961677776764,0.58826895565093,0.5923883156282022
2021-10-28,10676.0,0.5870493815886928,0.5886078389594049,0.5909049401881108,0.5925323917653385,0.5902961677776764,0.5902961677776764,0.5902961677776764,0.58826895565093
2021-10-29,10683.0,0.588469850546373,0.5870493815886928,0.5886078389594049,0.5909049401881108,0.5925323917653385,0.5902961677776764,0.5902961677776764,0.5902961677776764
2021-10-30,10683.0,0.588469850546373,0.588469850546373,0.5870493815886928,0.5886078389594049,0.5909049401881108,0.5925323917653385,0.5902961677776764,0.5902961677776764
2021-10-31,10683.0,0.588469850546373,0.588469850546373,0.588469850546373,0.5870493815886928,0.5886078389594049,0.5909049401881108,0.5925323917653385,0.5902961677776764
2021-11-01,10674.21,0.5866861473838003,0.588469850546373,0.588469850546373,0.588469850546373,0.5870493815886928,0.5886078389594049,0.5909049401881108,0.5925323917653385
2021-11-02,10690.08,0.5899065534349981,0.5866861473838003,0.588469850546373,0.588469850546373,0.588469850546373,0.5870493815886928,0.5886078389594049,0.5909049401881108
2021-11-03,10712.0,0.5943546505139052,0.5899065534349981,0.5866861473838003,0.588469850546373,0.588469850546373,0.588469850546373,0.5870493815886928,0.5886078389594049
2021-11-04,10695.06,0.5909171156363191,0.5943546505139052,0.5899065534349981,0.5866861473838003,0.588469850546373,0.588469850546373,0.588469850546373,0.5870493815886928
2021-11-05,10680.4,0.5879422477906633,0.5909171156363191,0.5943546505139052,0.5899065534349981,0.5866861473838003,0.588469850546373,0.588469850546373,0.588469850546373
2021-11-06,10680.4,0.5879422477906633,0.5879422477906633,0.5909171156363191,0.5943546505139052,0.5899065534349981,0.5866861473838003,0.588469850546373,0.588469850546373
2021-11-07,10680.4,0.5879422477906633,0.5879422477906633,0.5879422477906633,0.5909171156363191,0.5943546505139052,0.5899065534349981,0.5866861473838003,0.588469850546373
2021-11-08,10705.26,0.5929869418317961,0.5879422477906633,0.5879422477906633,0.5879422477906633,0.5909171156363191,0.5943546505139052,0.5899065534349981,0.5866861473838003
2021-11-09,10693.0,0.5904990919144877,0.5929869418317961,0.5879422477906633,0.5879422477906633,0.5879422477906633,0.5909171156363191,0.5943546505139052,0.5899065534349981
2021-11-10,10680.09,0.5878793413082517,0.5904990919144877,0.5929869418317961,0.5879422477906633,0.5879422477906633,0.5879422477906633,0.5909171156363191,0.5943546505139052
2021-11-11,10715.3,0.595024300165383,0.5878793413082517,0.5904990919144877,0.5929869418317961,0.5879422477906633,0.5879422477906633,0.5879422477906633,0.5909171156363191
2021-11-12,10732.04,0.5984212502156072,0.595024300165383,0.5878793413082517,0.5904990919144877,0.5929869418317961,0.5879422477906633,0.5879422477906633,0.5879422477906633
2021-11-13,10732.04,0.5984212502156072,0.5984212502156072,0.595024300165383,0.5878793413082517,0.5904990919144877,0.5929869418317961,0.5879422477906633,0.5879422477906633
2021-11-14,10732.04,0.5984212502156072,0.5984212502156072,0.5984212502156072,0.595024300165383,0.5878793413082517,0.5904990919144877,0.5929869418317961,0.5879422477906633
2021-11-15,10737.06,0.5994399293824004,0.5984212502156072,0.5984212502156072,0.5984212502156072,0.595024300165383,0.5878793413082517,0.5904990919144877,0.5929869418317961
2021-11-16,10721.24,0.5962296695380431,0.5994399293824004,0.5984212502156072,0.5984212502156072,0.5984212502156072,0.595024300165383,0.5878793413082517,0.5904990919144877
2021-11-17,10740.8,0.6001988656540751,0.5962296695380431,0.5994399293824004,0.5984212502156072,0.5984212502156072,0.5984212502156072,0.595024300165383,0.5878793413082517
2021-11-18,10755.26,0.603133148672369,0.6001988656540751,0.5962296695380431,0.5994399293824004,0.5984212502156072,0.5984212502156072,0.5984212502156072,0.595024300165383
2021-11-19,10768.1,0.605738694589028,0.603133148672369,0.6001988656540751,0.5962296695380431,0.5994399293824004,0.5984212502156072,0.5984212502156072,0.5984212502156072
2021-11-20,10768.1,0.605738694589028,0.605738694589028,0.603133148672369,0.6001988656540751,0.5962296695380431,0.5994399293824004,0.5984212502156072,0.5984212502156072
2021-11-21,10768.1,0.605738694589028,0.605738694589028,0.605738694589028,0.603133148672369,0.6001988656540751,0.5962296695380431,0.5994399293824004,0.5984212502156072
2021-11-22,10741.33,0.6003064154465851,0.605738694589028,0.605738694589028,0.605738694589028,0.603133148672369,0.6001988656540751,0.5962296695380431,0.5994399293824004
2021-11-23,10756.03,0.6032894002577136,0.6003064154465851,0.605738694589028,0.605738694589028,0.605738694589028,0.603133148672369,0.6001988656540751,0.5962296695380431
2021-11-24,10765.12,0.6051339806613301,0.6032894002577136,0.6003064154465851,0.605738694589028,0.605738694589028,0.605738694589028,0.603133148672369,0.6001988656540751
2021-11-25,10745.4,0.6011323166834079,0.6051339806613301,0.6032894002577136,0.6003064154465851,0.605738694589028,0.605738694589028,0.605738694589028,0.603133148672369
2021-11-26,10757.57,0.6036019034284033,0.6011323166834079,0.6051339806613301,0.6032894002577136,0.6003064154465851,0.605738694589028,0.605738694589028,0.605738694589028
2021-11-27,10757.57,0.6036019034284033,0.6036019034284033,0.6011323166834079,0.6051339806613301,0.6032894002577136,0.6003064154465851,0.605738694589028,0.605738694589028
2021-11-28,10757.57,0.6036019034284033,0.6036019034284033,0.6036019034284033,0.6011323166834079,0.6051339806613301,0.6032894002577136,0.6003064154465851,0.605738694589028
2021-11-29,10777.04,0.6075528363721225,0.6036019034284033,0.6036019034284033,0.6036019034284033,0.6011323166834079,0.6051339806613301,0.6032894002577136,0.6003064154465851
2021-11-30,10787.03,0.6095800484988689,0.6075528363721225,0.6036019034284033,0.6036019034284033,0.6036019034284033,0.6011323166834079,0.6051339806613301,0.6032894002577136
2021-12-01,10778.98,0.6079465091975365,0.6095800484988689,0.6075528363721225,0.6036019034284033,0.6036019034284033,0.6036019034284033,0.6011323166834079,0.6051339806613301
2021-12-02,10766.49,0.6054119867287613,0.6079465091975365,0.6095800484988689,0.6075528363721225,0.6036019034284033,0.6036019034284033,0.6036019034284033,0.6011323166834079
2021-12-03,10760.27,0.6041497985977944,0.6054119867287613,0.6079465091975365,0.6095800484988689,0.6075528363721225,0.6036019034284033,0.6036019034284033,0.6036019034284033
2021-12-04,10760.27,0.6041497985977944,0.6041497985977944,0.6054119867287613,0.6079465091975365,0.6095800484988689,0.6075528363721225,0.6036019034284033,0.6036019034284033
2021-12-05,10760.27,0.6041497985977944,0.6041497985977944,0.6041497985977944,0.6054119867287613,0.6079465091975365,0.6095800484988689,0.6075528363721225,0.6036019034284033
2021-12-06,10775.34,0.6072078653395427,0.6041497985977944,0.6041497985977944,0.6041497985977944,0.6054119867287613,0.6079465091975365,0.6095800484988689,0.6075528363721225
2021-12-07,10769.78,0.6060796071388712,0.6072078653395427,0.6041497985977944,0.6041497985977944,0.6041497985977944,0.6054119867287613,0.6079465091975365,0.6095800484988689
2021-12-08,10769.78,0.6060796071388712,0.6060796071388712,0.6072078653395427,0.6041497985977944,0.6041497985977944,0.6041497985977944,0.6054119867287613,0.6079465091975365
2021-12-09,10782.24,0.6086080418835416,0.6060796071388712,0.6060796071388712,0.6072078653395427,0.6041497985977944,0.6041497985977944,0.6041497985977944,0.6054119867287613
2021-12-10,10795.73,0.6113454884891281,0.6086080418835416,0.6060796071388712,0.6060796071388712,0.6072078653395427,0.6041497985977944,0.6041497985977944,0.6041497985977944
2021-12-11,10795.73,0.6113454884891281,0.6113454884891281,0.6086080418835416,0.6060796071388712,0.6060796071388712,0.6072078653395427,0.6041497985977944,0.6041497985977944
2021-12-12,10795.73,0.6113454884891281,0.6113454884891281,0.6113454884891281,0.6086080418835416,0.6060796071388712,0.6060796071388712,0.6072078653395427,0.6041497985977944
2021-12-13,10807.48,0.6137298470966626,0.6113454884891281,0.6113454884891281,0.6113454884891281,0.6086080418835416,0.6060796071388712,0.6060796071388712,0.6072078653395427
2021-12-14,10826.29,0.6175468501100865,0.6137298470966626,0.6113454884891281,0.6113454884891281,0.6113454884891281,0.6086080418835416,0.6060796071388712,0.6060796071388712
2021-12-15,10845.0,0.6213435607098285,0.6175468501100865,0.6137298470966626,0.6113454884891281,0.6113454884891281,0.6113454884891281,0.6086080418835416,0.6060796071388712
2021-12-16,10830.15,0.6183301372781782,0.6213435607098285,0.6175468501100865,0.6137298470966626,0.6113454884891281,0.6113454884891281,0.6113454884891281,0.6086080418835416
2021-12-17,10840.22,0.6203735833358699,0.6183301372781782,0.6213435607098285,0.6175468501100865,0.6137298470966626,0.6113454884891281,0.6113454884891281,0.6113454884891281
2021-12-18,10840.22,0.6203735833358699,0.6203735833358699,0.6183301372781782,0.6213435607098285,0.6175468501100865,0.6137298470966626,0.6113454884891281,0.6113454884891281
2021-12-19,10840.22,0.6203735833358699,0.6203735833358699,0.6203735833358699,0.6183301372781782,0.6213435607098285,0.6175468501100865,0.6137298470966626,0.6113454884891281
2021-12-20,10821.32,0.6165383171501333,0.6203735833358699,0.6203735833358699,0.6203735833358699,0.6183301372781782,0.6213435607098285,0.6175468501100865,0.6137298470966626
2021-12-21,10828.37,0.6179689323146544,0.6165383171501333,0.6203735833358699,0.6203735833358699,0.6203735833358699,0.6183301372781782,0.6213435607098285,0.6175468501100865
2021-12-22,10837.65,0.6198520683042645,0.6179689323146544,0.6165383171501333,0.6203735833358699,0.6203735833358699,0.6203735833358699,0.6183301372781782,0.6213435607098285
2021-12-23,10848.58,0.6220700291196135,0.6198520683042645,0.6179689323146544,0.6165383171501333,0.6203735833358699,0.6203735833358699,0.6203735833358699,0.6183301372781782
2021-12-24,10807.25,0.6136831745451963,0.6220700291196135,0.6198520683042645,0.6179689323146544,0.6165383171501333,0.6203735833358699,0.6203735833358699,0.6203735833358699
2021-12-25,10807.25,0.6136831745451963,0.6136831745451963,0.6220700291196135,0.6198520683042645,0.6179689323146544,0.6165383171501333,0.6203735833358699,0.6203735833358699
2021-12-26,10807.25,0.6136831745451963,0.6136831745451963,0.6136831745451963,0.6220700291196135,0.6198520683042645,0.6179689323146544,0.6165383171501333,0.6203735833358699
2021-12-27,10798.23,0.6118527988311568,0.6136831745451963,0.6136831745451963,0.6136831745451963,0.6220700291196135,0.6198520683042645,0.6179689323146544,0.6165383171501333
2021-12-28,10810.15,0.6142716545419493,0.6118527988311568,0.6136831745451963,0.6136831745451963,0.6136831745451963,0.6220700291196135,0.6198520683042645,0.6179689323146544
2021-12-29,10810.22,0.6142858592315259,0.6142716545419493,0.6118527988311568,0.6136831745451963,0.6136831745451963,0.6136831745451963,0.6220700291196135,0.6198520683042645
2021-12-30,10837.66,0.6198540975456324,0.6142858592315259,0.6142716545419493,0.6118527988311568,0.6136831745451963,0.6136831745451963,0.6136831745451963,0.6220700291196135
2021-12-31,10837.66,0.6198540975456324,0.6198540975456324,0.6142858592315259,0.6142716545419493,0.6118527988311568,0.6136831745451963,0.6136831745451963,0.6136831745451963
2022-01-01,10837.66,0.6198540975456324,0.6198540975456324,0.6198540975456324,0.6142858592315259,0.6142716545419493,0.6118527988311568,0.6136831745451963,0.6136831745451963
2022-01-02,10837.66,0.6198540975456324,0.6198540975456324,0.6198540975456324,0.6198540975456324,0.6142858592315259,0.6142716545419493,0.6118527988311568,0.6136831745451963
2022-01-03,10837.66,0.6198540975456324,0.6198540975456324,0.6198540975456324,0.6198540975456324,0.6198540975456324,0.6142858592315259,0.6142716545419493,0.6118527988311568
2022-01-04,10837.66,0.6198540975456324,0.6198540975456324,0.6198540975456324,0.6198540975456324,0.6198540975456324,0.6198540975456324,0.6142858592315259,0.6142716545419493
2022-01-05,10819.67,0.6162034923243944,0.6198540975456324,0.6198540975456324,0.6198540975456324,0.6198540975456324,0.6198540975456324,0.6198540975456324,0.6142858592315259
2022-01-06,10812.0,0.6146470641950506,0.6162034923243944,0.6198540975456324,0.6198540975456324,0.6198540975456324,0.6198540975456324,0.6198540975456324,0.6198540975456324
2022-01-07,10805.43,0.6133138526161994,0.6146470641950506,0.6162034923243944,0.6198540975456324,0.6198540975456324,0.6198540975456324,0.6198540975456324,0.6198540975456324
2022-01-08,10818.05,0.6158747552227599,0.6133138526161994,0.6146470641950506,0.6162034923243944,0.6198540975456324,0.6198540975456324,0.6198540975456324,0.6198540975456324
2022-01-09,10818.05,0.6158747552227599,0.6158747552227599,0.6133138526161994,0.6146470641950506,0.6162034923243944,0.6198540975456324,0.6198540975456324,0.6198540975456324
2022-01-10,10836.21,0.6195598575472558,0.6158747552227599,0.6158747552227599,0.6133138526161994,0.6146470641950506,0.6162034923243944,0.6198540975456324,0.6198540975456324
2022-01-11,10840.02,0.6203329985085075,0.6195598575472558,0.6158747552227599,0.6158747552227599,0.6133138526161994,0.6146470641950506,0.6162034923243944,0.6198540975456324
2022-01-12,10855.02,0.6233768605606793,0.6203329985085075,0.6195598575472558,0.6158747552227599,0.6158747552227599,0.6133138526161994,0.6146470641950506,0.6162034923243944
2022-01-13,10860.17,0.6244219198652583,0.6233768605606793,0.6203329985085075,0.6195598575472558,0.6158747552227599,0.6158747552227599,0.6133138526161994,0.6146470641950506
2022-01-14,10852.04,0.6227721466329814,0.6244219198652583,0.6233768605606793,0.6203329985085075,0.6195598575472558,0.6158747552227599,0.6158747552227599,0.6133138526161994
2022-01-15,10852.04,0.6227721466329814,0.6227721466329814,0.6244219198652583,0.6233768605606793,0.6203329985085075,0.6195598575472558,0.6158747552227599,0.6158747552227599
2022-01-16,10852.04,0.6227721466329814,0.6227721466329814,0.6227721466329814,0.6244219198652583,0.6233768605606793,0.6203329985085075,0.6195598575472558,0.6158747552227599
2022-01-17,10839.97,0.6203228523016666,0.6227721466329814,0.6227721466329814,0.6227721466329814,0.6244219198652583,0.6233768605606793,0.6203329985085075,0.6195598575472558
2022-01-18,10824.97,0.6172789902494948,0.6203228523016666,0.6227721466329814,0.6227721466329814,0.6227721466329814,0.6244219198652583,0.6233768605606793,0.6203329985085075
2022-01-19,10809.74,0.6141884556458568,0.6172789902494948,0.6203228523016666,0.6227721466329814,0.6227721466329814,0.6227721466329814,0.6244219198652583,0.6233768605606793
2022-01-20,10817.25,0.6157124159133109,0.6141884556458568,0.6172789902494948,0.6203228523016666,0.6227721466329814,0.6227721466329814,0.6227721466329814,0.6244219198652583
2022-01-21,10835.07,0.6193285240312909,0.6157124159133109,0.6141884556458568,0.6172789902494948,0.6203228523016666,0.6227721466329814,0.6227721466329814,0.6227721466329814
2022-01-22,10835.07,0.6193285240312909,0.6193285240312909,0.6157124159133109,0.6141884556458568,0.6172789902494948,0.6203228523016666,0.6227721466329814,0.6227721466329814
2022-01-23,10835.07,0.6193285240312909,0.6193285240312909,0.6193285240312909,0.6157124159133109,0.6141884556458568,0.6172789902494948,0.6203228523016666,0.6227721466329814
2022-01-24,10845.02,0.6213476191925651,0.6193285240312909,0.6193285240312909,0.6193285240312909,0.6157124159133109,0.6141884556458568,0.6172789902494948,0.6203228523016666
2022-01-25,10825.0,0.6172850779735997,0.6213476191925651,0.6193285240312909,0.6193285240312909,0.6193285240312909,0.6157124159133109,0.6141884556458568,0.6172789902494948
2022-01-26,10818.0,0.6158646090159194,0.6172850779735997,0.6213476191925651,0.6193285240312909,0.6193285240312909,0.6193285240312909,0.6157124159133109,0.6141884556458568
2022-01-27,10803.97,0.6130175833764546,0.6158646090159194,0.6172850779735997,0.6213476191925651,0.6193285240312909,0.6193285240312909,0.6193285240312909,0.6157124159133109
2022-01-28,10804.0,0.613023671100559,0.6130175833764546,0.6158646090159194,0.6172850779735997,0.6213476191925651,0.6193285240312909,0.6193285240312909,0.6193285240312909
2022-01-29,10804.0,0.613023671100559,0.613023671100559,0.6130175833764546,0.6158646090159194,0.6172850779735997,0.6213476191925651,0.6193285240312909,0.6193285240312909
2022-01-30,10804.0,0.613023671100559,0.613023671100559,0.613023671100559,0.6130175833764546,0.6158646090159194,0.6172850779735997,0.6213476191925651,0.6193285240312909
2022-01-31,10815.16,0.6152883044673747,0.613023671100559,0.613023671100559,0.613023671100559,0.6130175833764546,0.6158646090159194,0.6172850779735997,0.6213476191925651
2022-02-01,10804.86,0.6131981858582172,0.6152883044673747,0.613023671100559,0.613023671100559,0.613023671100559,0.6130175833764546,0.6158646090159194,0.6172850779735997
2022-02-02,10813.0,0.6148499883318619,0.6131981858582172,0.6152883044673747,0.613023671100559,0.613023671100559,0.613023671100559,0.6130175833764546,0.6158646090159194
2022-02-03,10825.07,0.6172992826631762,0.6148499883318619,0.6131981858582172,0.6152883044673747,0.613023671100559,0.613023671100559,0.613023671100559,0.6130175833764546
2022-02-04,10835.21,0.6193569334104441,0.6172992826631762,0.6148499883318619,0.6131981858582172,0.6152883044673747,0.613023671100559,0.613023671100559,0.613023671100559
2022-02-05,10835.21,0.6193569334104441,0.6193569334104441,0.6172992826631762,0.6148499883318619,0.6131981858582172,0.6152883044673747,0.613023671100559,0.613023671100559
2022-02-06,10835.21,0.6193569334104441,0.6193569334104441,0.6193569334104441,0.6172992826631762,0.6148499883318619,0.6131981858582172,0.6152883044673747,0.613023671100559
2022-02-07,10853.02,0.6229710122870566,0.6193569334104441,0.6193569334104441,0.6193569334104441,0.6172992826631762,0.6148499883318619,0.6131981858582172,0.6152883044673747
2022-02-08,10855.11,0.6233951237329924,0.6229710122870566,0.6193569334104441,0.6193569334104441,0.6193569334104441,0.6172992826631762,0.6148499883318619,0.6131981858582172
2022-02-09,10840.11,0.6203512616808207,0.6233951237329924,0.6229710122870566,0.6193569334104441,0.6193569334104441,0.6193569334104441,0.6172992826631762,0.6148499883318619
2022-02-10,10835.0,0.6193143193417139,0.6203512616808207,0.6233951237329924,0.6229710122870566,0.6193569334104441,0.6193569334104441,0.6193569334104441,0.6172992826631762
2022-02-11,10851.24,0.622609807323532,0.6193143193417139,0.6203512616808207,0.6233951237329924,0.6229710122870566,0.6193569334104441,0.6193569334104441,0.6193569334104441
2022-02-12,10851.24,0.622609807323532,0.622609807323532,0.6193143193417139,0.6203512616808207,0.6233951237329924,0.6229710122870566,0.6193569334104441,0.6193569334104441
2022-02-13,10851.24,0.622609807323532,0.622609807323532,0.622609807323532,0.6193143193417139,0.6203512616808207,0.6233951237329924,0.6229710122870566,0.6193569334104441
2022-02-14,10860.64,0.6245172942095596,0.622609807323532,0.622609807323532,0.622609807323532,0.6193143193417139,0.6203512616808207,0.6233951237329924,0.6229710122870566
2022-02-15,10844.02,0.6211446950557533,0.6245172942095596,0.622609807323532,0.622609807323532,0.622609807323532,0.6193143193417139,0.6203512616808207,0.6233951237329924
2022-02-16,10837.16,0.6197526354772267,0.6211446950557533,0.6245172942095596,0.622609807323532,0.622609807323532,0.622609807323532,0.6193143193417139,0.6203512616808207
2022-02-17,10845.08,0.6213597946407734,0.6197526354772267,0.6211446950557533,0.6245172942095596,0.622609807323532,0.622609807323532,0.622609807323532,0.6193143193417139
2022-02-18,10856.41,0.6236589251108471,0.6213597946407734,0.6197526354772267,0.6211446950557533,0.6245172942095596,0.622609807323532,0.622609807323532,0.622609807323532
2022-02-19,10856.41,0.6236589251108471,0.6236589251108471,0.6213597946407734,0.6197526354772267,0.6211446950557533,0.6245172942095596,0.622609807323532,0.622609807323532
2022-02-20,10856.41,0.6236589251108471,0.6236589251108471,0.6236589251108471,0.6213597946407734,0.6197526354772267,0.6211446950557533,0.6245172942095596,0.622609807323532
2022-02-21,10841.22,0.6205765074726812,0.6236589251108471,0.6236589251108471,0.6236589251108471,0.6213597946407734,0.6197526354772267,0.6211446950557533,0.6245172942095596
2022-02-22,10888.07,0.6300835032822978,0.6205765074726812,0.6236589251108471,0.6236589251108471,0.6236589251108471,0.6213597946407734,0.6197526354772267,0.6211446950557533
2022-02-23,10869.8,0.6263760793027526,0.6300835032822978,0.6205765074726812,0.6236589251108471,0.6236589251108471,0.6236589251108471,0.6213597946407734,0.6197526354772267
2022-02-24,10840.28,0.6203857587840786,0.6263760793027526,0.6300835032822978,0.6205765074726812,0.6236589251108471,0.6236589251108471,0.6236589251108471,0.6213597946407734
2022-02-25,10850.85,0.6225306669101756,0.6203857587840786,0.6263760793027526,0.6300835032822978,0.6205765074726812,0.6236589251108471,0.6236589251108471,0.6236589251108471
2022-02-26,10850.85,0.6225306669101756,0.6225306669101756,0.6203857587840786,0.6263760793027526,0.6300835032822978,0.6205765074726812,0.6236589251108471,0.6236589251108471
2022-02-27,10850.85,0.6225306669101756,0.6225306669101756,0.6225306669101756,0.6203857587840786,0.6263760793027526,0.6300835032822978,0.6205765074726812,0.6236589251108471
2022-02-28,10860.0,0.6243874227620003,0.6225306669101756,0.6225306669101756,0.6225306669101756,0.6203857587840786,0.6263760793027526,0.6300835032822978,0.6205765074726812
2022-03-01,10872.41,0.6269057112998306,0.6243874227620003,0.6225306669101756,0.6225306669101756,0.6225306669101756,0.6203857587840786,0.6263760793027526,0.6300835032822978
2022-03-02,10861.8,0.6247526862082606,0.6269057112998306,0.6243874227620003,0.6225306669101756,0.6225306669101756,0.6225306669101756,0.6203857587840786,0.6263760793027526
2022-03-03,10887.83,0.6300348014894632,0.6247526862082606,0.6269057112998306,0.6243874227620003,0.6225306669101756,0.6225306669101756,0.6225306669101756,0.6203857587840786
2022-03-04,10900.25,0.6325551192686614,0.6300348014894632,0.6247526862082606,0.6269057112998306,0.6243874227620003,0.6225306669101756,0.6225306669101756,0.6225306669101756
2022-03-05,10900.25,0.6325551192686614,0.6325551192686614,0.6300348014894632,0.6247526862082606,0.6269057112998306,0.6243874227620003,0.6225306669101756,0.6225306669101756
2022-03-06,10900.25,0.6325551192686614,0.6325551192686614,0.6325551192686614,0.6300348014894632,0.6247526862082606,0.6269057112998306,0.6243874227620003,0.6225306669101756
2022-03-07,10910.43,0.6346208869814018,0.6325551192686614,0.6325551192686614,0.6325551192686614,0.6300348014894632,0.6247526862082606,0.6269057112998306,0.6243874227620003
2022-03-08,10910.43,0.6346208869814018,0.6346208869814018,0.6325551192686614,0.6325551192686614,0.6325551192686614,0.6300348014894632,0.6247526862082606,0.6269057112998306
2022-03-09,10897.27,0.6319504053409635,0.6346208869814018,0.6346208869814018,0.6325551192686614,0.6325551192686614,0.6325551192686614,0.6300348014894632,0.6247526862082606
2022-03-10,10918.68,0.6362950111100967,0.6319504053409635,0.6346208869814018,0.6346208869814018,0.6325551192686614,0.6325551192686614,0.6325551192686614,0.6300348014894632
2022-03-11,10957.36,0.6441441167219637,0.6362950111100967,0.6319504053409635,0.6346208869814018,0.6346208869814018,0.6325551192686614,0.6325551192686614,0.6325551192686614
2022-03-12,10957.36,0.6441441167219637,0.6441441167219637,0.6362950111100967,0.6319504053409635,0.6346208869814018,0.6346208869814018,0.6325551192686614,0.6325551192686614
2022-03-13,10957.36,0.6441441167219637,0.6441441167219637,0.6441441167219637,0.6362950111100967,0.6319504053409635,0.6346208869814018,0.6346208869814018,0.6325551192686614
2022-03-14,10998.06,0.6524031290901895,0.6441441167219637,0.6441441167219637,0.6441441167219637,0.6362950111100967,0.6319504053409635,0.6346208869814018,0.6346208869814018
2022-03-15,11033.03,0.6594993861544862,0.6524031290901895,0.6441441167219637,0.6441441167219637,0.6441441167219637,0.6362950111100967,0.6319504053409635,0.6346208869814018
2022-03-16,11150.12,0.6832597733337391,0.6594993861544862,0.6524031290901895,0.6441441167219637,0.6441441167219637,0.6441441167219637,0.6362950111100967,0.6319504053409635
2022-03-17,11330.38,0.7198388782353715,0.6832597733337391,0.6594993861544862,0.6524031290901895,0.6441441167219637,0.6441441167219637,0.6441441167219637,0.6362950111100967
2022-03-18,11571.99,0.7688673789303866,0.7198388782353715,0.6832597733337391,0.6594993861544862,0.6524031290901895,0.6441441167219637,0.6441441167219637,0.6441441167219637
2022-03-19,11571.99,0.7688673789303866,0.7688673789303866,0.7198388782353715,0.6832597733337391,0.6594993861544862,0.6524031290901895,0.6441441167219637,0.6441441167219637
2022-03-20,11571.99,0.7688673789303866,0.7688673789303866,0.7688673789303866,0.7198388782353715,0.6832597733337391,0.6594993861544862,0.6524031290901895,0.6441441167219637
2022-03-21,11571.99,0.7688673789303866,0.7688673789303866,0.7688673789303866,0.7688673789303866,0.7198388782353715,0.6832597733337391,0.6594993861544862,0.6524031290901895
2022-03-22,11571.99,0.7688673789303866,0.7688673789303866,0.7688673789303866,0.7688673789303866,0.7688673789303866,0.7198388782353715,0.6832597733337391,0.6594993861544862
2022-03-23,11571.99,0.7688673789303866,0.7688673789303866,0.7688673789303866,0.7688673789303866,0.7688673789303866,0.7688673789303866,0.7198388782353715,0.6832597733337391
2022-03-24,11509.59,0.7562049127933521,0.7688673789303866,0.7688673789303866,0.7688673789303866,0.7688673789303866,0.7688673789303866,0.7688673789303866,0.7198388782353715
2022-03-25,11483.91,0.7509938209600342,0.7562049127933521,0.7688673789303866,0.7688673789303866,0.7688673789303866,0.7688673789303866,0.7688673789303866,0.7688673789303866
2022-03-26,11483.91,0.7509938209600342,0.7509938209600342,0.7562049127933521,0.7688673789303866,0.7688673789303866,0.7688673789303866,0.7688673789303866,0.7688673789303866
2022-03-27,11483.91,0.7509938209600342,0.7509938209600342,0.7509938209600342,0.7562049127933521,0.7688673789303866,0.7688673789303866,0.7688673789303866,0.7688673789303866
2022-03-28,11486.87,0.751594476404996,0.7509938209600342,0.7509938209600342,0.7509938209600342,0.7562049127933521,0.7688673789303866,0.7688673789303866,0.7688673789303866
2022-03-29,11474.3,0.749043720005276,0.751594476404996,0.7509938209600342,0.7509938209600342,0.7509938209600342,0.7562049127933521,0.7688673789303866,0.7688673789303866
2022-03-30,11442.67,0.7426252295579296,0.749043720005276,0.751594476404996,0.7509938209600342,0.7509938209600342,0.7509938209600342,0.7562049127933521,0.7688673789303866
2022-03-31,11400.21,0.7340090707089153,0.7426252295579296,0.749043720005276,0.751594476404996,0.7509938209600342,0.7509938209600342,0.7509938209600342,0.7562049127933521
2022-04-01,11395.02,0.7329558944388641,0.7340090707089153,0.7426252295579296,0.749043720005276,0.751594476404996,0.7509938209600342,0.7509938209600342,0.7509938209600342
2022-04-02,11395.02,0.7329558944388641,0.7329558944388641,0.7340090707089153,0.7426252295579296,0.749043720005276,0.751594476404996,0.7509938209600342,0.7509938209600342
2022-04-03,11395.02,0.7329558944388641,0.7329558944388641,0.7329558944388641,0.7340090707089153,0.7426252295579296,0.749043720005276,0.751594476404996,0.7509938209600342
2022-04-04,11404.61,0.7349019369108858,0.7329558944388641,0.7329558944388641,0.7329558944388641,0.7340090707089153,0.7426252295579296,0.749043720005276,0.751594476404996
2022-04-05,11408.5,0.7356913118030823,0.7349019369108858,0.7329558944388641,0.7329558944388641,0.7329558944388641,0.7340090707089153,0.7426252295579296,0.749043720005276
2022-04-06,11385.07,0.7309367992775899,0.7356913118030823,0.7349019369108858,0.7329558944388641,0.7329558944388641,0.7329558944388641,0.7340090707089153,0.7426252295579296
2022-04-07,11370.56,0.7279923700524555,0.7309367992775899,0.7356913118030823,0.7349019369108858,0.7329558944388641,0.7329558944388641,0.7329558944388641,0.7340090707089153
2022-04-08,11362.51,0.7263588307511235,0.7279923700524555,0.7309367992775899,0.7356913118030823,0.7349019369108858,0.7329558944388641,0.7329558944388641,0.7329558944388641
2022-04-09,11362.51,0.7263588307511235,0.7263588307511235,0.7279923700524555,0.7309367992775899,0.7356913118030823,0.7349019369108858,0.7329558944388641,0.7329558944388641
2022-04-10,11362.51,0.7263588307511235,0.7263588307511235,0.7263588307511235,0.7279923700524555,0.7309367992775899,0.7356913118030823,0.7349019369108858,0.7329558944388641
2022-04-11,11344.69,0.7227427226331435,0.7263588307511235,0.7263588307511235,0.7263588307511235,0.7279923700524555,0.7309367992775899,0.7356913118030823,0.7349019369108858
2022-04-12,11329.38,0.7196359540985602,0.7227427226331435,0.7263588307511235,0.7263588307511235,0.7263588307511235,0.7279923700524555,0.7309367992775899,0.7356913118030823
2022-04-13,11315.0,0.7167179050112116,0.7196359540985602,0.7227427226331435,0.7263588307511235,0.7263588307511235,0.7263588307511235,0.7279923700524555,0.7309367992775899
2022-04-14,11335.97,0.7209732241601474,0.7167179050112116,0.7196359540985602,0.7227427226331435,0.7263588307511235,0.7263588307511235,0.7263588307511235,0.7279923700524555
2022-04-15,11320.0,0.7177325256952687,0.7209732241601474,0.7167179050112116,0.7196359540985602,0.7227427226331435,0.7263588307511235,0.7263588307511235,0.7263588307511235
2022-04-16,11320.0,0.7177325256952687,0.7177325256952687,0.7209732241601474,0.7167179050112116,0.7196359540985602,0.7227427226331435,0.7263588307511235,0.7263588307511235
2022-04-17,11320.0,0.7177325256952687,0.7177325256952687,0.7177325256952687,0.7209732241601474,0.7167179050112116,0.7196359540985602,0.7227427226331435,0.7263588307511235
2022-04-18,11299.42,0.7135563469596893,0.7177325256952687,0.7177325256952687,0.7177325256952687,0.7209732241601474,0.7167179050112116,0.7196359540985602,0.7227427226331435
2022-04-19,11278.02,0.7092137704319239,0.7135563469596893,0.7177325256952687,0.7177325256952687,0.7177325256952687,0.7209732241601474,0.7167179050112116,0.7196359540985602
2022-04-20,11259.37,0.7054292352803906,0.7092137704319239,0.7135563469596893,0.7177325256952687,0.7177325256952687,0.7177325256952687,0.7209732241601474,0.7167179050112116
2022-04-21,11281.8,0.7099808236690712,0.7054292352803906,0.7092137704319239,0.7135563469596893,0.7177325256952687,0.7177325256952687,0.7177325256952687,0.7209732241601474
2022-04-22,11302.08,0.7140961251636073,0.7099808236690712,0.7054292352803906,0.7092137704319239,0.7135563469596893,0.7177325256952687,0.7177325256952687,0.7177325256952687
2022-04-23,11302.08,0.7140961251636073,0.7140961251636073,0.7099808236690712,0.7054292352803906,0.7092137704319239,0.7135563469596893,0.7177325256952687,0.7177325256952687
2022-04-24,11302.08,0.7140961251636073,0.7140961251636073,0.7140961251636073,0.7099808236690712,0.7054292352803906,0.7092137704319239,0.7135563469596893,0.7177325256952687
2022-04-25,11260.28,0.7056138962448888,0.7140961251636073,0.7140961251636073,0.7140961251636073,0.7099808236690712,0.7054292352803906,0.7092137704319239,0.7135563469596893
2022-04-26,11246.9,0.7028987712943515,0.7056138962448888,0.7140961251636073,0.7140961251636073,0.7140961251636073,0.7099808236690712,0.7054292352803906,0.7092137704319239
2022-04-27,11221.87,0.6978195801499611,0.7028987712943515,0.7056138962448888,0.7140961251636073,0.7140961251636073,0.7140961251636073,0.7099808236690712,0.7054292352803906
2022-04-28,11200.06,0.6933938047261028,0.6978195801499611,0.7028987712943515,0.7056138962448888,0.7140961251636073,0.7140961251636073,0.7140961251636073,0.7099808236690712
2022-04-29,11179.8,0.6892825617143028,0.6933938047261028,0.6978195801499611,0.7028987712943515,0.7056138962448888,0.7140961251636073,0.7140961251636073,0.7140961251636073
2022-04-30,11179.8,0.6892825617143028,0.6892825617143028,0.6933938047261028,0.6978195801499611,0.7028987712943515,0.7056138962448888,0.7140961251636073,0.7140961251636073
2022-05-01,11179.8,0.6892825617143028,0.6892825617143028,0.6892825617143028,0.6933938047261028,0.6978195801499611,0.7028987712943515,0.7056138962448888,0.7140961251636073
2022-05-02,11179.8,0.6892825617143028,0.6892825617143028,0.6892825617143028,0.6892825617143028,0.6933938047261028,0.6978195801499611,0.7028987712943515,0.7056138962448888
2022-05-03,11179.8,0.6892825617143028,0.6892825617143028,0.6892825617143028,0.6892825617143028,0.6892825617143028,0.6933938047261028,0.6978195801499611,0.7028987712943515
2022-05-04,11179.8,0.6892825617143028,0.6892825617143028,0.6892825617143028,0.6892825617143028,0.6892825617143028,0.6892825617143028,0.6933938047261028,0.6978195801499611
2022-05-05,11161.96,0.6856623951135867,0.6892825617143028,0.6892825617143028,0.6892825617143028,0.6892825617143028,0.6892825617143028,0.6892825617143028,0.6933938047261028
2022-05-06,11132.56,0.6796964254913298,0.6856623951135867,0.6892825617143028,0.6892825617143028,0.6892825617143028,0.6892825617143028,0.6892825617143028,0.6892825617143028
2022-05-07,11115.9,0.6763157093720513,0.6796964254913298,0.6856623951135867,0.6892825617143028,0.6892825617143028,0.6892825617143028,0.6892825617143028,0.6892825617143028
2022-05-08,11115.9,0.6763157093720513,0.6763157093720513,0.6796964254913298,0.6856623951135867,0.6892825617143028,0.6892825617143028,0.6892825617143028,0.6892825617143028
2022-05-09,11115.9,0.6763157093720513,0.6763157093720513,0.6763157093720513,0.6796964254913298,0.6856623951135867,0.6892825617143028,0.6892825617143028,0.6892825617143028
2022-05-10,11141.8,0.6815714445154677,0.6763157093720513,0.6763157093720513,0.6763157093720513,0.6796964254913298,0.6856623951135867,0.6892825617143028,0.6892825617143028
2022-05-11,11162.03,0.6856765998031638,0.6815714445154677,0.6763157093720513,0.6763157093720513,0.6763157093720513,0.6796964254913298,0.6856623951135867,0.6892825617143028
2022-05-12,11184.63,0.6902626852951024,0.6856765998031638,0.6815714445154677,0.6763157093720513,0.6763157093720513,0.6763157093720513,0.6796964254913298,0.6856623951135867
2022-05-13,11165.92,0.6864659746953603,0.6902626852951024,0.6856765998031638,0.6815714445154677,0.6763157093720513,0.6763157093720513,0.6763157093720513,0.6796964254913298
2022-05-14,11165.92,0.6864659746953603,0.6864659746953603,0.6902626852951024,0.6856765998031638,0.6815714445154677,0.6763157093720513,0.6763157093720513,0.6763157093720513
2022-05-15,11165.92,0.6864659746953603,0.6864659746953603,0.6864659746953603,0.6902626852951024,0.6856765998031638,0.6815714445154677,0.6763157093720513,0.6763157093720513
2022-05-16,11150.14,0.6832638318164752,0.6864659746953603,0.6864659746953603,0.6864659746953603,0.6902626852951024,0.6856765998031638,0.6815714445154677,0.6763157093720513
2022-05-17,11164.86,0.6862508751103402,0.6832638318164752,0.6864659746953603,0.6864659746953603,0.6864659746953603,0.6902626852951024,0.6856765998031638,0.6815714445154677
2022-05-18,11145.21,0.6822634158219947,0.6862508751103402,0.6832638318164752,0.6864659746953603,0.6864659746953603,0.6864659746953603,0.6902626852951024,0.6856765998031638
2022-05-19,11130.57,0.679292606459075,0.6822634158219947,0.6862508751103402,0.6832638318164752,0.6864659746953603,0.6864659746953603,0.6864659746953603,0.6902626852951024
2022-05-20,11088.2,0.6706947107823742,0.679292606459075,0.6822634158219947,0.6862508751103402,0.6832638318164752,0.6864659746953603,0.6864659746953603,0.6864659746953603
2022-05-21,11088.2,0.6706947107823742,0.6706947107823742,0.679292606459075,0.6822634158219947,0.6862508751103402,0.6832638318164752,0.6864659746953603,0.6864659746953603
2022-05-22,11088.2,0.6706947107823742,0.6706947107823742,0.6706947107823742,0.679292606459075,0.6822634158219947,0.6862508751103402,0.6832638318164752,0.6864659746953603
2022-05-23,11095.09,0.6720928580850047,0.6706947107823742,0.6706947107823742,0.6706947107823742,0.679292606459075,0.6822634158219947,0.6862508751103402,0.6832638318164752
2022-05-24,11084.9,0.670025061130896,0.6720928580850047,0.6706947107823742,0.6706947107823742,0.6706947107823742,0.679292606459075,0.6822634158219947,0.6862508751103402
2022-05-25,11074.93,0.6680019074868861,0.670025061130896,0.6720928580850047,0.6706947107823742,0.6706947107823742,0.6706947107823742,0.679292606459075,0.6822634158219947
2022-05-26,11063.01,0.6655830517760937,0.6680019074868861,0.670025061130896,0.6720928580850047,0.6706947107823742,0.6706947107823742,0.6706947107823742,0.679292606459075
2022-05-27,11045.25,0.661979119106322,0.6655830517760937,0.6680019074868861,0.670025061130896,0.6720928580850047,0.6706947107823742,0.6706947107823742,0.6706947107823742
2022-05-28,11045.25,0.661979119106322,0.661979119106322,0.6655830517760937,0.6680019074868861,0.670025061130896,0.6720928580850047,0.6706947107823742,0.6706947107823742
2022-05-29,11045.25,0.661979119106322,0.661979119106322,0.661979119106322,0.6655830517760937,0.6680019074868861,0.670025061130896,0.6720928580850047,0.6706947107823742
2022-05-30,11034.15,0.6597266611877151,0.661979119106322,0.661979119106322,0.661979119106322,0.6655830517760937,0.6680019074868861,0.670025061130896,0.6720928580850047
2022-05-31,11010.88,0.6550046165241123,0.6597266611877151,0.661979119106322,0.661979119106322,0.661979119106322,0.6655830517760937,0.6680019074868861,0.670025061130896
2022-06-01,10985.79,0.6499132499315132,0.6550046165241123,0.6597266611877151,0.661979119106322,0.661979119106322,0.661979119106322,0.6655830517760937,0.6680019074868861
2022-06-02,10980.02,0.6487423776621111,0.6499132499315132,0.6550046165241123,0.6597266611877151,0.661979119106322,0.661979119106322,0.661979119106322,0.6655830517760937
2022-06-03,10994.67,0.6517152162663986,0.6487423776621111,0.6499132499315132,0.6550046165241123,0.6597266611877151,0.661979119106322,0.661979119106322,0.661979119106322
2022-06-04,10994.67,0.6517152162663986,0.6517152162663986,0.6487423776621111,0.6499132499315132,0.6550046165241123,0.6597266611877151,0.661979119106322,0.661979119106322
2022-06-05,10994.67,0.6517152162663986,0.6517152162663986,0.6517152162663986,0.6487423776621111,0.6499132499315132,0.6550046165241123,0.6597266611877151,0.661979119106322
2022-06-06,11012.06,0.6552440670055499,0.6517152162663986,0.6517152162663986,0.6517152162663986,0.6487423776621111,0.6499132499315132,0.6550046165241123,0.6597266611877151
2022-06-07,11031.7,0.6592294970525272,0.6552440670055499,0.6517152162663986,0.6517152162663986,0.6517152162663986,0.6487423776621111,0.6499132499315132,0.6550046165241123
2022-06-08,11046.94,0.6623220608975335,0.6592294970525272,0.6552440670055499,0.6517152162663986,0.6517152162663986,0.6517152162663986,0.6487423776621111,0.6499132499315132
2022-06-09,11039.96,0.6609056504225894,0.6623220608975335,0.6592294970525272,0.6552440670055499,0.6517152162663986,0.6517152162663986,0.6517152162663986,0.6487423776621111
2022-06-10,11021.19,0.6570967643746386,0.6609056504225894,0.6623220608975335,0.6592294970525272,0.6552440670055499,0.6517152162663986,0.6517152162663986,0.6517152162663986
2022-06-11,11021.19,0.6570967643746386,0.6570967643746386,0.6609056504225894,0.6623220608975335,0.6592294970525272,0.6552440670055499,0.6517152162663986,0.6517152162663986
2022-06-12,11021.19,0.6570967643746386,0.6570967643746386,0.6570967643746386,0.6609056504225894,0.6623220608975335,0.6592294970525272,0.6552440670055499,0.6517152162663986
2022-06-13,11005.03,0.6538175103237653,0.6570967643746386,0.6570967643746386,0.6570967643746386,0.6609056504225894,0.6623220608975335,0.6592294970525272,0.6552440670055499
2022-06-14,10992.2,0.6512139936484747,0.6538175103237653,0.6570967643746386,0.6570967643746386,0.6570967643746386,0.6609056504225894,0.6623220608975335,0.6592294970525272
2022-06-15,10975.02,0.647727756978054,0.6512139936484747,0.6538175103237653,0.6570967643746386,0.6570967643746386,0.6570967643746386,0.6609056504225894,0.6623220608975335
2022-06-16,10960.11,0.6447021580981949,0.647727756978054,0.6512139936484747,0.6538175103237653,0.6570967643746386,0.6570967643746386,0.6570967643746386,0.6609056504225894
2022-06-17,10969.48,0.6466035572601181,0.6447021580981949,0.647727756978054,0.6512139936484747,0.6538175103237653,0.6570967643746386,0.6570967643746386,0.6570967643746386
2022-06-18,10969.48,0.6466035572601181,0.6466035572601181,0.6447021580981949,0.647727756978054,0.6512139936484747,0.6538175103237653,0.6570967643746386,0.6570967643746386
2022-06-19,10969.48,0.6466035572601181,0.6466035572601181,0.6466035572601181,0.6447021580981949,0.647727756978054,0.6512139936484747,0.6538175103237653,0.6570967643746386
2022-06-20,10950.03,0.6426566827991358,0.6466035572601181,0.6466035572601181,0.6466035572601181,0.6447021580981949,0.647727756978054,0.6512139936484747,0.6538175103237653
2022-06-21,10928.12,0.6382106149615969,0.6426566827991358,0.6466035572601181,0.6466035572601181,0.6466035572601181,0.6447021580981949,0.647727756978054,0.6512139936484747
2022-06-22,10895.99,0.6316906624458445,0.6382106149615969,0.6426566827991358,0.6466035572601181,0.6466035572601181,0.6466035572601181,0.6447021580981949,0.647727756978054
2022-06-23,10847.08,0.6217656429143965,0.6316906624458445,0.6382106149615969,0.6426566827991358,0.6466035572601181,0.6466035572601181,0.6466035572601181,0.6447021580981949
2022-06-24,10830.17,0.6183341957609148,0.6217656429143965,0.6316906624458445,0.6382106149615969,0.6426566827991358,0.6466035572601181,0.6466035572601181,0.6466035572601181
2022-06-25,10830.17,0.6183341957609148,0.6183341957609148,0.6217656429143965,0.6316906624458445,0.6382106149615969,0.6426566827991358,0.6466035572601181,0.6466035572601181
2022-06-26,10830.17,0.6183341957609148,0.6183341957609148,0.6183341957609148,0.6217656429143965,0.6316906624458445,0.6382106149615969,0.6426566827991358,0.6466035572601181
2022-06-27,10839.9,0.62030864761209,0.6183341957609148,0.6183341957609148,0.6183341957609148,0.6217656429143965,0.6316906624458445,0.6382106149615969,0.6426566827991358
2022-06-28,10823.52,0.6169847502511188,0.62030864761209,0.6183341957609148,0.6183341957609148,0.6183341957609148,0.6217656429143965,0.6316906624458445,0.6382106149615969
2022-06-29,10800.55,0.6123235828285594,0.6169847502511188,0.62030864761209,0.6183341957609148,0.6183341957609148,0.6183341957609148,0.6217656429143965,0.6316906624458445
2022-06-30,10860.25,0.6244381537962032,0.6123235828285594,0.6169847502511188,0.62030864761209,0.6183341957609148,0.6183341957609148,0.6183341957609148,0.6217656429143965
2022-07-01,10865.94,0.6255927921346605,0.6244381537962032,0.6123235828285594,0.6169847502511188,0.62030864761209,0.6183341957609148,0.6183341957609148,0.6183341957609148
2022-07-02,10865.94,0.6255927921346605,0.6255927921346605,0.6244381537962032,0.6123235828285594,0.6169847502511188,0.62030864761209,0.6183341957609148,0.6183341957609148
2022-07-03,10865.94,0.6255927921346605,0.6255927921346605,0.6255927921346605,0.6244381537962032,0.6123235828285594,0.6169847502511188,0.62030864761209,0.6183341957609148
2022-07-04,10850.1,0.6223784738075671,0.6255927921346605,0.6255927921346605,0.6255927921346605,0.6244381537962032,0.6123235828285594,0.6169847502511188,0.62030864761209
2022-07-05,10836.69,0.6196572611329254,0.6223784738075671,0.6255927921346605,0.6255927921346605,0.6255927921346605,0.6244381537962032,0.6123235828285594,0.6169847502511188
2022-07-06,10860.14,0.6244158321411539,0.6196572611329254,0.6223784738075671,0.6255927921346605,0.6255927921346605,0.6255927921346605,0.6244381537962032,0.6123235828285594
2022-07-07,10887.87,0.6300429184549359,0.6244158321411539,0.6196572611329254,0.6223784738075671,0.6255927921346605,0.6255927921346605,0.6255927921346605,0.6244381537962032
2022-07-08,10912.3,0.6350003551172392,0.6300429184549359,0.6244158321411539,0.6196572611329254,0.6223784738075671,0.6255927921346605,0.6255927921346605,0.6255927921346605
2022-07-09,10912.3,0.6350003551172392,0.6350003551172392,0.6300429184549359,0.6244158321411539,0.6196572611329254,0.6223784738075671,0.6255927921346605,0.6255927921346605
2022-07-10,10912.3,0.6350003551172392,0.6350003551172392,0.6350003551172392,0.6300429184549359,0.6244158321411539,0.6196572611329254,0.6223784738075671,0.6255927921346605
2022-07-11,10912.3,0.6350003551172392,0.6350003551172392,0.6350003551172392,0.6350003551172392,0.6300429184549359,0.6244158321411539,0.6196572611329254,0.6223784738075671
2022-07-12,10912.3,0.6350003551172392,0.6350003551172392,0.6350003551172392,0.6350003551172392,0.6350003551172392,0.6300429184549359,0.6244158321411539,0.6196572611329254
2022-07-13,10920.28,0.6366196897289951,0.6350003551172392,0.6350003551172392,0.6350003551172392,0.6350003551172392,0.6350003551172392,0.6300429184549359,0.6244158321411539
2022-07-14,10935.19,0.6396452886088537,0.6366196897289951,0.6350003551172392,0.6350003551172392,0.6350003551172392,0.6350003551172392,0.6350003551172392,0.6300429184549359
2022-07-15,10950.29,0.6427094430747065,0.6396452886088537,0.6366196897289951,0.6350003551172392,0.6350003551172392,0.6350003551172392,0.6350003551172392,0.6350003551172392
2022-07-16,10981.93,0.649129962763421,0.6427094430747065,0.6396452886088537,0.6366196897289951,0.6350003551172392,0.6350003551172392,0.6350003551172392,0.6350003551172392
2022-07-17,10981.93,0.649129962763421,0.649129962763421,0.6427094430747065,0.6396452886088537,0.6366196897289951,0.6350003551172392,0.6350003551172392,0.6350003551172392
2022-07-18,10970.18,0.6467456041558861,0.649129962763421,0.649129962763421,0.6427094430747065,0.6396452886088537,0.6366196897289951,0.6350003551172392,0.6350003551172392
2022-07-19,10949.91,0.6426323319027183,0.6467456041558861,0.649129962763421,0.649129962763421,0.6427094430747065,0.6396452886088537,0.6366196897289951,0.6350003551172392
2022-07-20,10925.55,0.6376890999299911,0.6426323319027183,0.6467456041558861,0.649129962763421,0.649129962763421,0.6427094430747065,0.6396452886088537,0.6366196897289951
2022-07-21,10908.0,0.6341277813289501,0.6376890999299911,0.6426323319027183,0.6467456041558861,0.649129962763421,0.649129962763421,0.6427094430747065,0.6396452886088537
2022-07-22,10899.85,0.6324739496139367,0.6341277813289501,0.6376890999299911,0.6426323319027183,0.6467456041558861,0.649129962763421,0.649129962763421,0.6427094430747065
2022-07-23,10899.85,0.6324739496139367,0.6324739496139367,0.6341277813289501,0.6376890999299911,0.6426323319027183,0.6467456041558861,0.649129962763421,0.649129962763421
2022-07-24,10899.85,0.6324739496139367,0.6324739496139367,0.6324739496139367,0.6341277813289501,0.6376890999299911,0.6426323319027183,0.6467456041558861,0.649129962763421
2022-07-25,10919.98,0.6365588124879513,0.6324739496139367,0.6324739496139367,0.6324739496139367,0.6341277813289501,0.6376890999299911,0.6426323319027183,0.6467456041558861
2022-07-26,10967.06,0.6461124808490346,0.6365588124879513,0.6324739496139367,0.6324739496139367,0.6324739496139367,0.6341277813289501,0.6376890999299911,0.6426323319027183
2022-07-27,10960.17,0.6447143335464036,0.6461124808490346,0.6365588124879513,0.6324739496139367,0.6324739496139367,0.6324739496139367,0.6341277813289501,0.6376890999299911
2022-07-28,10942.4,0.6411083716352641,0.6447143335464036,0.6461124808490346,0.6365588124879513,0.6324739496139367,0.6324739496139367,0.6324739496139367,0.6341277813289501
2022-07-29,10908.11,0.6341501029839993,0.6411083716352641,0.6447143335464036,0.6461124808490346,0.6365588124879513,0.6324739496139367,0.6324739496139367,0.6324739496139367
2022-07-30,10908.11,0.6341501029839993,0.6341501029839993,0.6411083716352641,0.6447143335464036,0.6461124808490346,0.6365588124879513,0.6324739496139367,0.6324739496139367
2022-07-31,10908.11,0.6341501029839993,0.6341501029839993,0.6341501029839993,0.6411083716352641,0.6447143335464036,0.6461124808490346,0.6365588124879513,0.6324739496139367
2022-08-01,10912.36,0.6350125305654484,0.6341501029839993,0.6341501029839993,0.6341501029839993,0.6411083716352641,0.6447143335464036,0.6461124808490346,0.6365588124879513
2022-08-02,10941.07,0.6408384825333047,0.6350125305654484,0.6341501029839993,0.6341501029839993,0.6341501029839993,0.6411083716352641,0.6447143335464036,0.6461124808490346
2022-08-03,10960.12,0.6447041873395631,0.6408384825333047,0.6350125305654484,0.6341501029839993,0.6341501029839993,0.6341501029839993,0.6411083716352641,0.6447143335464036
2022-08-04,10942.58,0.6411448979798899,0.6447041873395631,0.6408384825333047,0.6350125305654484,0.6341501029839993,0.6341501029839993,0.6341501029839993,0.6411083716352641
2022-08-05,10919.89,0.6365405493156382,0.6411448979798899,0.6447041873395631,0.6408384825333047,0.6350125305654484,0.6341501029839993,0.6341501029839993,0.6341501029839993
2022-08-06,10919.89,0.6365405493156382,0.6365405493156382,0.6411448979798899,0.6447041873395631,0.6408384825333047,0.6350125305654484,0.6341501029839993,0.6341501029839993
2022-08-07,10919.89,0.6365405493156382,0.6365405493156382,0.6365405493156382,0.6411448979798899,0.6447041873395631,0.6408384825333047,0.6350125305654484,0.6341501029839993
2022-08-08,10886.0,0.6296634503190981,0.6365405493156382,0.6365405493156382,0.6365405493156382,0.6411448979798899,0.6447041873395631,0.6408384825333047,0.6350125305654484
2022-08-09,10875.37,0.6275063667447924,0.6296634503190981,0.6365405493156382,0.6365405493156382,0.6365405493156382,0.6411448979798899,0.6447041873395631,0.6408384825333047
2022-08-10,10880.29,0.6285047534979051,0.6275063667447924,0.6296634503190981,0.6365405493156382,0.6365405493156382,0.6365405493156382,0.6411448979798899,0.6447041873395631
2022-08-11,10904.29,0.6333749327813798,0.6285047534979051,0.6275063667447924,0.6296634503190981,0.6365405493156382,0.6365405493156382,0.6365405493156382,0.6411448979798899
2022-08-12,10922.03,0.6369748069684149,0.6333749327813798,0.6285047534979051,0.6275063667447924,0.6296634503190981,0.6365405493156382,0.6365405493156382,0.6365405493156382
2022-08-13,10922.03,0.6369748069684149,0.6369748069684149,0.6333749327813798,0.6285047534979051,0.6275063667447924,0.6296634503190981,0.6365405493156382,0.6365405493156382
2022-08-14,10922.03,0.6369748069684149,0.6369748069684149,0.6369748069684149,0.6333749327813798,0.6285047534979051,0.6275063667447924,0.6296634503190981,0.6365405493156382
2022-08-15,10911.01,0.6347385829807528,0.6369748069684149,0.6369748069684149,0.6369748069684149,0.6333749327813798,0.6285047534979051,0.6275063667447924,0.6296634503190981
2022-08-16,10937.14,0.6400409906756359,0.6347385829807528,0.6369748069684149,0.6369748069684149,0.6369748069684149,0.6333749327813798,0.6285047534979051,0.6275063667447924
2022-08-17,10970.01,0.6467111070526286,0.6400409906756359,0.6347385829807528,0.6369748069684149,0.6369748069684149,0.6369748069684149,0.6333749327813798,0.6285047534979051
2022-08-18,10945.32,0.6417009101147533,0.6467111070526286,0.6400409906756359,0.6347385829807528,0.6369748069684149,0.6369748069684149,0.6369748069684149,0.6333749327813798
2022-08-19,10934.97,0.6396006452987548,0.6417009101147533,0.6467111070526286,0.6400409906756359,0.6347385829807528,0.6369748069684149,0.6369748069684149,0.6369748069684149
2022-08-20,10934.97,0.6396006452987548,0.6396006452987548,0.6417009101147533,0.6467111070526286,0.6400409906756359,0.6347385829807528,0.6369748069684149,0.6369748069684149
2022-08-21,10934.97,0.6396006452987548,0.6396006452987548,0.6396006452987548,0.6417009101147533,0.6467111070526286,0.6400409906756359,0.6347385829807528,0.6369748069684149
2022-08-22,10917.03,0.6359601862843578,0.6396006452987548,0.6396006452987548,0.6396006452987548,0.6417009101147533,0.6467111070526286,0.6400409906756359,0.6347385829807528
2022-08-23,10900.77,0.6326606398198036,0.6359601862843578,0.6396006452987548,0.6396006452987548,0.6396006452987548,0.6417009101147533,0.6467111070526286,0.6400409906756359
2022-08-24,10888.3,0.6301301758337645,0.6326606398198036,0.6359601862843578,0.6396006452987548,0.6396006452987548,0.6396006452987548,0.6417009101147533,0.6467111070526286
2022-08-25,10902.76,0.633064458852058,0.6301301758337645,0.6326606398198036,0.6359601862843578,0.6396006452987548,0.6396006452987548,0.6396006452987548,0.6417009101147533
2022-08-26,10915.65,0.6356801509755579,0.633064458852058,0.6301301758337645,0.6326606398198036,0.6359601862843578,0.6396006452987548,0.6396006452987548,0.6396006452987548
2022-08-27,10915.65,0.6356801509755579,0.6356801509755579,0.633064458852058,0.6301301758337645,0.6326606398198036,0.6359601862843578,0.6396006452987548,0.6396006452987548
2022-08-28,10915.65,0.6356801509755579,0.6356801509755579,0.6356801509755579,0.633064458852058,0.6301301758337645,0.6326606398198036,0.6359601862843578,0.6396006452987548
2022-08-29,10932.09,0.6390162237847379,0.6356801509755579,0.6356801509755579,0.6356801509755579,0.633064458852058,0.6301301758337645,0.6326606398198036,0.6359601862843578
2022-08-30,10900.65,0.6326362889233856,0.6390162237847379,0.6356801509755579,0.6356801509755579,0.6356801509755579,0.633064458852058,0.6301301758337645,0.6326606398198036
2022-08-31,10930.01,0.6385941415801704,0.6326362889233856,0.6390162237847379,0.6356801509755579,0.6356801509755579,0.6356801509755579,0.633064458852058,0.6301301758337645
2022-09-01,10930.01,0.6385941415801704,0.6385941415801704,0.6326362889233856,0.6390162237847379,0.6356801509755579,0.6356801509755579,0.6356801509755579,0.633064458852058
2022-09-02,10930.01,0.6385941415801704,0.6385941415801704,0.6385941415801704,0.6326362889233856,0.6390162237847379,0.6356801509755579,0.6356801509755579,0.6356801509755579
2022-09-03,10930.01,0.6385941415801704,0.6385941415801704,0.6385941415801704,0.6385941415801704,0.6326362889233856,0.6390162237847379,0.6356801509755579,0.6356801509755579
2022-09-04,10930.01,0.6385941415801704,0.6385941415801704,0.6385941415801704,0.6385941415801704,0.6385941415801704,0.6326362889233856,0.6390162237847379,0.6356801509755579
2022-09-05,10958.01,0.6442760174108908,0.6385941415801704,0.6385941415801704,0.6385941415801704,0.6385941415801704,0.6385941415801704,0.6326362889233856,0.6390162237847379
2022-09-06,10980.65,0.6488702198683021,0.6442760174108908,0.6385941415801704,0.6385941415801704,0.6385941415801704,0.6385941415801704,0.6385941415801704,0.6326362889233856
2022-09-07,10971.22,0.6469566452581701,0.6488702198683021,0.6442760174108908,0.6385941415801704,0.6385941415801704,0.6385941415801704,0.6385941415801704,0.6385941415801704
2022-09-08,10997.61,0.6523118132286247,0.6469566452581701,0.6488702198683021,0.6442760174108908,0.6385941415801704,0.6385941415801704,0.6385941415801704,0.6385941415801704
2022-09-09,10977.6,0.6482513012510271,0.6523118132286247,0.6469566452581701,0.6488702198683021,0.6442760174108908,0.6385941415801704,0.6385941415801704,0.6385941415801704
2022-09-10,10977.6,0.6482513012510271,0.6482513012510271,0.6523118132286247,0.6469566452581701,0.6488702198683021,0.6442760174108908,0.6385941415801704,0.6385941415801704
2022-09-11,10977.6,0.6482513012510271,0.6482513012510271,0.6482513012510271,0.6523118132286247,0.6469566452581701,0.6488702198683021,0.6442760174108908,0.6385941415801704
2022-09-12,10955.1,0.6436855081727695,0.6482513012510271,0.6482513012510271,0.6482513012510271,0.6523118132286247,0.6469566452581701,0.6488702198683021,0.6442760174108908
2022-09-13,10950.29,0.6427094430747065,0.6436855081727695,0.6482513012510271,0.6482513012510271,0.6482513012510271,0.6523118132286247,0.6469566452581701,0.6488702198683021
2022-09-14,10940.05,0.6406314999137572,0.6427094430747065,0.6436855081727695,0.6482513012510271,0.6482513012510271,0.6482513012510271,0.6523118132286247,0.6469566452581701
2022-09-15,10925.14,0.6376059010338981,0.6406314999137572,0.6427094430747065,0.6436855081727695,0.6482513012510271,0.6482513012510271,0.6482513012510271,0.6523118132286247
2022-09-16,10950.08,0.6426668290059758,0.6376059010338981,0.6406314999137572,0.6427094430747065,0.6436855081727695,0.6482513012510271,0.6482513012510271,0.6482513012510271
2022-09-17,10950.08,0.6426668290059758,0.6426668290059758,0.6376059010338981,0.6406314999137572,0.6427094430747065,0.6436855081727695,0.6482513012510271,0.6482513012510271
2022-09-18,10950.08,0.6426668290059758,0.6426668290059758,0.6426668290059758,0.6376059010338981,0.6406314999137572,0.6427094430747065,0.6436855081727695,0.6482513012510271
2022-09-19,10962.69,0.6452257023711685,0.6426668290059758,0.6426668290059758,0.6426668290059758,0.6376059010338981,0.6406314999137572,0.6427094430747065,0.6436855081727695
2022-09-20,10979.29,0.6485942430422387,0.6452257023711685,0.6426668290059758,0.6426668290059758,0.6426668290059758,0.6376059010338981,0.6406314999137572,0.6427094430747065
2022-09-21,10950.46,0.6427439401779644,0.6485942430422387,0.6452257023711685,0.6426668290059758,0.6426668290059758,0.6426668290059758,0.6376059010338981,0.6406314999137572
2022-09-22,10980.01,0.6487403484207428,0.6427439401779644,0.6485942430422387,0.6452257023711685,0.6426668290059758,0.6426668290059758,0.6426668290059758,0.6376059010338981
2022-09-23,11010.33,0.6548930082488662,0.6487403484207428,0.6427439401779644,0.6485942430422387,0.6452257023711685,0.6426668290059758,0.6426668290059758,0.6426668290059758
2022-09-24,11010.33,0.6548930082488662,0.6548930082488662,0.6487403484207428,0.6427439401779644,0.6485942430422387,0.6452257023711685,0.6426668290059758,0.6426668290059758
2022-09-25,11010.33,0.6548930082488662,0.6548930082488662,0.6548930082488662,0.6487403484207428,0.6427439401779644,0.6485942430422387,0.6452257023711685,0.6426668290059758
2022-09-26,11030.13,0.6589109061577327,0.6548930082488662,0.6548930082488662,0.6548930082488662,0.6487403484207428,0.6427439401779644,0.6485942430422387,0.6452257023711685
2022-09-27,11048.28,0.6625939792408608,0.6589109061577327,0.6548930082488662,0.6548930082488662,0.6548930082488662,0.6487403484207428,0.6427439401779644,0.6485942430422387
2022-09-28,11024.92,0.657853671404945,0.6625939792408608,0.6589109061577327,0.6548930082488662,0.6548930082488662,0.6548930082488662,0.6487403484207428,0.6427439401779644
2022-09-29,10999.78,0.6527521586055054,0.657853671404945,0.6625939792408608,0.6589109061577327,0.6548930082488662,0.6548930082488662,0.6548930082488662,0.6487403484207428
2022-09-30,11014.01,0.6556397690723321,0.6527521586055054,0.657853671404945,0.6625939792408608,0.6589109061577327,0.6548930082488662,0.6548930082488662,0.6548930082488662
2022-10-01,11014.01,0.6556397690723321,0.6556397690723321,0.6527521586055054,0.657853671404945,0.6625939792408608,0.6589109061577327,0.6548930082488662,0.6548930082488662
2022-10-02,11014.01,0.6556397690723321,0.6556397690723321,0.6556397690723321,0.6527521586055054,0.657853671404945,0.6625939792408608,0.6589109061577327,0.6548930082488662
2022-10-03,11004.94,0.6537992471514527,0.6556397690723321,0.6556397690723321,0.6556397690723321,0.6527521586055054,0.657853671404945,0.6625939792408608,0.6589109061577327
2022-10-04,10987.21,0.6502014022057849,0.6537992471514527,0.6556397690723321,0.6556397690723321,0.6556397690723321,0.6527521586055054,0.657853671404945,0.6625939792408608
2022-10-05,11010.45,0.6549173591452837,0.6502014022057849,0.6537992471514527,0.6556397690723321,0.6556397690723321,0.6556397690723321,0.6527521586055054,0.657853671404945
2022-10-06,11028.14,0.6585070871254779,0.6549173591452837,0.6502014022057849,0.6537992471514527,0.6556397690723321,0.6556397690723321,0.6556397690723321,0.6527521586055054
2022-10-07,11063.05,0.6655911687415659,0.6585070871254779,0.6549173591452837,0.6502014022057849,0.6537992471514527,0.6556397690723321,0.6556397690723321,0.6556397690723321
2022-10-08,11063.05,0.6655911687415659,0.6655911687415659,0.6585070871254779,0.6549173591452837,0.6502014022057849,0.6537992471514527,0.6556397690723321,0.6556397690723321
2022-10-09,11063.05,0.6655911687415659,0.6655911687415659,0.6655911687415659,0.6585070871254779,0.6549173591452837,0.6502014022057849,0.6537992471514527,0.6556397690723321
2022-10-10,11051.27,0.663200722409927,0.6655911687415659,0.6655911687415659,0.6655911687415659,0.6585070871254779,0.6549173591452837,0.6502014022057849,0.6537992471514527
2022-10-11,11069.83,0.6669669943891476,0.663200722409927,0.6655911687415659,0.6655911687415659,0.6655911687415659,0.6585070871254779,0.6549173591452837,0.6502014022057849
2022-10-12,11084.06,0.6698546048559744,0.6669669943891476,0.663200722409927,0.6655911687415659,0.6655911687415659,0.6655911687415659,0.6585070871254779,0.6549173591452837
2022-10-13,11095.31,0.6721375013951032,0.6698546048559744,0.6669669943891476,0.663200722409927,0.6655911687415659,0.6655911687415659,0.6655911687415659,0.6585070871254779
2022-10-14,11108.25,0.6747633397254436,0.6721375013951032,0.6698546048559744,0.6669669943891476,0.663200722409927,0.6655911687415659,0.6655911687415659,0.6655911687415659
2022-10-15,11108.25,0.6747633397254436,0.6747633397254436,0.6721375013951032,0.6698546048559744,0.6669669943891476,0.663200722409927,0.6655911687415659,0.6655911687415659
2022-10-16,11108.25,0.6747633397254436,0.6747633397254436,0.6747633397254436,0.6721375013951032,0.6698546048559744,0.6669669943891476,0.663200722409927,0.6655911687415659
2022-10-17,11131.45,0.6794711796994692,0.6747633397254436,0.6747633397254436,0.6747633397254436,0.6721375013951032,0.6698546048559744,0.6669669943891476,0.663200722409927
2022-10-18,11143.28,0.681871772237949,0.6794711796994692,0.6747633397254436,0.6747633397254436,0.6747633397254436,0.6721375013951032,0.6698546048559744,0.6669669943891476
2022-10-19,11157.43,0.6847431487738309,0.681871772237949,0.6794711796994692,0.6747633397254436,0.6747633397254436,0.6747633397254436,0.6721375013951032,0.6698546048559744
2022-10-20,11148.99,0.683030469059142,0.6847431487738309,0.681871772237949,0.6794711796994692,0.6747633397254436,0.6747633397254436,0.6747633397254436,0.6721375013951032
2022-10-21,11136.41,0.6804776834180541,0.683030469059142,0.6847431487738309,0.681871772237949,0.6794711796994692,0.6747633397254436,0.6747633397254436,0.6747633397254436
2022-10-22,11136.41,0.6804776834180541,0.6804776834180541,0.683030469059142,0.6847431487738309,0.681871772237949,0.6794711796994692,0.6747633397254436,0.6747633397254436
2022-10-23,11136.41,0.6804776834180541,0.6804776834180541,0.6804776834180541,0.683030469059142,0.6847431487738309,0.681871772237949,0.6794711796994692,0.6747633397254436
2022-10-24,11125.0,0.6781623190170356,0.6804776834180541,0.6804776834180541,0.6804776834180541,0.683030469059142,0.6847431487738309,0.681871772237949,0.6794711796994692
2022-10-25,11112.97,0.6757211416511935,0.6781623190170356,0.6804776834180541,0.6804776834180541,0.6804776834180541,0.683030469059142,0.6847431487738309,0.681871772237949
2022-10-26,11128.7,0.6789131383232381,0.6757211416511935,0.6781623190170356,0.6804776834180541,0.6804776834180541,0.6804776834180541,0.683030469059142,0.6847431487738309
2022-10-27,11155.12,0.6842743940177967,0.6789131383232381,0.6757211416511935,0.6781623190170356,0.6804776834180541,0.6804776834180541,0.6804776834180541,0.683030469059142
2022-10-28,11171.33,0.68756379427551,0.6842743940177967,0.6789131383232381,0.6757211416511935,0.6781623190170356,0.6804776834180541,0.6804776834180541,0.6804776834180541
2022-10-29,11171.33,0.68756379427551,0.68756379427551,0.6842743940177967,0.6789131383232381,0.6757211416511935,0.6781623190170356,0.6804776834180541,0.6804776834180541
2022-10-30,11171.33,0.68756379427551,0.68756379427551,0.68756379427551,0.6842743940177967,0.6789131383232381,0.6757211416511935,0.6781623190170356,0.6804776834180541
2022-10-31,11180.48,0.6894205501273347,0.68756379427551,0.68756379427551,0.68756379427551,0.6842743940177967,0.6789131383232381,0.6757211416511935,0.6781623190170356
2022-11-01,11169.38,0.6871680922087273,0.6894205501273347,0.68756379427551,0.68756379427551,0.68756379427551,0.6842743940177967,0.6789131383232381,0.6757211416511935
2022-11-02,11129.95,0.6791667934942522,0.6871680922087273,0.6894205501273347,0.68756379427551,0.68756379427551,0.68756379427551,0.6842743940177967,0.6789131383232381
2022-11-03,11108.03,0.6747186964153451,0.6791667934942522,0.6871680922087273,0.6894205501273347,0.68756379427551,0.68756379427551,0.68756379427551,0.6842743940177967
2022-11-04,11117.33,0.6766058908876917,0.6747186964153451,0.6791667934942522,0.6871680922087273,0.6894205501273347,0.68756379427551,0.68756379427551,0.68756379427551
2022-11-05,11117.33,0.6766058908876917,0.6766058908876917,0.6747186964153451,0.6791667934942522,0.6871680922087273,0.6894205501273347,0.68756379427551,0.68756379427551
2022-11-06,11117.33,0.6766058908876917,0.6766058908876917,0.6766058908876917,0.6747186964153451,0.6791667934942522,0.6871680922087273,0.6894205501273347,0.68756379427551
2022-11-07,11132.41,0.6796659868708084,0.6766058908876917,0.6766058908876917,0.6766058908876917,0.6747186964153451,0.6791667934942522,0.6871680922087273,0.6894205501273347
2022-11-08,11171.04,0.6875049462758349,0.6796659868708084,0.6766058908876917,0.6766058908876917,0.6766058908876917,0.6747186964153451,0.6791667934942522,0.6871680922087273
2022-11-09,11157.04,0.6846640083604745,0.6875049462758349,0.6796659868708084,0.6766058908876917,0.6766058908876917,0.6766058908876917,0.6747186964153451,0.6791667934942522
2022-11-10,11169.39,0.6871701214500956,0.6846640083604745,0.6875049462758349,0.6796659868708084,0.6766058908876917,0.6766058908876917,0.6766058908876917,0.6747186964153451
2022-11-11,11194.86,0.6923385992146838,0.6871701214500956,0.6846640083604745,0.6875049462758349,0.6796659868708084,0.6766058908876917,0.6766058908876917,0.6766058908876917
2022-11-12,11194.86,0.6923385992146838,0.6923385992146838,0.6871701214500956,0.6846640083604745,0.6875049462758349,0.6796659868708084,0.6766058908876917,0.6766058908876917
2022-11-13,11194.86,0.6923385992146838,0.6923385992146838,0.6923385992146838,0.6871701214500956,0.6846640083604745,0.6875049462758349,0.6796659868708084,0.6766058908876917
2022-11-14,11206.9,0.6947818058218933,0.6923385992146838,0.6923385992146838,0.6923385992146838,0.6871701214500956,0.6846640083604745,0.6875049462758349,0.6796659868708084
2022-11-15,11190.06,0.6913645633579886,0.6947818058218933,0.6923385992146838,0.6923385992146838,0.6923385992146838,0.6871701214500956,0.6846640083604745,0.6875049462758349
2022-11-16,11170.65,0.687425805862478,0.6913645633579886,0.6947818058218933,0.6923385992146838,0.6923385992146838,0.6923385992146838,0.6871701214500956,0.6846640083604745
2022-11-17,11184.76,0.6902890654328877,0.687425805862478,0.6913645633579886,0.6947818058218933,0.6923385992146838,0.6923385992146838,0.6923385992146838,0.6871701214500956
2022-11-18,11208.18,0.6950415487170123,0.6902890654328877,0.687425805862478,0.6913645633579886,0.6947818058218933,0.6923385992146838,0.6923385992146838,0.6923385992146838
2022-11-19,11208.18,0.6950415487170123,0.6950415487170123,0.6902890654328877,0.687425805862478,0.6913645633579886,0.6947818058218933,0.6923385992146838,0.6923385992146838
2022-11-20,11208.18,0.6950415487170123,0.6950415487170123,0.6950415487170123,0.6902890654328877,0.687425805862478,0.6913645633579886,0.6947818058218933,0.6923385992146838
2022-11-21,11211.64,0.6957436662303798,0.6950415487170123,0.6950415487170123,0.6950415487170123,0.6902890654328877,0.687425805862478,0.6913645633579886,0.6947818058218933
2022-11-22,11202.67,0.6939234367231808,0.6957436662303798,0.6950415487170123,0.6950415487170123,0.6950415487170123,0.6902890654328877,0.687425805862478,0.6913645633579886
2022-11-23,11208.91,0.6951896833368842,0.6939234367231808,0.6957436662303798,0.6950415487170123,0.6950415487170123,0.6950415487170123,0.6902890654328877,0.687425805862478
2022-11-24,11222.61,0.6979697440112014,0.6951896833368842,0.6939234367231808,0.6957436662303798,0.6950415487170123,0.6950415487170123,0.6950415487170123,0.6902890654328877
2022-11-25,11230.39,0.6995484937955945,0.6979697440112014,0.6951896833368842,0.6939234367231808,0.6957436662303798,0.6950415487170123,0.6950415487170123,0.6950415487170123
2022-11-26,11230.39,0.6995484937955945,0.6995484937955945,0.6979697440112014,0.6951896833368842,0.6939234367231808,0.6957436662303798,0.6950415487170123,0.6950415487170123
2022-11-27,11230.39,0.6995484937955945,0.6995484937955945,0.6995484937955945,0.6979697440112014,0.6951896833368842,0.6939234367231808,0.6957436662303798,0.6950415487170123
2022-11-28,11246.11,0.7027384612262708,0.6995484937955945,0.6995484937955945,0.6995484937955945,0.6979697440112014,0.6951896833368842,0.6939234367231808,0.6957436662303798
2022-11-29,11230.37,0.6995444353128584,0.7027384612262708,0.6995484937955945,0.6995484937955945,0.6995484937955945,0.6979697440112014,0.6951896833368842,0.6939234367231808
2022-11-30,11212.97,0.6960135553323388,0.6995444353128584,0.7027384612262708,0.6995484937955945,0.6995484937955945,0.6995484937955945,0.6979697440112014,0.6951896833368842
2022-12-01,11203.13,0.6940167818261143,0.6960135553323388,0.6995444353128584,0.7027384612262708,0.6995484937955945,0.6995484937955945,0.6995484937955945,0.6979697440112014
2022-12-02,11228.08,0.6990797390395598,0.6940167818261143,0.6960135553323388,0.6995444353128584,0.7027384612262708,0.6995484937955945,0.6995484937955945,0.6995484937955945
2022-12-03,11228.08,0.6990797390395598,0.6990797390395598,0.6940167818261143,0.6960135553323388,0.6995444353128584,0.7027384612262708,0.6995484937955945,0.6995484937955945
2022-12-04,11228.08,0.6990797390395598,0.6990797390395598,0.6990797390395598,0.6940167818261143,0.6960135553323388,0.6995444353128584,0.7027384612262708,0.6995484937955945
2022-12-05,11257.13,0.7049746852139325,0.6990797390395598,0.6990797390395598,0.6990797390395598,0.6940167818261143,0.6960135553323388,0.6995444353128584,0.7027384612262708
2022-12-06,11275.1,0.7086212319524348,0.7049746852139325,0.6990797390395598,0.6990797390395598,0.6990797390395598,0.6940167818261143,0.6960135553323388,0.6995444353128584
2022-12-07,11284.9,0.7106098884931866,0.7086212319524348,0.7049746852139325,0.6990797390395598,0.6990797390395598,0.6990797390395598,0.6940167818261143,0.6960135553323388
2022-12-08,11284.9,0.7106098884931866,0.7106098884931866,0.7086212319524348,0.7049746852139325,0.6990797390395598,0.6990797390395598,0.6990797390395598,0.6940167818261143
2022-12-09,11260.49,0.705656510313619,0.7106098884931866,0.7106098884931866,0.7086212319524348,0.7049746852139325,0.6990797390395598,0.6990797390395598,0.6990797390395598
2022-12-10,11260.49,0.705656510313619,0.705656510313619,0.7106098884931866,0.7106098884931866,0.7086212319524348,0.7049746852139325,0.6990797390395598,0.6990797390395598
2022-12-11,11260.49,0.705656510313619,0.705656510313619,0.705656510313619,0.7106098884931866,0.7106098884931866,0.7086212319524348,0.7049746852139325,0.6990797390395598
2022-12-12,11252.01,0.7039357136334583,0.705656510313619,0.705656510313619,0.705656510313619,0.7106098884931866,0.7106098884931866,0.7086212319524348,0.7049746852139325
2022-12-13,11271.26,0.7078420032670787,0.7039357136334583,0.705656510313619,0.705656510313619,0.705656510313619,0.7106098884931866,0.7106098884931866,0.7086212319524348
2022-12-14,11285.02,0.7106342393896041,0.7078420032670787,0.7039357136334583,0.705656510313619,0.705656510313619,0.705656510313619,0.7106098884931866,0.7106098884931866
2022-12-15,11256.21,0.704787995008066,0.7106342393896041,0.7078420032670787,0.7039357136334583,0.705656510313619,0.705656510313619,0.705656510313619,0.7106098884931866
2022-12-16,11231.15,0.6997027161395712,0.704787995008066,0.7106342393896041,0.7078420032670787,0.7039357136334583,0.705656510313619,0.705656510313619,0.705656510313619
2022-12-17,11231.15,0.6997027161395712,0.6997027161395712,0.704787995008066,0.7106342393896041,0.7078420032670787,0.7039357136334583,0.705656510313619,0.705656510313619
2022-12-18,11231.15,0.6997027161395712,0.6997027161395712,0.6997027161395712,0.704787995008066,0.7106342393896041,0.7078420032670787,0.7039357136334583,0.705656510313619
2022-12-19,11264.97,0.7065656104465343,0.6997027161395712,0.6997027161395712,0.6997027161395712,0.704787995008066,0.7106342393896041,0.7078420032670787,0.7039357136334583
2022-12-20,11286.18,0.7108696313883056,0.7065656104465343,0.6997027161395712,0.6997027161395712,0.6997027161395712,0.704787995008066,0.7106342393896041,0.7078420032670787
2022-12-21,11277.83,0.7091752148459298,0.7108696313883056,0.7065656104465343,0.6997027161395712,0.6997027161395712,0.6997027161395712,0.704787995008066,0.7106342393896041
2022-12-22,11255.08,0.7045586907334693,0.7091752148459298,0.7108696313883056,0.7065656104465343,0.6997027161395712,0.6997027161395712,0.6997027161395712,0.704787995008066
2022-12-23,11225.3,0.6985156099392238,0.7045586907334693,0.7091752148459298,0.7108696313883056,0.7065656104465343,0.6997027161395712,0.6997027161395712,0.6997027161395712
2022-12-24,11225.3,0.6985156099392238,0.6985156099392238,0.7045586907334693,0.7091752148459298,0.7108696313883056,0.7065656104465343,0.6997027161395712,0.6997027161395712
2022-12-25,11225.3,0.6985156099392238,0.6985156099392238,0.6985156099392238,0.7045586907334693,0.7091752148459298,0.7108696313883056,0.7065656104465343,0.6997027161395712
2022-12-26,11206.11,0.6946214957538126,0.6985156099392238,0.6985156099392238,0.6985156099392238,0.7045586907334693,0.7091752148459298,0.7108696313883056,0.7065656104465343
2022-12-27,11194.2,0.692204669284388,0.6946214957538126,0.6985156099392238,0.6985156099392238,0.6985156099392238,0.7045586907334693,0.7091752148459298,0.7108696313883056
2022-12-28,11170.01,0.6872959344149188,0.692204669284388,0.6946214957538126,0.6985156099392238,0.6985156099392238,0.6985156099392238,0.7045586907334693,0.7091752148459298
2022-12-29,11195.57,0.6924826753518196,0.6872959344149188,0.692204669284388,0.6946214957538126,0.6985156099392238,0.6985156099392238,0.6985156099392238,0.7045586907334693
2022-12-30,11225.46,0.6985480778011139,0.6924826753518196,0.6872959344149188,0.692204669284388,0.6946214957538126,0.6985156099392238,0.6985156099392238,0.6985156099392238
2022-12-31,11225.46,0.6985480778011139,0.6985480778011139,0.6924826753518196,0.6872959344149188,0.692204669284388,0.6946214957538126,0.6985156099392238,0.6985156099392238
2023-01-01,11225.46,0.6985480778011139,0.6985480778011139,0.6985480778011139,0.6924826753518196,0.6872959344149188,0.692204669284388,0.6946214957538126,0.6985156099392238
2023-01-02,11225.46,0.6985480778011139,0.6985480778011139,0.6985480778011139,0.6985480778011139,0.6924826753518196,0.6872959344149188,0.692204669284388,0.6946214957538126
2023-01-03,11225.46,0.6985480778011139,0.6985480778011139,0.6985480778011139,0.6985480778011139,0.6985480778011139,0.6924826753518196,0.6872959344149188,0.692204669284388
2023-01-04,11246.81,0.7028805081220384,0.6985480778011139,0.6985480778011139,0.6985480778011139,0.6985480778011139,0.6985480778011139,0.6924826753518196,0.6872959344149188
2023-01-05,11263.41,0.7062490487931086,0.7028805081220384,0.6985480778011139,0.6985480778011139,0.6985480778011139,0.6985480778011139,0.6985480778011139,0.6924826753518196
2023-01-06,11288.44,0.7113282399374994,0.7062490487931086,0.7028805081220384,0.6985480778011139,0.6985480778011139,0.6985480778011139,0.6985480778011139,0.6985480778011139
2023-01-07,11319.14,0.717558010937611,0.7113282399374994,0.7062490487931086,0.7028805081220384,0.6985480778011139,0.6985480778011139,0.6985480778011139,0.6985480778011139
2023-01-08,11319.14,0.717558010937611,0.717558010937611,0.7113282399374994,0.7062490487931086,0.7028805081220384,0.6985480778011139,0.6985480778011139,0.6985480778011139
2023-01-09,11300.01,0.7136760722004081,0.717558010937611,0.717558010937611,0.7113282399374994,0.7062490487931086,0.7028805081220384,0.6985480778011139,0.6985480778011139
2023-01-10,11284.75,0.7105794498726652,0.7136760722004081,0.717558010937611,0.717558010937611,0.7113282399374994,0.7062490487931086,0.7028805081220384,0.6985480778011139
2023-01-11,11305.28,0.7147454824014041,0.7105794498726652,0.7136760722004081,0.717558010937611,0.717558010937611,0.7113282399374994,0.7062490487931086,0.7028805081220384
2023-01-12,11322.1,0.7181586663825728,0.7147454824014041,0.7105794498726652,0.7136760722004081,0.717558010937611,0.717558010937611,0.7113282399374994,0.7062490487931086
2023-01-13,11300.38,0.713751154131028,0.7181586663825728,0.7147454824014041,0.7105794498726652,0.7136760722004081,0.717558010937611,0.717558010937611,0.7113282399374994
2023-01-14,11300.38,0.713751154131028,0.713751154131028,0.7181586663825728,0.7147454824014041,0.7105794498726652,0.7136760722004081,0.717558010937611,0.717558010937611
2023-01-15,11300.38,0.713751154131028,0.713751154131028,0.713751154131028,0.7181586663825728,0.7147454824014041,0.7105794498726652,0.7136760722004081,0.717558010937611
2023-01-16,11317.12,0.7171481041812517,0.713751154131028,0.713751154131028,0.713751154131028,0.7181586663825728,0.7147454824014041,0.7105794498726652,0.7136760722004081
2023-01-17,11342.14,0.7222252660842743,0.7171481041812517,0.713751154131028,0.713751154131028,0.713751154131028,0.7181586663825728,0.7147454824014041,0.7105794498726652
2023-01-18,11318.74,0.7174768412828862,0.7222252660842743,0.7171481041812517,0.713751154131028,0.713751154131028,0.713751154131028,0.7181586663825728,0.7147454824014041
2023-01-19,11291.03,0.7118538134518413,0.7174768412828862,0.7222252660842743,0.7171481041812517,0.713751154131028,0.713751154131028,0.713751154131028,0.7181586663825728
2023-01-20,11285.0,0.710630180906868,0.7118538134518413,0.7174768412828862,0.7222252660842743,0.7171481041812517,0.713751154131028,0.713751154131028,0.713751154131028
2023-01-21,11285.0,0.710630180906868,0.710630180906868,0.7118538134518413,0.7174768412828862,0.7222252660842743,0.7171481041812517,0.713751154131028,0.713751154131028
2023-01-22,11285.0,0.710630180906868,0.710630180906868,0.710630180906868,0.7118538134518413,0.7174768412828862,0.7222252660842743,0.7171481041812517,0.713751154131028
2023-01-23,11309.94,0.7156911088789457,0.710630180906868,0.710630180906868,0.710630180906868,0.7118538134518413,0.7174768412828862,0.7222252660842743,0.7171481041812517
2023-01-24,11290.27,0.7116995911078645,0.7156911088789457,0.710630180906868,0.710630180906868,0.710630180906868,0.7118538134518413,0.7174768412828862,0.7222252660842743
2023-01-25,11270.68,0.7077243072677282,0.7116995911078645,0.7156911088789457,0.710630180906868,0.710630180906868,0.710630180906868,0.7118538134518413,0.7174768412828862
2023-01-26,11292.69,0.712190667518948,0.7077243072677282,0.7116995911078645,0.7156911088789457,0.710630180906868,0.710630180906868,0.710630180906868,0.7118538134518413
2023-01-27,11320.02,0.7177365841780052,0.712190667518948,0.7077243072677282,0.7116995911078645,0.7156911088789457,0.710630180906868,0.710630180906868,0.710630180906868
2023-01-28,11320.02,0.7177365841780052,0.7177365841780052,0.712190667518948,0.7077243072677282,0.7116995911078645,0.7156911088789457,0.710630180906868,0.710630180906868
2023-01-29,11320.02,0.7177365841780052,0.7177365841780052,0.7177365841780052,0.712190667518948,0.7077243072677282,0.7116995911078645,0.7156911088789457,0.710630180906868
2023-01-30,11334.96,0.7207682707819678,0.7177365841780052,0.7177365841780052,0.7177365841780052,0.712190667518948,0.7077243072677282,0.7116995911078645,0.7156911088789457
2023-01-31,11301.59,0.7139966923365699,0.7207682707819678,0.7177365841780052,0.7177365841780052,0.7177365841780052,0.712190667518948,0.7077243072677282,0.7116995911078645
2023-02-01,11269.82,0.70754979251007,0.7139966923365699,0.7207682707819678,0.7177365841780052,0.7177365841780052,0.7177365841780052,0.712190667518948,0.7077243072677282
2023-02-02,11282.98,0.7102202741505088,0.70754979251007,0.7139966923365699,0.7207682707819678,0.7177365841780052,0.7177365841780052,0.7177365841780052,0.712190667518948
2023-02-03,11295.23,0.712706094826449,0.7102202741505088,0.70754979251007,0.7139966923365699,0.7207682707819678,0.7177365841780052,0.7177365841780052,0.7177365841780052
2023-02-04,11295.23,0.712706094826449,0.712706094826449,0.7102202741505088,0.70754979251007,0.7139966923365699,0.7207682707819678,0.7177365841780052,0.7177365841780052
2023-02-05,11295.23,0.712706094826449,0.712706094826449,0.712706094826449,0.7102202741505088,0.70754979251007,0.7139966923365699,0.7207682707819678,0.7177365841780052
2023-02-06,11317.06,0.717135928733043,0.712706094826449,0.712706094826449,0.712706094826449,0.7102202741505088,0.70754979251007,0.7139966923365699,0.7207682707819678
2023-02-07,11342.59,0.7223165819458395,0.717135928733043,0.712706094826449,0.712706094826449,0.712706094826449,0.7102202741505088,0.70754979251007,0.7139966923365699
2023-02-08,11350.18,0.7238567761442385,0.7223165819458395,0.717135928733043,0.712706094826449,0.712706094826449,0.712706094826449,0.7102202741505088,0.70754979251007
2023-02-09,11370.11,0.7279010541908908,0.7238567761442385,0.7223165819458395,0.717135928733043,0.712706094826449,0.712706094826449,0.712706094826449,0.7102202741505088
2023-02-10,11350.12,0.7238446006960297,0.7279010541908908,0.7238567761442385,0.7223165819458395,0.717135928733043,0.712706094826449,0.712706094826449,0.712706094826449
2023-02-11,11350.12,0.7238446006960297,0.7238446006960297,0.7279010541908908,0.7238567761442385,0.7223165819458395,0.717135928733043,0.712706094826449,0.712706094826449
2023-02-12,11350.12,0.7238446006960297,0.7238446006960297,0.7238446006960297,0.7279010541908908,0.7238567761442385,0.7223165819458395,0.717135928733043,0.712706094826449
2023-02-13,11338.21,0.7214277742266051,0.7238446006960297,0.7238446006960297,0.7238446006960297,0.7279010541908908,0.7238567761442385,0.7223165819458395,0.717135928733043
2023-02-14,11330.04,0.719769884028856,0.7214277742266051,0.7238446006960297,0.7238446006960297,0.7238446006960297,0.7279010541908908,0.7238567761442385,0.7223165819458395
2023-02-15,11360.1,0.7258697835814083,0.719769884028856,0.7214277742266051,0.7238446006960297,0.7238446006960297,0.7238446006960297,0.7279010541908908,0.7238567761442385
2023-02-16,11368.98,0.7276717499162937,0.7258697835814083,0.719769884028856,0.7214277742266051,0.7238446006960297,0.7238446006960297,0.7238446006960297,0.7279010541908908
2023-02-17,11353.95,0.7246218001400175,0.7276717499162937,0.7258697835814083,0.719769884028856,0.7214277742266051,0.7238446006960297,0.7238446006960297,0.7238446006960297
2023-02-18,11353.95,0.7246218001400175,0.7246218001400175,0.7276717499162937,0.7258697835814083,0.719769884028856,0.7214277742266051,0.7238446006960297,0.7238446006960297
2023-02-19,11353.95,0.7246218001400175,0.7246218001400175,0.7246218001400175,0.7276717499162937,0.7258697835814083,0.719769884028856,0.7214277742266051,0.7238446006960297
2023-02-20,11342.0,0.7221968567051207,0.7246218001400175,0.7246218001400175,0.7246218001400175,0.7276717499162937,0.7258697835814083,0.719769884028856,0.7214277742266051
2023-02-21,11320.09,0.7177507888675818,0.7221968567051207,0.7246218001400175,0.7246218001400175,0.7246218001400175,0.7276717499162937,0.7258697835814083,0.719769884028856
2023-02-22,11302.46,0.7141732363355955,0.7177507888675818,0.7221968567051207,0.7246218001400175,0.7246218001400175,0.7246218001400175,0.7276717499162937,0.7258697835814083
2023-02-23,11316.94,0.7171115778366259,0.7141732363355955,0.7177507888675818,0.7221968567051207,0.7246218001400175,0.7246218001400175,0.7246218001400175,0.7276717499162937
2023-02-24,11338.09,0.721403423330188,0.7171115778366259,0.7141732363355955,0.7177507888675818,0.7221968567051207,0.7246218001400175,0.7246218001400175,0.7246218001400175
2023-02-25,11338.09,0.721403423330188,0.721403423330188,0.7171115778366259,0.7141732363355955,0.7177507888675818,0.7221968567051207,0.7246218001400175,0.7246218001400175
2023-02-26,11338.09,0.721403423330188,0.721403423330188,0.721403423330188,0.7171115778366259,0.7141732363355955,0.7177507888675818,0.7221968567051207,0.7246218001400175
2023-02-27,11350.0,0.7238202497996122,0.721403423330188,0.721403423330188,0.721403423330188,0.7171115778366259,0.7141732363355955,0.7177507888675818,0.7221968567051207
2023-02-28,11320.01,0.717734554936637,0.7238202497996122,0.721403423330188,0.721403423330188,0.721403423330188,0.7171115778366259,0.7141732363355955,0.7177507888675818
2023-03-01,11336.04,0.7209874288497244,0.717734554936637,0.7238202497996122,0.721403423330188,0.721403423330188,0.721403423330188,0.7171115778366259,0.7141732363355955
2023-03-02,11349.99,0.7238182205582444,0.7209874288497244,0.717734554936637,0.7238202497996122,0.721403423330188,0.721403423330188,0.721403423330188,0.7171115778366259
2023-03-03,11364.0,0.7266611877149727,0.7238182205582444,0.7209874288497244,0.717734554936637,0.7238202497996122,0.721403423330188,0.721403423330188,0.721403423330188
2023-03-04,11364.0,0.7266611877149727,0.7266611877149727,0.7238182205582444,0.7209874288497244,0.717734554936637,0.7238202497996122,0.721403423330188,0.721403423330188
2023-03-05,11364.0,0.7266611877149727,0.7266611877149727,0.7266611877149727,0.7238182205582444,0.7209874288497244,0.717734554936637,0.7238202497996122,0.721403423330188
2023-03-06,11375.1,0.7289136456335801,0.7266611877149727,0.7266611877149727,0.7266611877149727,0.7238182205582444,0.7209874288497244,0.717734554936637,0.7238202497996122
2023-03-07,11348.03,0.723420489250094,0.7289136456335801,0.7266611877149727,0.7266611877149727,0.7266611877149727,0.7238182205582444,0.7209874288497244,0.717734554936637
2023-03-08,11348.03,0.723420489250094,0.723420489250094,0.7289136456335801,0.7266611877149727,0.7266611877149727,0.7266611877149727,0.7238182205582444,0.7209874288497244
2023-03-09,11385.01,0.7309246238293812,0.723420489250094,0.723420489250094,0.7289136456335801,0.7266611877149727,0.7266611877149727,0.7266611877149727,0.7238182205582444
2023-03-10,11407.1,0.7354072180115463,0.7309246238293812,0.723420489250094,0.723420489250094,0.7289136456335801,0.7266611877149727,0.7266611877149727,0.7266611877149727
2023-03-11,11390.26,0.7319899755476416,0.7354072180115463,0.7309246238293812,0.723420489250094,0.723420489250094,0.7289136456335801,0.7266611877149727,0.7266611877149727
2023-03-12,11390.26,0.7319899755476416,0.7319899755476416,0.7354072180115463,0.7309246238293812,0.723420489250094,0.723420489250094,0.7289136456335801,0.7266611877149727
2023-03-13,11402.11,0.7343946265688575,0.7319899755476416,0.7319899755476416,0.7354072180115463,0.7309246238293812,0.723420489250094,0.723420489250094,0.7289136456335801
2023-03-14,11420.26,0.7380776996519851,0.7343946265688575,0.7319899755476416,0.7319899755476416,0.7354072180115463,0.7309246238293812,0.723420489250094,0.723420489250094
2023-03-15,11446.04,0.7433090838989844,0.7380776996519851,0.7343946265688575,0.7319899755476416,0.7319899755476416,0.7354072180115463,0.7309246238293812,0.723420489250094
2023-03-16,11449.6,0.7440314938260333,0.7433090838989844,0.7380776996519851,0.7343946265688575,0.7319899755476416,0.7319899755476416,0.7354072180115463,0.7309246238293812
2023-03-17,11417.98,0.7376150326200548,0.7440314938260333,0.7433090838989844,0.7380776996519851,0.7343946265688575,0.7319899755476416,0.7319899755476416,0.7354072180115463
2023-03-18,11417.98,0.7376150326200548,0.7376150326200548,0.7440314938260333,0.7433090838989844,0.7380776996519851,0.7343946265688575,0.7319899755476416,0.7319899755476416
2023-03-19,11417.98,0.7376150326200548,0.7376150326200548,0.7376150326200548,0.7440314938260333,0.7433090838989844,0.7380776996519851,0.7343946265688575,0.7319899755476416
2023-03-20,11417.98,0.7376150326200548,0.7376150326200548,0.7376150326200548,0.7376150326200548,0.7440314938260333,0.7433090838989844,0.7380776996519851,0.7343946265688575
2023-03-21,11417.98,0.7376150326200548,0.7376150326200548,0.7376150326200548,0.7376150326200548,0.7376150326200548,0.7440314938260333,0.7433090838989844,0.7380776996519851
2023-03-22,11417.98,0.7376150326200548,0.7376150326200548,0.7376150326200548,0.7376150326200548,0.7376150326200548,0.7376150326200548,0.7440314938260333,0.7433090838989844
2023-03-23,11375.05,0.7289034994267392,0.7376150326200548,0.7376150326200548,0.7376150326200548,0.7376150326200548,0.7376150326200548,0.7376150326200548,0.7440314938260333
2023-03-24,11391.23,0.7321868119603485,0.7289034994267392,0.7376150326200548,0.7376150326200548,0.7376150326200548,0.7376150326200548,0.7376150326200548,0.7376150326200548
2023-03-25,11408.02,0.7355939082174128,0.7321868119603485,0.7289034994267392,0.7376150326200548,0.7376150326200548,0.7376150326200548,0.7376150326200548,0.7376150326200548
2023-03-26,11408.02,0.7355939082174128,0.7355939082174128,0.7321868119603485,0.7289034994267392,0.7376150326200548,0.7376150326200548,0.7376150326200548,0.7376150326200548
2023-03-27,11430.07,0.7400683854341052,0.7355939082174128,0.7355939082174128,0.7321868119603485,0.7289034994267392,0.7376150326200548,0.7376150326200548,0.7376150326200548
2023-03-28,11405.48,0.7350784809099118,0.7400683854341052,0.7355939082174128,0.7355939082174128,0.7321868119603485,0.7289034994267392,0.7376150326200548,0.7376150326200548
2023-03-29,11391.94,0.7323308880974848,0.7350784809099118,0.7400683854341052,0.7355939082174128,0.7355939082174128,0.7321868119603485,0.7289034994267392,0.7376150326200548
2023-03-30,11415.05,0.7370204648991974,0.7323308880974848,0.7350784809099118,0.7400683854341052,0.7355939082174128,0.7355939082174128,0.7321868119603485,0.7289034994267392
2023-03-31,11433.21,0.7407055672236933,0.7370204648991974,0.7323308880974848,0.7350784809099118,0.7400683854341052,0.7355939082174128,0.7355939082174128,0.7321868119603485
2023-04-01,11433.21,0.7407055672236933,0.7407055672236933,0.7370204648991974,0.7323308880974848,0.7350784809099118,0.7400683854341052,0.7355939082174128,0.7355939082174128
2023-04-02,11433.21,0.7407055672236933,0.7407055672236933,0.7407055672236933,0.7370204648991974,0.7323308880974848,0.7350784809099118,0.7400683854341052,0.7355939082174128
2023-04-03,11404.65,0.734910053876358,0.7407055672236933,0.7407055672236933,0.7407055672236933,0.7370204648991974,0.7323308880974848,0.7350784809099118,0.7400683854341052
2023-04-04,11395.73,0.733099970576,0.734910053876358,0.7407055672236933,0.7407055672236933,0.7407055672236933,0.7370204648991974,0.7323308880974848,0.7350784809099118
2023-04-05,11381.2,0.7301514828681299,0.733099970576,0.734910053876358,0.7407055672236933,0.7407055672236933,0.7407055672236933,0.7370204648991974,0.7323308880974848
2023-04-06,11365.26,0.7269168721273551,0.7301514828681299,0.733099970576,0.734910053876358,0.7407055672236933,0.7407055672236933,0.7407055672236933,0.7370204648991974
2023-04-07,11374.0,0.7286904290830873,0.7269168721273551,0.7301514828681299,0.733099970576,0.734910053876358,0.7407055672236933,0.7407055672236933,0.7407055672236933
2023-04-08,11374.0,0.7286904290830873,0.7286904290830873,0.7269168721273551,0.7301514828681299,0.733099970576,0.734910053876358,0.7407055672236933,0.7407055672236933
2023-04-09,11374.0,0.7286904290830873,0.7286904290830873,0.7286904290830873,0.7269168721273551,0.7301514828681299,0.733099970576,0.734910053876358,0.7407055672236933
2023-04-10,11397.04,0.7333658011952233,0.7286904290830873,0.7286904290830873,0.7286904290830873,0.7269168721273551,0.7301514828681299,0.733099970576,0.734910053876358
2023-04-11,11410.17,0.7360301951115573,0.7333658011952233,0.7286904290830873,0.7286904290830873,0.7286904290830873,0.7269168721273551,0.7301514828681299,0.733099970576
2023-04-12,11418.11,0.7376414127578406,0.7360301951115573,0.7333658011952233,0.7286904290830873,0.7286904290830873,0.7286904290830873,0.7269168721273551,0.7301514828681299
2023-04-13,11430.1,0.7400744731582096,0.7376414127578406,0.7360301951115573,0.7333658011952233,0.7286904290830873,0.7286904290830873,0.7286904290830873,0.7269168721273551
2023-04-14,11421.0,0.7382278635132253,0.7400744731582096,0.7376414127578406,0.7360301951115573,0.7333658011952233,0.7286904290830873,0.7286904290830873,0.7286904290830873
2023-04-15,11421.0,0.7382278635132253,0.7382278635132253,0.7400744731582096,0.7376414127578406,0.7360301951115573,0.7333658011952233,0.7286904290830873,0.7286904290830873
2023-04-16,11421.0,0.7382278635132253,0.7382278635132253,0.7382278635132253,0.7400744731582096,0.7376414127578406,0.7360301951115573,0.7333658011952233,0.7286904290830873
2023-04-17,11441.96,0.7424811534207933,0.7382278635132253,0.7382278635132253,0.7382278635132253,0.7400744731582096,0.7376414127578406,0.7360301951115573,0.7333658011952233
2023-04-18,11455.0,0.7451272841648151,0.7424811534207933,0.7382278635132253,0.7382278635132253,0.7382278635132253,0.7400744731582096,0.7376414127578406,0.7360301951115573
2023-04-19,11435.99,0.7412696963240293,0.7451272841648151,0.7424811534207933,0.7382278635132253,0.7382278635132253,0.7382278635132253,0.7400744731582096,0.7376414127578406
2023-04-20,11416.17,0.7372477399324262,0.7412696963240293,0.7451272841648151,0.7424811534207933,0.7382278635132253,0.7382278635132253,0.7382278635132253,0.7400744731582096
2023-04-21,11416.17,0.7372477399324262,0.7372477399324262,0.7412696963240293,0.7451272841648151,0.7424811534207933,0.7382278635132253,0.7382278635132253,0.7382278635132253
2023-04-22,11416.17,0.7372477399324262,0.7372477399324262,0.7372477399324262,0.7412696963240293,0.7451272841648151,0.7424811534207933,0.7382278635132253,0.7382278635132253
2023-04-23,11416.17,0.7372477399324262,0.7372477399324262,0.7372477399324262,0.7372477399324262,0.7412696963240293,0.7451272841648151,0.7424811534207933,0.7382278635132253
2023-04-24,11416.17,0.7372477399324262,0.7372477399324262,0.7372477399324262,0.7372477399324262,0.7372477399324262,0.7412696963240293,0.7451272841648151,0.7424811534207933
2023-04-25,11424.87,0.7390131799226858,0.7372477399324262,0.7372477399324262,0.7372477399324262,0.7372477399324262,0.7372477399324262,0.7412696963240293,0.7451272841648151
2023-04-26,11402.01,0.7343743341551761,0.7390131799226858,0.7372477399324262,0.7372477399324262,0.7372477399324262,0.7372477399324262,0.7372477399324262,0.7412696963240293
2023-04-27,11377.11,0.729321523148571,0.7343743341551761,0.7390131799226858,0.7372477399324262,0.7372477399324262,0.7372477399324262,0.7372477399324262,0.7372477399324262
2023-04-28,11390.24,0.731985917064905,0.729321523148571,0.7343743341551761,0.7390131799226858,0.7372477399324262,0.7372477399324262,0.7372477399324262,0.7372477399324262
2023-04-29,11390.24,0.731985917064905,0.731985917064905,0.729321523148571,0.7343743341551761,0.7390131799226858,0.7372477399324262,0.7372477399324262,0.7372477399324262
2023-04-30,11390.24,0.731985917064905,0.731985917064905,0.731985917064905,0.729321523148571,0.7343743341551761,0.7390131799226858,0.7372477399324262,0.7372477399324262
2023-05-01,11408.01,0.7355918789760449,0.731985917064905,0.731985917064905,0.731985917064905,0.729321523148571,0.7343743341551761,0.7390131799226858,0.7372477399324262
2023-05-02,11420.01,0.7380269686177823,0.7355918789760449,0.731985917064905,0.731985917064905,0.731985917064905,0.729321523148571,0.7343743341551761,0.7390131799226858
2023-05-03,11438.01,0.7416796030803885,0.7380269686177823,0.7355918789760449,0.731985917064905,0.731985917064905,0.731985917064905,0.729321523148571,0.7343743341551761
2023-05-04,11459.46,0.7460323258149939,0.7416796030803885,0.7380269686177823,0.7355918789760449,0.731985917064905,0.731985917064905,0.731985917064905,0.729321523148571
2023-05-05,11445.03,0.7431041305208048,0.7460323258149939,0.7416796030803885,0.7380269686177823,0.7355918789760449,0.731985917064905,0.731985917064905,0.731985917064905
2023-05-06,11445.03,0.7431041305208048,0.7431041305208048,0.7460323258149939,0.7416796030803885,0.7380269686177823,0.7355918789760449,0.731985917064905,0.731985917064905
2023-05-07,11445.03,0.7431041305208048,0.7431041305208048,0.7431041305208048,0.7460323258149939,0.7416796030803885,0.7380269686177823,0.7355918789760449,0.731985917064905
2023-05-08,11424.06,0.7388488113718685,0.7431041305208048,0.7431041305208048,0.7431041305208048,0.7460323258149939,0.7416796030803885,0.7380269686177823,0.7355918789760449
2023-05-09,11424.06,0.7388488113718685,0.7388488113718685,0.7431041305208048,0.7431041305208048,0.7431041305208048,0.7460323258149939,0.7416796030803885,0.7380269686177823
2023-05-10,11433.05,0.7406730993618036,0.7388488113718685,0.7388488113718685,0.7431041305208048,0.7431041305208048,0.7431041305208048,0.7460323258149939,0.7416796030803885
2023-05-11,11453.07,0.7447356405807686,0.7406730993618036,0.7388488113718685,0.7388488113718685,0.7431041305208048,0.7431041305208048,0.7431041305208048,0.7460323258149939
2023-05-12,11465.0,0.7471565255329293,0.7447356405807686,0.7406730993618036,0.7388488113718685,0.7388488113718685,0.7431041305208048,0.7431041305208048,0.7431041305208048
2023-05-13,11465.0,0.7471565255329293,0.7471565255329293,0.7447356405807686,0.7406730993618036,0.7388488113718685,0.7388488113718685,0.7431041305208048,0.7431041305208048
2023-05-14,11465.0,0.7471565255329293,0.7471565255329293,0.7471565255329293,0.7447356405807686,0.7406730993618036,0.7388488113718685,0.7388488113718685,0.7431041305208048
2023-05-15,11433.03,0.7406690408790675,0.7471565255329293,0.7471565255329293,0.7471565255329293,0.7447356405807686,0.7406730993618036,0.7388488113718685,0.7388488113718685
2023-05-16,11417.17,0.7374506640692375,0.7406690408790675,0.7471565255329293,0.7471565255329293,0.7471565255329293,0.7447356405807686,0.7406730993618036,0.7388488113718685
2023-05-17,11420.03,0.7380310271005184,0.7374506640692375,0.7406690408790675,0.7471565255329293,0.7471565255329293,0.7471565255329293,0.7447356405807686,0.7406730993618036
2023-05-18,11463.02,0.7467547357420428,0.7380310271005184,0.7374506640692375,0.7406690408790675,0.7471565255329293,0.7471565255329293,0.7471565255329293,0.7447356405807686
2023-05-19,11488.14,0.7518521900587463,0.7467547357420428,0.7380310271005184,0.7374506640692375,0.7406690408790675,0.7471565255329293,0.7471565255329293,0.7471565255329293
2023-05-20,11488.14,0.7518521900587463,0.7518521900587463,0.7467547357420428,0.7380310271005184,0.7374506640692375,0.7406690408790675,0.7471565255329293,0.7471565255329293
2023-05-21,11488.14,0.7518521900587463,0.7518521900587463,0.7518521900587463,0.7467547357420428,0.7380310271005184,0.7374506640692375,0.7406690408790675,0.7471565255329293
2023-05-22,11478.16,0.7498270071733681,0.7518521900587463,0.7518521900587463,0.7518521900587463,0.7467547357420428,0.7380310271005184,0.7374506640692375,0.7406690408790675
2023-05-23,11450.03,0.7441187512048619,0.7498270071733681,0.7518521900587463,0.7518521900587463,0.7518521900587463,0.7467547357420428,0.7380310271005184,0.7374506640692375
2023-05-24,11430.09,0.7400724439168418,0.7441187512048619,0.7498270071733681,0.7518521900587463,0.7518521900587463,0.7518521900587463,0.7467547357420428,0.7380310271005184
2023-05-25,11418.0,0.7376190911027913,0.7400724439168418,0.7441187512048619,0.7498270071733681,0.7518521900587463,0.7518521900587463,0.7518521900587463,0.7467547357420428
2023-05-26,11425.15,0.739069998680993,0.7376190911027913,0.7400724439168418,0.7441187512048619,0.7498270071733681,0.7518521900587463,0.7518521900587463,0.7518521900587463
2023-05-27,11425.15,0.739069998680993,0.739069998680993,0.7376190911027913,0.7400724439168418,0.7441187512048619,0.7498270071733681,0.7518521900587463,0.7518521900587463
2023-05-28,11425.15,0.739069998680993,0.739069998680993,0.739069998680993,0.7376190911027913,0.7400724439168418,0.7441187512048619,0.7498270071733681,0.7518521900587463
2023-05-29,11415.0,0.7370103186923569,0.739069998680993,0.739069998680993,0.739069998680993,0.7376190911027913,0.7400724439168418,0.7441187512048619,0.7498270071733681
2023-05-30,11420.2,0.7380655242037764,0.7370103186923569,0.739069998680993,0.739069998680993,0.739069998680993,0.7376190911027913,0.7400724439168418,0.7441187512048619
2023-05-31,11405.84,0.7351515335991639,0.7380655242037764,0.7370103186923569,0.739069998680993,0.739069998680993,0.739069998680993,0.7376190911027913,0.7400724439168418
2023-06-01,11400.17,0.7340009537434431,0.7351515335991639,0.7380655242037764,0.7370103186923569,0.739069998680993,0.739069998680993,0.739069998680993,0.7376190911027913
2023-06-02,11409.32,0.7358577095952679,0.7340009537434431,0.7351515335991639,0.7380655242037764,0.7370103186923569,0.739069998680993,0.739069998680993,0.739069998680993
2023-06-03,11409.32,0.7358577095952679,0.7358577095952679,0.7340009537434431,0.7351515335991639,0.7380655242037764,0.7370103186923569,0.739069998680993,0.739069998680993
2023-06-04,11409.32,0.7358577095952679,0.7358577095952679,0.7358577095952679,0.7340009537434431,0.7351515335991639,0.7380655242037764,0.7370103186923569,0.739069998680993
2023-06-05,11427.01,0.7394474375754625,0.7358577095952679,0.7358577095952679,0.7358577095952679,0.7340009537434431,0.7351515335991639,0.7380655242037764,0.7370103186923569
2023-06-06,11449.14,0.7439381487230998,0.7394474375754625,0.7358577095952679,0.7358577095952679,0.7358577095952679,0.7340009537434431,0.7351515335991639,0.7380655242037764
2023-06-07,11462.22,0.7465923964325933,0.7439381487230998,0.7394474375754625,0.7358577095952679,0.7358577095952679,0.7358577095952679,0.7340009537434431,0.7351515335991639
2023-06-08,11453.01,0.7447234651325603,0.7465923964325933,0.7439381487230998,0.7394474375754625,0.7358577095952679,0.7358577095952679,0.7358577095952679,0.7340009537434431
2023-06-09,11434.98,0.7410647429458497,0.7447234651325603,0.7465923964325933,0.7439381487230998,0.7394474375754625,0.7358577095952679,0.7358577095952679,0.7358577095952679
2023-06-10,11434.98,0.7410647429458497,0.7410647429458497,0.7447234651325603,0.7465923964325933,0.7439381487230998,0.7394474375754625,0.7358577095952679,0.7358577095952679
2023-06-11,11434.98,0.7410647429458497,0.7410647429458497,0.7410647429458497,0.7447234651325603,0.7465923964325933,0.7439381487230998,0.7394474375754625,0.7358577095952679
2023-06-12,11424.0,0.7388366359236598,0.7410647429458497,0.7410647429458497,0.7410647429458497,0.7447234651325603,0.7465923964325933,0.7439381487230998,0.7394474375754625
2023-06-13,11442.42,0.7425744985237268,0.7388366359236598,0.7410647429458497,0.7410647429458497,0.7410647429458497,0.7447234651325603,0.7465923964325933,0.7439381487230998
2023-06-14,11465.09,0.7471747887052425,0.7425744985237268,0.7388366359236598,0.7410647429458497,0.7410647429458497,0.7410647429458497,0.7447234651325603,0.7465923964325933
2023-06-15,11477.98,0.7497904808287419,0.7471747887052425,0.7425744985237268,0.7388366359236598,0.7410647429458497,0.7410647429458497,0.7410647429458497,0.7447234651325603
2023-06-16,11460.08,0.7461581387798171,0.7497904808287419,0.7471747887052425,0.7425744985237268,0.7388366359236598,0.7410647429458497,0.7410647429458497,0.7410647429458497
2023-06-17,11460.08,0.7461581387798171,0.7461581387798171,0.7497904808287419,0.7471747887052425,0.7425744985237268,0.7388366359236598,0.7410647429458497,0.7410647429458497
2023-06-18,11460.08,0.7461581387798171,0.7461581387798171,0.7461581387798171,0.7497904808287419,0.7471747887052425,0.7425744985237268,0.7388366359236598,0.7410647429458497
2023-06-19,11463.03,0.746756764983411,0.7461581387798171,0.7461581387798171,0.7461581387798171,0.7497904808287419,0.7471747887052425,0.7425744985237268,0.7388366359236598
2023-06-20,11477.0,0.7495916151746671,0.746756764983411,0.7461581387798171,0.7461581387798171,0.7461581387798171,0.7497904808287419,0.7471747887052425,0.7425744985237268
2023-06-21,11490.0,0.7522296289532158,0.7495916151746671,0.746756764983411,0.7461581387798171,0.7461581387798171,0.7461581387798171,0.7497904808287419,0.7471747887052425
2023-06-22,11500.0,0.7542588703213304,0.7522296289532158,0.7495916151746671,0.746756764983411,0.7461581387798171,0.7461581387798171,0.7461581387798171,0.7497904808287419
2023-06-23,11482.27,0.7506610253756631,0.7542588703213304,0.7522296289532158,0.7495916151746671,0.746756764983411,0.7461581387798171,0.7461581387798171,0.7461581387798171
2023-06-24,11482.27,0.7506610253756631,0.7506610253756631,0.7542588703213304,0.7522296289532158,0.7495916151746671,0.746756764983411,0.7461581387798171,0.7461581387798171
2023-06-25,11482.27,0.7506610253756631,0.7506610253756631,0.7506610253756631,0.7542588703213304,0.7522296289532158,0.7495916151746671,0.746756764983411,0.7461581387798171
2023-06-26,11469.57,0.7480838888381578,0.7506610253756631,0.7506610253756631,0.7506610253756631,0.7542588703213304,0.7522296289532158,0.7495916151746671,0.746756764983411
2023-06-27,11488.12,0.7518481315760106,0.7480838888381578,0.7506610253756631,0.7506610253756631,0.7506610253756631,0.7542588703213304,0.7522296289532158,0.7495916151746671
2023-06-28,11488.12,0.7518481315760106,0.7518481315760106,0.7480838888381578,0.7506610253756631,0.7506610253756631,0.7506610253756631,0.7542588703213304,0.7522296289532158
2023-06-29,11488.12,0.7518481315760106,0.7518481315760106,0.7518481315760106,0.7480838888381578,0.7506610253756631,0.7506610253756631,0.7506610253756631,0.7542588703213304
2023-06-30,11488.12,0.7518481315760106,0.7518481315760106,0.7518481315760106,0.7518481315760106,0.7480838888381578,0.7506610253756631,0.7506610253756631,0.7506610253756631
2023-07-01,11488.12,0.7518481315760106,0.7518481315760106,0.7518481315760106,0.7518481315760106,0.7518481315760106,0.7480838888381578,0.7506610253756631,0.7506610253756631
2023-07-02,11488.12,0.7518481315760106,0.7518481315760106,0.7518481315760106,0.7518481315760106,0.7518481315760106,0.7518481315760106,0.7480838888381578,0.7506610253756631
2023-07-03,11522.13,0.7587495814689678,0.7518481315760106,0.7518481315760106,0.7518481315760106,0.7518481315760106,0.7518481315760106,0.7518481315760106,0.7480838888381578
2023-07-04,11534.99,0.7613591858683628,0.7587495814689678,0.7518481315760106,0.7518481315760106,0.7518481315760106,0.7518481315760106,0.7518481315760106,0.7518481315760106
2023-07-05,11541.0,0.7625787599306,0.7613591858683628,0.7587495814689678,0.7518481315760106,0.7518481315760106,0.7518481315760106,0.7518481315760106,0.7518481315760106
2023-07-06,11530.47,0.7604419687699753,0.7625787599306,0.7613591858683628,0.7587495814689678,0.7518481315760106,0.7518481315760106,0.7518481315760106,0.7518481315760106
2023-07-07,11553.06,0.7650260250205461,0.7604419687699753,0.7625787599306,0.7613591858683628,0.7587495814689678,0.7518481315760106,0.7518481315760106,0.7518481315760106
2023-07-08,11553.06,0.7650260250205461,0.7650260250205461,0.7604419687699753,0.7625787599306,0.7613591858683628,0.7587495814689678,0.7518481315760106,0.7518481315760106
2023-07-09,11553.06,0.7650260250205461,0.7650260250205461,0.7650260250205461,0.7604419687699753,0.7625787599306,0.7613591858683628,0.7587495814689678,0.7518481315760106
2023-07-10,11570.09,0.7684818230704449,0.7650260250205461,0.7650260250205461,0.7650260250205461,0.7604419687699753,0.7625787599306,0.7613591858683628,0.7587495814689678
2023-07-11,11555.59,0.7655394230866792,0.7684818230704449,0.7650260250205461,0.7650260250205461,0.7650260250205461,0.7604419687699753,0.7625787599306,0.7613591858683628
2023-07-12,11574.13,0.7693016365831633,0.7655394230866792,0.7684818230704449,0.7650260250205461,0.7650260250205461,0.7650260250205461,0.7604419687699753,0.7625787599306
2023-07-13,11593.01,0.7731328442861638,0.7693016365831633,0.7655394230866792,0.7684818230704449,0.7650260250205461,0.7650260250205461,0.7650260250205461,0.7604419687699753
2023-07-14,11582.14,0.7709270589190231,0.7731328442861638,0.7693016365831633,0.7655394230866792,0.7684818230704449,0.7650260250205461,0.7650260250205461,0.7650260250205461
2023-07-15,11582.14,0.7709270589190231,0.7709270589190231,0.7731328442861638,0.7693016365831633,0.7655394230866792,0.7684818230704449,0.7650260250205461,0.7650260250205461
2023-07-16,11582.14,0.7709270589190231,0.7709270589190231,0.7709270589190231,0.7731328442861638,0.7693016365831633,0.7655394230866792,0.7684818230704449,0.7650260250205461
2023-07-17,11577.66,0.7700179587861078,0.7709270589190231,0.7709270589190231,0.7709270589190231,0.7731328442861638,0.7693016365831633,0.7655394230866792,0.7684818230704449
2023-07-18,11589.16,0.7723515863594395,0.7700179587861078,0.7709270589190231,0.7709270589190231,0.7709270589190231,0.7731328442861638,0.7693016365831633,0.7655394230866792
2023-07-19,11608.03,0.7761807648210717,0.7723515863594395,0.7700179587861078,0.7709270589190231,0.7709270589190231,0.7709270589190231,0.7731328442861638,0.7693016365831633
2023-07-20,11600.11,0.774573605657525,0.7761807648210717,0.7723515863594395,0.7700179587861078,0.7709270589190231,0.7709270589190231,0.7709270589190231,0.7731328442861638
2023-07-21,11592.99,0.7731287858034273,0.774573605657525,0.7761807648210717,0.7723515863594395,0.7700179587861078,0.7709270589190231,0.7709270589190231,0.7709270589190231
2023-07-22,11592.99,0.7731287858034273,0.7731287858034273,0.774573605657525,0.7761807648210717,0.7723515863594395,0.7700179587861078,0.7709270589190231,0.7709270589190231
2023-07-23,11592.99,0.7731287858034273,0.7731287858034273,0.7731287858034273,0.774573605657525,0.7761807648210717,0.7723515863594395,0.7700179587861078,0.7709270589190231
2023-07-24,11610.02,0.7765845838533265,0.7731287858034273,0.7731287858034273,0.7731287858034273,0.774573605657525,0.7761807648210717,0.7723515863594395,0.7700179587861078
2023-07-25,11595.02,0.7735407218011547,0.7765845838533265,0.7731287858034273,0.7731287858034273,0.7731287858034273,0.774573605657525,0.7761807648210717,0.7723515863594395
2023-07-26,11613.06,0.7772014732292332,0.7735407218011547,0.7765845838533265,0.7731287858034273,0.7731287858034273,0.7731287858034273,0.774573605657525,0.7761807648210717
2023-07-27,11624.92,0.7796081534918169,0.7772014732292332,0.7735407218011547,0.7765845838533265,0.7731287858034273,0.7731287858034273,0.7731287858034273,0.774573605657525
2023-07-28,11600.14,0.7745796933816289,0.7796081534918169,0.7772014732292332,0.7735407218011547,0.7765845838533265,0.7731287858034273,0.7731287858034273,0.7731287858034273
2023-07-29,11600.14,0.7745796933816289,0.7745796933816289,0.7796081534918169,0.7772014732292332,0.7735407218011547,0.7765845838533265,0.7731287858034273,0.7731287858034273
2023-07-30,11600.14,0.7745796933816289,0.7745796933816289,0.7745796933816289,0.7796081534918169,0.7772014732292332,0.7735407218011547,0.7765845838533265,0.7731287858034273
2023-07-31,11600.17,0.7745857811057337,0.7745796933816289,0.7745796933816289,0.7745796933816289,0.7796081534918169,0.7772014732292332,0.7735407218011547,0.7765845838533265
2023-08-01,11618.15,0.7782343570856034,0.7745857811057337,0.7745796933816289,0.7745796933816289,0.7745796933816289,0.7796081534918169,0.7772014732292332,0.7735407218011547
2023-08-02,11633.11,0.781270102172303,0.7782343570856034,0.7745857811057337,0.7745796933816289,0.7745796933816289,0.7745796933816289,0.7796081534918169,0.7772014732292332
2023-08-03,11655.01,0.7857141407684736,0.781270102172303,0.7782343570856034,0.7745857811057337,0.7745796933816289,0.7745796933816289,0.7745796933816289,0.7796081534918169
2023-08-04,11647.79,0.7842490285006953,0.7857141407684736,0.781270102172303,0.7782343570856034,0.7745857811057337,0.7745796933816289,0.7745796933816289,0.7745796933816289
2023-08-05,11647.79,0.7842490285006953,0.7842490285006953,0.7857141407684736,0.781270102172303,0.7782343570856034,0.7745857811057337,0.7745796933816289,0.7745796933816289
2023-08-06,11647.79,0.7842490285006953,0.7842490285006953,0.7842490285006953,0.7857141407684736,0.781270102172303,0.7782343570856034,0.7745857811057337,0.7745796933816289
2023-08-07,11660.02,0.786730790693899,0.7842490285006953,0.7842490285006953,0.7842490285006953,0.7857141407684736,0.781270102172303,0.7782343570856034,0.7745857811057337
2023-08-08,11675.01,0.7897726235047029,0.786730790693899,0.7842490285006953,0.7842490285006953,0.7842490285006953,0.7857141407684736,0.781270102172303,0.7782343570856034
2023-08-09,11664.86,0.7877129435160664,0.7897726235047029,0.786730790693899,0.7842490285006953,0.7842490285006953,0.7842490285006953,0.7857141407684736,0.781270102172303
2023-08-10,11667.0,0.7881472011688431,0.7877129435160664,0.7897726235047029,0.786730790693899,0.7842490285006953,0.7842490285006953,0.7842490285006953,0.7857141407684736
2023-08-11,12075.03,0.8709463367120203,0.7881472011688431,0.7877129435160664,0.7897726235047029,0.786730790693899,0.7842490285006953,0.7842490285006953,0.7842490285006953
2023-08-12,12075.03,0.8709463367120203,0.8709463367120203,0.7881472011688431,0.7877129435160664,0.7897726235047029,0.786730790693899,0.7842490285006953,0.7842490285006953
2023-08-13,12075.03,0.8709463367120203,0.8709463367120203,0.8709463367120203,0.7881472011688431,0.7877129435160664,0.7897726235047029,0.786730790693899,0.7842490285006953
2023-08-14,12041.88,0.8642194015767204,0.8709463367120203,0.8709463367120203,0.8709463367120203,0.7881472011688431,0.7877129435160664,0.7897726235047029,0.786730790693899
2023-08-15,12062.04,0.8683103521748394,0.8642194015767204,0.8709463367120203,0.8709463367120203,0.8709463367120203,0.7881472011688431,0.7877129435160664,0.7897726235047029
2023-08-16,12074.99,0.8709382197465476,0.8683103521748394,0.8642194015767204,0.8709463367120203,0.8709463367120203,0.8709463367120203,0.7881472011688431,0.7877129435160664
2023-08-17,12089.0,0.8737811869032763,0.8709382197465476,0.8683103521748394,0.8642194015767204,0.8709463367120203,0.8709463367120203,0.8709463367120203,0.7881472011688431
2023-08-18,12066.19,0.8691524873426071,0.8737811869032763,0.8709382197465476,0.8683103521748394,0.8642194015767204,0.8709463367120203,0.8709463367120203,0.8709463367120203
2023-08-19,12066.19,0.8691524873426071,0.8691524873426071,0.8737811869032763,0.8709382197465476,0.8683103521748394,0.8642194015767204,0.8709463367120203,0.8709463367120203
2023-08-20,12066.19,0.8691524873426071,0.8691524873426071,0.8691524873426071,0.8737811869032763,0.8709382197465476,0.8683103521748394,0.8642194015767204,0.8709463367120203
2023-08-21,12078.01,0.8715510506397182,0.8691524873426071,0.8691524873426071,0.8691524873426071,0.8737811869032763,0.8709382197465476,0.8683103521748394,0.8642194015767204
2023-08-22,12100.02,0.8760174108909384,0.8715510506397182,0.8691524873426071,0.8691524873426071,0.8691524873426071,0.8737811869032763,0.8709382197465476,0.8683103521748394
2023-08-23,12089.93,0.8739699063505106,0.8760174108909384,0.8715510506397182,0.8691524873426071,0.8691524873426071,0.8691524873426071,0.8737811869032763,0.8709382197465476
2023-08-24,12067.55,0.8694284641686705,0.8739699063505106,0.8760174108909384,0.8715510506397182,0.8691524873426071,0.8691524873426071,0.8691524873426071,0.8737811869032763
2023-08-25,12049.02,0.8656682799135542,0.8694284641686705,0.8739699063505106,0.8760174108909384,0.8715510506397182,0.8691524873426071,0.8691524873426071,0.8691524873426071
2023-08-26,12049.02,0.8656682799135542,0.8656682799135542,0.8694284641686705,0.8739699063505106,0.8760174108909384,0.8715510506397182,0.8691524873426071,0.8691524873426071
2023-08-27,12049.02,0.8656682799135542,0.8656682799135542,0.8656682799135542,0.8694284641686705,0.8739699063505106,0.8760174108909384,0.8715510506397182,0.8691524873426071
2023-08-28,12070.1,0.8699459207175397,0.8656682799135542,0.8656682799135542,0.8656682799135542,0.8694284641686705,0.8739699063505106,0.8760174108909384,0.8715510506397182
2023-08-29,12072.21,0.8703740906462116,0.8699459207175397,0.8656682799135542,0.8656682799135542,0.8656682799135542,0.8694284641686705,0.8739699063505106,0.8760174108909384
2023-08-30,12084.84,0.8729370224941404,0.8703740906462116,0.8699459207175397,0.8656682799135542,0.8656682799135542,0.8656682799135542,0.8694284641686705,0.8739699063505106
2023-08-31,12089.97,0.8739780233159833,0.8729370224941404,0.8703740906462116,0.8699459207175397,0.8656682799135542,0.8656682799135542,0.8656682799135542,0.8694284641686705
2023-09-01,12089.97,0.8739780233159833,0.8739780233159833,0.8729370224941404,0.8703740906462116,0.8699459207175397,0.8656682799135542,0.8656682799135542,0.8656682799135542
2023-09-02,12089.97,0.8739780233159833,0.8739780233159833,0.8739780233159833,0.8729370224941404,0.8703740906462116,0.8699459207175397,0.8656682799135542,0.8656682799135542
2023-09-03,12089.97,0.8739780233159833,0.8739780233159833,0.8739780233159833,0.8739780233159833,0.8729370224941404,0.8703740906462116,0.8699459207175397,0.8656682799135542
2023-09-04,12102.0,0.876419200681825,0.8739780233159833,0.8739780233159833,0.8739780233159833,0.8739780233159833,0.8729370224941404,0.8703740906462116,0.8699459207175397
2023-09-05,12118.07,0.8796801915603851,0.876419200681825,0.8739780233159833,0.8739780233159833,0.8739780233159833,0.8739780233159833,0.8729370224941404,0.8703740906462116
2023-09-06,12129.99,0.8820990472711776,0.8796801915603851,0.876419200681825,0.8739780233159833,0.8739780233159833,0.8739780233159833,0.8739780233159833,0.8729370224941404
2023-09-07,12142.11,0.8845584878093324,0.8820990472711776,0.8796801915603851,0.876419200681825,0.8739780233159833,0.8739780233159833,0.8739780233159833,0.8739780233159833
2023-09-08,12137.16,0.8835540133321158,0.8845584878093324,0.8820990472711776,0.8796801915603851,0.876419200681825,0.8739780233159833,0.8739780233159833,0.8739780233159833
2023-09-09,12137.16,0.8835540133321158,0.8835540133321158,0.8845584878093324,0.8820990472711776,0.8796801915603851,0.876419200681825,0.8739780233159833,0.8739780233159833
2023-09-10,12137.16,0.8835540133321158,0.8835540133321158,0.8835540133321158,0.8845584878093324,0.8820990472711776,0.8796801915603851,0.876419200681825,0.8739780233159833
2023-09-11,12147.25,0.8856015178725432,0.8835540133321158,0.8835540133321158,0.8835540133321158,0.8845584878093324,0.8820990472711776,0.8796801915603851,0.876419200681825
2023-09-12,12163.53,0.8889051228198339,0.8856015178725432,0.8835540133321158,0.8835540133321158,0.8835540133321158,0.8845584878093324,0.8820990472711776,0.8796801915603851
2023-09-13,12180.0,0.8922472833531183,0.8889051228198339,0.8856015178725432,0.8835540133321158,0.8835540133321158,0.8835540133321158,0.8845584878093324,0.8820990472711776
2023-09-14,12162.04,0.8886027658559847,0.8922472833531183,0.8889051228198339,0.8856015178725432,0.8835540133321158,0.8835540133321158,0.8835540133321158,0.8845584878093324
2023-09-15,12154.02,0.8869753142787571,0.8886027658559847,0.8922472833531183,0.8889051228198339,0.8856015178725432,0.8835540133321158,0.8835540133321158,0.8835540133321158
2023-09-16,12154.02,0.8869753142787571,0.8869753142787571,0.8886027658559847,0.8922472833531183,0.8889051228198339,0.8856015178725432,0.8835540133321158,0.8835540133321158
2023-09-17,12154.02,0.8869753142787571,0.8869753142787571,0.8869753142787571,0.8886027658559847,0.8922472833531183,0.8889051228198339,0.8856015178725432,0.8835540133321158
2023-09-18,12174.99,0.8912306334276929,0.8869753142787571,0.8869753142787571,0.8869753142787571,0.8886027658559847,0.8922472833531183,0.8889051228198339,0.8856015178725432
2023-09-19,12160.39,0.8882679410302459,0.8912306334276929,0.8869753142787571,0.8869753142787571,0.8869753142787571,0.8886027658559847,0.8922472833531183,0.8889051228198339
2023-09-20,12168.04,0.8898203106768536,0.8882679410302459,0.8912306334276929,0.8869753142787571,0.8869753142787571,0.8869753142787571,0.8886027658559847,0.8922472833531183
2023-09-21,12178.1,0.8918617274931766,0.8898203106768536,0.8882679410302459,0.8912306334276929,0.8869753142787571,0.8869753142787571,0.8869753142787571,0.8886027658559847
2023-09-22,12190.01,0.8942785539626013,0.8918617274931766,0.8898203106768536,0.8882679410302459,0.8912306334276929,0.8869753142787571,0.8869753142787571,0.8869753142787571
2023-09-23,12190.01,0.8942785539626013,0.8942785539626013,0.8918617274931766,0.8898203106768536,0.8882679410302459,0.8912306334276929,0.8869753142787571,0.8869753142787571
2023-09-24,12190.01,0.8942785539626013,0.8942785539626013,0.8942785539626013,0.8918617274931766,0.8898203106768536,0.8882679410302459,0.8912306334276929,0.8869753142787571
2023-09-25,12212.07,0.8987550604206616,0.8942785539626013,0.8942785539626013,0.8942785539626013,0.8918617274931766,0.8898203106768536,0.8882679410302459,0.8912306334276929
2023-09-26,12206.13,0.8975496910480014,0.8987550604206616,0.8942785539626013,0.8942785539626013,0.8942785539626013,0.8918617274931766,0.8898203106768536,0.8882679410302459
2023-09-27,12195.1,0.8953114378189715,0.8975496910480014,0.8987550604206616,0.8942785539626013,0.8942785539626013,0.8942785539626013,0.8918617274931766,0.8898203106768536
2023-09-28,12183.01,0.892858085004921,0.8953114378189715,0.8975496910480014,0.8987550604206616,0.8942785539626013,0.8942785539626013,0.8942785539626013,0.8918617274931766
2023-09-29,12175.07,0.8912468673586378,0.892858085004921,0.8953114378189715,0.8975496910480014,0.8987550604206616,0.8942785539626013,0.8942785539626013,0.8942785539626013
2023-09-30,12175.07,0.8912468673586378,0.8912468673586378,0.892858085004921,0.8953114378189715,0.8975496910480014,0.8987550604206616,0.8942785539626013,0.8942785539626013
2023-10-01,12175.07,0.8912468673586378,0.8912468673586378,0.8912468673586378,0.892858085004921,0.8953114378189715,0.8975496910480014,0.8987550604206616,0.8942785539626013
2023-10-02,12175.07,0.8912468673586378,0.8912468673586378,0.8912468673586378,0.8912468673586378,0.892858085004921,0.8953114378189715,0.8975496910480014,0.8987550604206616
2023-10-03,12200.12,0.8963301169857651,0.8912468673586378,0.8912468673586378,0.8912468673586378,0.8912468673586378,0.892858085004921,0.8953114378189715,0.8975496910480014
2023-10-04,12216.01,0.899554581519699,0.8963301169857651,0.8912468673586378,0.8912468673586378,0.8912468673586378,0.8912468673586378,0.892858085004921,0.8953114378189715
2023-10-05,12207.92,0.8979129252528943,0.899554581519699,0.8963301169857651,0.8912468673586378,0.8912468673586378,0.8912468673586378,0.8912468673586378,0.892858085004921
2023-10-06,12198.12,0.895924268712142,0.8979129252528943,0.899554581519699,0.8963301169857651,0.8912468673586378,0.8912468673586378,0.8912468673586378,0.8912468673586378
2023-10-07,12198.12,0.895924268712142,0.895924268712142,0.8979129252528943,0.899554581519699,0.8963301169857651,0.8912468673586378,0.8912468673586378,0.8912468673586378
2023-10-08,12198.12,0.895924268712142,0.895924268712142,0.895924268712142,0.8979129252528943,0.899554581519699,0.8963301169857651,0.8912468673586378,0.8912468673586378
2023-10-09,12189.81,0.8942379691352385,0.895924268712142,0.895924268712142,0.895924268712142,0.8979129252528943,0.899554581519699,0.8963301169857651,0.8912468673586378
2023-10-10,12180.05,0.8922574295599588,0.8942379691352385,0.895924268712142,0.895924268712142,0.895924268712142,0.8979129252528943,0.899554581519699,0.8963301169857651
2023-10-11,12200.22,0.8963504093994457,0.8922574295599588,0.8942379691352385,0.895924268712142,0.895924268712142,0.895924268712142,0.8979129252528943,0.899554581519699
2023-10-12,12216.09,0.8995708154506439,0.8963504093994457,0.8922574295599588,0.8942379691352385,0.895924268712142,0.895924268712142,0.895924268712142,0.8979129252528943
2023-10-13,12229.01,0.9021925952982477,0.8995708154506439,0.8963504093994457,0.8922574295599588,0.8942379691352385,0.895924268712142,0.895924268712142,0.895924268712142
2023-10-14,12229.01,0.9021925952982477,0.9021925952982477,0.8995708154506439,0.8963504093994457,0.8922574295599588,0.8942379691352385,0.895924268712142,0.895924268712142
2023-10-15,12229.01,0.9021925952982477,0.9021925952982477,0.9021925952982477,0.8995708154506439,0.8963504093994457,0.8922574295599588,0.8942379691352385,0.895924268712142
2023-10-16,12217.85,0.899927961931432,0.9021925952982477,0.9021925952982477,0.9021925952982477,0.8995708154506439,0.8963504093994457,0.8922574295599588,0.8942379691352385
2023-10-17,12201.05,0.8965188364329995,0.899927961931432,0.9021925952982477,0.9021925952982477,0.9021925952982477,0.8995708154506439,0.8963504093994457,0.8922574295599588
2023-10-18,12195.07,0.8953053500948671,0.8965188364329995,0.899927961931432,0.9021925952982477,0.9021925952982477,0.9021925952982477,0.8995708154506439,0.8963504093994457
2023-10-19,12206.93,0.8977120303574508,0.8953053500948671,0.8965188364329995,0.899927961931432,0.9021925952982477,0.9021925952982477,0.9021925952982477,0.8995708154506439
2023-10-20,12231.01,0.9025984435718708,0.8977120303574508,0.8953053500948671,0.8965188364329995,0.899927961931432,0.9021925952982477,0.9021925952982477,0.9021925952982477
2023-10-21,12231.01,0.9025984435718708,0.9025984435718708,0.8977120303574508,0.8953053500948671,0.8965188364329995,0.899927961931432,0.9021925952982477,0.9021925952982477
2023-10-22,12231.01,0.9025984435718708,0.9025984435718708,0.9025984435718708,0.8977120303574508,0.8953053500948671,0.8965188364329995,0.899927961931432,0.9021925952982477
2023-10-23,12210.0,0.8983350074574619,0.9025984435718708,0.9025984435718708,0.9025984435718708,0.8977120303574508,0.8953053500948671,0.8965188364329995,0.899927961931432
2023-10-24,12218.04,0.8999665175174261,0.8983350074574619,0.9025984435718708,0.9025984435718708,0.9025984435718708,0.8977120303574508,0.8953053500948671,0.8965188364329995
2023-10-25,12199.93,0.8962915613997706,0.8999665175174261,0.8983350074574619,0.9025984435718708,0.9025984435718708,0.9025984435718708,0.8977120303574508,0.8953053500948671
2023-10-26,12195.13,0.8953175255430754,0.8962915613997706,0.8999665175174261,0.8983350074574619,0.9025984435718708,0.9025984435718708,0.9025984435718708,0.8977120303574508
2023-10-27,12210.08,0.8983512413884067,0.8953175255430754,0.8962915613997706,0.8999665175174261,0.8983350074574619,0.9025984435718708,0.9025984435718708,0.9025984435718708
2023-10-28,12210.08,0.8983512413884067,0.8983512413884067,0.8953175255430754,0.8962915613997706,0.8999665175174261,0.8983350074574619,0.9025984435718708,0.9025984435718708
2023-10-29,12210.08,0.8983512413884067,0.8983512413884067,0.8983512413884067,0.8953175255430754,0.8962915613997706,0.8999665175174261,0.8983350074574619,0.9025984435718708
2023-10-30,12228.05,0.9019977881269086,0.8983512413884067,0.8983512413884067,0.8983512413884067,0.8953175255430754,0.8962915613997706,0.8999665175174261,0.8983350074574619
2023-10-31,12219.23,0.9002079972402315,0.9019977881269086,0.8983512413884067,0.8983512413884067,0.8983512413884067,0.8953175255430754,0.8962915613997706,0.8999665175174261
2023-11-01,12234.42,0.9032904148783978,0.9002079972402315,0.9019977881269086,0.8983512413884067,0.8983512413884067,0.8983512413884067,0.8953175255430754,0.8962915613997706
2023-11-02,12249.0,0.9062490487931087,0.9032904148783978,0.9002079972402315,0.9019977881269086,0.8983512413884067,0.8983512413884067,0.8983512413884067,0.8953175255430754
2023-11-03,12240.01,0.9044247608031737,0.9062490487931087,0.9032904148783978,0.9002079972402315,0.9019977881269086,0.8983512413884067,0.8983512413884067,0.8983512413884067
2023-11-04,12240.01,0.9044247608031737,0.9044247608031737,0.9062490487931087,0.9032904148783978,0.9002079972402315,0.9019977881269086,0.8983512413884067,0.8983512413884067
2023-11-05,12240.01,0.9044247608031737,0.9044247608031737,0.9044247608031737,0.9062490487931087,0.9032904148783978,0.9002079972402315,0.9019977881269086,0.8983512413884067
2023-11-06,12254.0,0.9072636694771659,0.9044247608031737,0.9044247608031737,0.9044247608031737,0.9062490487931087,0.9032904148783978,0.9002079972402315,0.9019977881269086
2023-11-07,12270.0,0.910510455666149,0.9072636694771659,0.9044247608031737,0.9044247608031737,0.9044247608031737,0.9062490487931087,0.9032904148783978,0.9002079972402315
2023-11-08,12280.08,0.9125559309652085,0.910510455666149,0.9072636694771659,0.9044247608031737,0.9044247608031737,0.9044247608031737,0.9062490487931087,0.9032904148783978
2023-11-09,12297.01,0.9159914366014263,0.9125559309652085,0.910510455666149,0.9072636694771659,0.9044247608031737,0.9044247608031737,0.9044247608031737,0.9062490487931087
2023-11-10,12288.04,0.9141712070942278,0.9159914366014263,0.9125559309652085,0.910510455666149,0.9072636694771659,0.9044247608031737,0.9044247608031737,0.9044247608031737
2023-11-11,12288.04,0.9141712070942278,0.9141712070942278,0.9159914366014263,0.9125559309652085,0.910510455666149,0.9072636694771659,0.9044247608031737,0.9044247608031737
2023-11-12,12288.04,0.9141712070942278,0.9141712070942278,0.9141712070942278,0.9159914366014263,0.9125559309652085,0.910510455666149,0.9072636694771659,0.9044247608031737
2023-11-13,12270.11,0.9105327773211986,0.9141712070942278,0.9141712070942278,0.9141712070942278,0.9159914366014263,0.9125559309652085,0.910510455666149,0.9072636694771659
2023-11-14,12281.14,0.9127710305502286,0.9105327773211986,0.9141712070942278,0.9141712070942278,0.9141712070942278,0.9159914366014263,0.9125559309652085,0.910510455666149
2023-11-15,12289.98,0.9145648799196417,0.9127710305502286,0.9105327773211986,0.9141712070942278,0.9141712070942278,0.9141712070942278,0.9159914366014263,0.9125559309652085
2023-11-16,12282.0,0.9129455453078867,0.9145648799196417,0.9127710305502286,0.9105327773211986,0.9141712070942278,0.9141712070942278,0.9141712070942278,0.9159914366014263
2023-11-17,12270.1,0.9105307480798304,0.9129455453078867,0.9145648799196417,0.9127710305502286,0.9105327773211986,0.9141712070942278,0.9141712070942278,0.9141712070942278
2023-11-18,12270.1,0.9105307480798304,0.9105307480798304,0.9129455453078867,0.9145648799196417,0.9127710305502286,0.9105327773211986,0.9141712070942278,0.9141712070942278
2023-11-19,12270.1,0.9105307480798304,0.9105307480798304,0.9105307480798304,0.9129455453078867,0.9145648799196417,0.9127710305502286,0.9105327773211986,0.9141712070942278
2023-11-20,12280.0,0.9125396970342636,0.9105307480798304,0.9105307480798304,0.9105307480798304,0.9129455453078867,0.9145648799196417,0.9127710305502286,0.9105327773211986
2023-11-21,12277.42,0.91201615276129,0.9125396970342636,0.9105307480798304,0.9105307480798304,0.9105307480798304,0.9129455453078867,0.9145648799196417,0.9127710305502286
2023-11-22,12270.07,0.910524660355726,0.91201615276129,0.9125396970342636,0.9105307480798304,0.9105307480798304,0.9105307480798304,0.9129455453078867,0.9145648799196417
2023-11-23,12289.03,0.9143721019896713,0.910524660355726,0.91201615276129,0.9125396970342636,0.9105307480798304,0.9105307480798304,0.9105307480798304,0.9129455453078867
2023-11-24,12304.98,0.9176087419718135,0.9143721019896713,0.910524660355726,0.91201615276129,0.9125396970342636,0.9105307480798304,0.9105307480798304,0.9105307480798304
2023-11-25,12304.98,0.9176087419718135,0.9176087419718135,0.9143721019896713,0.910524660355726,0.91201615276129,0.9125396970342636,0.9105307480798304,0.9105307480798304
2023-11-26,12304.98,0.9176087419718135,0.9176087419718135,0.9176087419718135,0.9143721019896713,0.910524660355726,0.91201615276129,0.9125396970342636,0.9105307480798304
2023-11-27,12296.16,0.9158189510851369,0.9176087419718135,0.9176087419718135,0.9176087419718135,0.9143721019896713,0.910524660355726,0.91201615276129,0.9125396970342636
2023-11-28,12310.04,0.9186355381040798,0.9158189510851369,0.9176087419718135,0.9176087419718135,0.9176087419718135,0.9143721019896713,0.910524660355726,0.91201615276129
2023-11-29,12315.0,0.9196420418226647,0.9186355381040798,0.9158189510851369,0.9176087419718135,0.9176087419718135,0.9176087419718135,0.9143721019896713,0.910524660355726
2023-11-30,12297.88,0.9161679806004523,0.9196420418226647,0.9186355381040798,0.9158189510851369,0.9176087419718135,0.9176087419718135,0.9176087419718135,0.9143721019896713
2023-12-01,12280.01,0.9125417262756319,0.9161679806004523,0.9196420418226647,0.9186355381040798,0.9158189510851369,0.9176087419718135,0.9176087419718135,0.9176087419718135
2023-12-02,12280.01,0.9125417262756319,0.9125417262756319,0.9161679806004523,0.9196420418226647,0.9186355381040798,0.9158189510851369,0.9176087419718135,0.9176087419718135
2023-12-03,12280.01,0.9125417262756319,0.9125417262756319,0.9125417262756319,0.9161679806004523,0.9196420418226647,0.9186355381040798,0.9158189510851369,0.9176087419718135
2023-12-04,12300.09,0.9166164429428056,0.9125417262756319,0.9125417262756319,0.9125417262756319,0.9161679806004523,0.9196420418226647,0.9186355381040798,0.9158189510851369
2023-12-05,12272.0,0.9109163039397721,0.9166164429428056,0.9125417262756319,0.9125417262756319,0.9125417262756319,0.9161679806004523,0.9196420418226647,0.9186355381040798
2023-12-06,12289.4,0.9144471839202912,0.9109163039397721,0.9166164429428056,0.9125417262756319,0.9125417262756319,0.9125417262756319,0.9161679806004523,0.9196420418226647
2023-12-07,12305.17,0.917647297557808,0.9144471839202912,0.9109163039397721,0.9166164429428056,0.9125417262756319,0.9125417262756319,0.9125417262756319,0.9161679806004523
2023-12-08,12305.17,0.917647297557808,0.917647297557808,0.9144471839202912,0.9109163039397721,0.9166164429428056,0.9125417262756319,0.9125417262756319,0.9125417262756319
2023-12-09,12305.17,0.917647297557808,0.917647297557808,0.917647297557808,0.9144471839202912,0.9109163039397721,0.9166164429428056,0.9125417262756319,0.9125417262756319
2023-12-10,12305.17,0.917647297557808,0.917647297557808,0.917647297557808,0.917647297557808,0.9144471839202912,0.9109163039397721,0.9166164429428056,0.9125417262756319
2023-12-11,12311.98,0.9190292109294937,0.917647297557808,0.917647297557808,0.917647297557808,0.917647297557808,0.9144471839202912,0.9109163039397721,0.9166164429428056
2023-12-12,12327.01,0.9220791607057703,0.9190292109294937,0.917647297557808,0.917647297557808,0.917647297557808,0.917647297557808,0.9144471839202912,0.9109163039397721
2023-12-13,12349.0,0.9265414624742541,0.9220791607057703,0.9190292109294937,0.917647297557808,0.917647297557808,0.917647297557808,0.917647297557808,0.9144471839202912
2023-12-14,12367.0,0.9301940969368603,0.9265414624742541,0.9220791607057703,0.9190292109294937,0.917647297557808,0.917647297557808,0.917647297557808,0.917647297557808
2023-12-15,12358.03,0.9283738674296613,0.9301940969368603,0.9265414624742541,0.9220791607057703,0.9190292109294937,0.917647297557808,0.917647297557808,0.917647297557808
2023-12-16,12358.03,0.9283738674296613,0.9283738674296613,0.9301940969368603,0.9265414624742541,0.9220791607057703,0.9190292109294937,0.917647297557808,0.917647297557808
2023-12-17,12358.03,0.9283738674296613,0.9283738674296613,0.9283738674296613,0.9301940969368603,0.9265414624742541,0.9220791607057703,0.9190292109294937,0.917647297557808
2023-12-18,12377.49,0.9323227711320123,0.9283738674296613,0.9283738674296613,0.9283738674296613,0.9301940969368603,0.9265414624742541,0.9220791607057703,0.9190292109294937
2023-12-19,12386.68,0.9341876439493098,0.9323227711320123,0.9283738674296613,0.9283738674296613,0.9283738674296613,0.9301940969368603,0.9265414624742541,0.9220791607057703
2023-12-20,12371.7,0.9311478403798741,0.9341876439493098,0.9323227711320123,0.9283738674296613,0.9283738674296613,0.9283738674296613,0.9301940969368603,0.9265414624742541
2023-12-21,12389.97,0.9348552643594192,0.9311478403798741,0.9341876439493098,0.9323227711320123,0.9283738674296613,0.9283738674296613,0.9283738674296613,0.9301940969368603
2023-12-22,12369.84,0.9307704014854046,0.9348552643594192,0.9311478403798741,0.9341876439493098,0.9323227711320123,0.9283738674296613,0.9283738674296613,0.9283738674296613
2023-12-23,12369.84,0.9307704014854046,0.9307704014854046,0.9348552643594192,0.9311478403798741,0.9341876439493098,0.9323227711320123,0.9283738674296613,0.9283738674296613
2023-12-24,12369.84,0.9307704014854046,0.9307704014854046,0.9307704014854046,0.9348552643594192,0.9311478403798741,0.9341876439493098,0.9323227711320123,0.9283738674296613
2023-12-25,12357.11,0.9281871772237948,0.9307704014854046,0.9307704014854046,0.9307704014854046,0.9348552643594192,0.9311478403798741,0.9341876439493098,0.9323227711320123
2023-12-26,12347.63,0.926263456406822,0.9281871772237948,0.9307704014854046,0.9307704014854046,0.9307704014854046,0.9348552643594192,0.9311478403798741,0.9341876439493098
2023-12-27,12354.83,0.9277245101918645,0.926263456406822,0.9281871772237948,0.9307704014854046,0.9307704014854046,0.9307704014854046,0.9348552643594192,0.9311478403798741
2023-12-28,12350.16,0.9267768544729551,0.9277245101918645,0.926263456406822,0.9281871772237948,0.9307704014854046,0.9307704014854046,0.9307704014854046,0.9348552643594192
2023-12-29,12338.77,0.9244655485546727,0.9267768544729551,0.9277245101918645,0.926263456406822,0.9281871772237948,0.9307704014854046,0.9307704014854046,0.9307704014854046
2023-12-30,12338.77,0.9244655485546727,0.9244655485546727,0.9267768544729551,0.9277245101918645,0.926263456406822,0.9281871772237948,0.9307704014854046,0.9307704014854046
2023-12-31,12338.77,0.9244655485546727,0.9244655485546727,0.9244655485546727,0.9267768544729551,0.9277245101918645,0.926263456406822,0.9281871772237948,0.9307704014854046
2024-01-01,12338.77,0.9244655485546727,0.9244655485546727,0.9244655485546727,0.9244655485546727,0.9267768544729551,0.9277245101918645,0.926263456406822,0.9281871772237948
2024-01-02,12338.77,0.9244655485546727,0.9244655485546727,0.9244655485546727,0.9244655485546727,0.9244655485546727,0.9267768544729551,0.9277245101918645,0.926263456406822
2024-01-03,12352.86,0.9273247496423462,0.9244655485546727,0.9244655485546727,0.9244655485546727,0.9244655485546727,0.9244655485546727,0.9267768544729551,0.9277245101918645
2024-01-04,12345.12,0.9257541168234258,0.9273247496423462,0.9244655485546727,0.9244655485546727,0.9244655485546727,0.9244655485546727,0.9244655485546727,0.9267768544729551
2024-01-05,12341.54,0.9250276484136408,0.9257541168234258,0.9273247496423462,0.9244655485546727,0.9244655485546727,0.9244655485546727,0.9244655485546727,0.9244655485546727
2024-01-06,12355.16,0.9277914751570127,0.9250276484136408,0.9257541168234258,0.9273247496423462,0.9244655485546727,0.9244655485546727,0.9244655485546727,0.9244655485546727
2024-01-07,12355.16,0.9277914751570127,0.9277914751570127,0.9250276484136408,0.9257541168234258,0.9273247496423462,0.9244655485546727,0.9244655485546727,0.9244655485546727
2024-01-08,12384.0,0.9336438072626547,0.9277914751570127,0.9277914751570127,0.9250276484136408,0.9257541168234258,0.9273247496423462,0.9244655485546727,0.9244655485546727
2024-01-09,12390.08,0.9348775860144685,0.9336438072626547,0.9277914751570127,0.9277914751570127,0.9250276484136408,0.9257541168234258,0.9273247496423462,0.9244655485546727
2024-01-10,12397.04,0.9362899380066765,0.9348775860144685,0.9336438072626547,0.9277914751570127,0.9277914751570127,0.9250276484136408,0.9257541168234258,0.9273247496423462
2024-01-11,12418.03,0.9405493156383489,0.9362899380066765,0.9348775860144685,0.9336438072626547,0.9277914751570127,0.9277914751570127,0.9250276484136408,0.9257541168234258
2024-01-12,12416.0,0.9401373796406214,0.9405493156383489,0.9362899380066765,0.9348775860144685,0.9336438072626547,0.9277914751570127,0.9277914751570127,0.9250276484136408
2024-01-13,12416.0,0.9401373796406214,0.9401373796406214,0.9405493156383489,0.9362899380066765,0.9348775860144685,0.9336438072626547,0.9277914751570127,0.9277914751570127
2024-01-14,12416.0,0.9401373796406214,0.9401373796406214,0.9401373796406214,0.9405493156383489,0.9362899380066765,0.9348775860144685,0.9336438072626547,0.9277914751570127
2024-01-15,12401.88,0.9372720908288434,0.9401373796406214,0.9401373796406214,0.9401373796406214,0.9405493156383489,0.9362899380066765,0.9348775860144685,0.9336438072626547
2024-01-16,12409.01,0.9387189399243094,0.9372720908288434,0.9401373796406214,0.9401373796406214,0.9401373796406214,0.9405493156383489,0.9362899380066765,0.9348775860144685
2024-01-17,12415.05,0.9399446017106501,0.9387189399243094,0.9372720908288434,0.9401373796406214,0.9401373796406214,0.9401373796406214,0.9405493156383489,0.9362899380066765
2024-01-18,12427.0,0.9423695451455474,0.9399446017106501,0.9387189399243094,0.9372720908288434,0.9401373796406214,0.9401373796406214,0.9401373796406214,0.9405493156383489
2024-01-19,12420.15,0.9409795148083886,0.9423695451455474,0.9399446017106501,0.9387189399243094,0.9372720908288434,0.9401373796406214,0.9401373796406214,0.9401373796406214
2024-01-20,12420.15,0.9409795148083886,0.9409795148083886,0.9423695451455474,0.9399446017106501,0.9387189399243094,0.9372720908288434,0.9401373796406214,0.9401373796406214
2024-01-21,12420.15,0.9409795148083886,0.9409795148083886,0.9409795148083886,0.9423695451455474,0.9399446017106501,0.9387189399243094,0.9372720908288434,0.9401373796406214
2024-01-22,12407.0,0.938311062409318,0.9409795148083886,0.9409795148083886,0.9409795148083886,0.9423695451455474,0.9399446017106501,0.9387189399243094,0.9372720908288434
2024-01-23,12418.01,0.9405452571556123,0.938311062409318,0.9409795148083886,0.9409795148083886,0.9409795148083886,0.9423695451455474,0.9399446017106501,0.9387189399243094
2024-01-24,12435.0,0.9439929382400389,0.9405452571556123,0.938311062409318,0.9409795148083886,0.9409795148083886,0.9409795148083886,0.9423695451455474,0.9399446017106501
2024-01-25,12421.76,0.9413062226686553,0.9439929382400389,0.9405452571556123,0.938311062409318,0.9409795148083886,0.9409795148083886,0.9409795148083886,0.9423695451455474
2024-01-26,12412.0,0.9393256830933756,0.9413062226686553,0.9439929382400389,0.9405452571556123,0.938311062409318,0.9409795148083886,0.9409795148083886,0.9409795148083886
2024-01-27,12412.0,0.9393256830933756,0.9393256830933756,0.9413062226686553,0.9439929382400389,0.9405452571556123,0.938311062409318,0.9409795148083886,0.9409795148083886
2024-01-28,12412.0,0.9393256830933756,0.9393256830933756,0.9393256830933756,0.9413062226686553,0.9439929382400389,0.9405452571556123,0.938311062409318,0.9409795148083886
2024-01-29,12400.0,0.9368905934516378,0.9393256830933756,0.9393256830933756,0.9393256830933756,0.9413062226686553,0.9439929382400389,0.9405452571556123,0.938311062409318
2024-01-30,12424.0,0.9417607727351129,0.9368905934516378,0.9393256830933756,0.9393256830933756,0.9393256830933756,0.9413062226686553,0.9439929382400389,0.9405452571556123
2024-01-31,12430.05,0.9429884637628219,0.9417607727351129,0.9368905934516378,0.9393256830933756,0.9393256830933756,0.9393256830933756,0.9413062226686553,0.9439929382400389
2024-02-01,12420.24,0.9409977779807017,0.9429884637628219,0.9417607727351129,0.9368905934516378,0.9393256830933756,0.9393256830933756,0.9393256830933756,0.9413062226686553
2024-02-02,12433.0,0.9435870899664158,0.9409977779807017,0.9429884637628219,0.9417607727351129,0.9368905934516378,0.9393256830933756,0.9393256830933756,0.9393256830933756
2024-02-03,12433.0,0.9435870899664158,0.9435870899664158,0.9409977779807017,0.9429884637628219,0.9417607727351129,0.9368905934516378,0.9393256830933756,0.9393256830933756
2024-02-04,12433.0,0.9435870899664158,0.9435870899664158,0.9435870899664158,0.9409977779807017,0.9429884637628219,0.9417607727351129,0.9368905934516378,0.9393256830933756
2024-02-05,12448.01,0.9466329812599559,0.9435870899664158,0.9435870899664158,0.9435870899664158,0.9409977779807017,0.9429884637628219,0.9417607727351129,0.9368905934516378
2024-02-06,12469.89,0.9510729613733904,0.9466329812599559,0.9435870899664158,0.9435870899664158,0.9435870899664158,0.9409977779807017,0.9429884637628219,0.9417607727351129
2024-02-07,12484.0,0.9539362209438,0.9510729613733904,0.9466329812599559,0.9435870899664158,0.9435870899664158,0.9435870899664158,0.9409977779807017,0.9429884637628219
2024-02-08,12458.02,0.9486642518694388,0.9539362209438,0.9510729613733904,0.9466329812599559,0.9435870899664158,0.9435870899664158,0.9435870899664158,0.9409977779807017
2024-02-09,12464.91,0.9500623991720694,0.9486642518694388,0.9539362209438,0.9510729613733904,0.9466329812599559,0.9435870899664158,0.9435870899664158,0.9435870899664158
2024-02-10,12464.91,0.9500623991720694,0.9500623991720694,0.9486642518694388,0.9539362209438,0.9510729613733904,0.9466329812599559,0.9435870899664158,0.9435870899664158
2024-02-11,12464.91,0.9500623991720694,0.9500623991720694,0.9500623991720694,0.9486642518694388,0.9539362209438,0.9510729613733904,0.9466329812599559,0.9435870899664158
2024-02-12,12460.0,0.9490660416603254,0.9500623991720694,0.9500623991720694,0.9500623991720694,0.9486642518694388,0.9539362209438,0.9510729613733904,0.9466329812599559
2024-02-13,12469.65,0.9510242595805558,0.9490660416603254,0.9500623991720694,0.9500623991720694,0.9500623991720694,0.9486642518694388,0.9539362209438,0.9510729613733904
2024-02-14,12480.04,0.9531326413620269,0.9510242595805558,0.9490660416603254,0.9500623991720694,0.9500623991720694,0.9500623991720694,0.9486642518694388,0.9539362209438
2024-02-15,12486.06,0.9543542446656315,0.9531326413620269,0.9510242595805558,0.9490660416603254,0.9500623991720694,0.9500623991720694,0.9500623991720694,0.9486642518694388
2024-02-16,12497.01,0.956576263963717,0.9543542446656315,0.9531326413620269,0.9510242595805558,0.9490660416603254,0.9500623991720694,0.9500623991720694,0.9500623991720694
2024-02-17,12497.01,0.956576263963717,0.956576263963717,0.9543542446656315,0.9531326413620269,0.9510242595805558,0.9490660416603254,0.9500623991720694,0.9500623991720694
2024-02-18,12497.01,0.956576263963717,0.956576263963717,0.956576263963717,0.9543542446656315,0.9531326413620269,0.9510242595805558,0.9490660416603254,0.9500623991720694
2024-02-19,12489.92,0.9551375318337241,0.956576263963717,0.956576263963717,0.956576263963717,0.9543542446656315,0.9531326413620269,0.9510242595805558,0.9490660416603254
2024-02-20,12480.14,0.9531529337757079,0.9551375318337241,0.956576263963717,0.956576263963717,0.956576263963717,0.9543542446656315,0.9531326413620269,0.9510242595805558
2024-02-21,12475.51,0.9522133950222711,0.9531529337757079,0.9551375318337241,0.956576263963717,0.956576263963717,0.956576263963717,0.9543542446656315,0.9531326413620269
2024-02-22,12495.03,0.9561744741728304,0.9522133950222711,0.9531529337757079,0.9551375318337241,0.956576263963717,0.956576263963717,0.956576263963717,0.9543542446656315
2024-02-23,12508.0,0.9588064002272751,0.9561744741728304,0.9522133950222711,0.9531529337757079,0.9551375318337241,0.956576263963717,0.956576263963717,0.956576263963717
2024-02-24,12508.0,0.9588064002272751,0.9588064002272751,0.9561744741728304,0.9522133950222711,0.9531529337757079,0.9551375318337241,0.956576263963717,0.956576263963717
2024-02-25,12508.0,0.9588064002272751,0.9588064002272751,0.9588064002272751,0.9561744741728304,0.9522133950222711,0.9531529337757079,0.9551375318337241,0.956576263963717
2024-02-26,12490.0,0.9551537657646689,0.9588064002272751,0.9588064002272751,0.9588064002272751,0.9561744741728304,0.9522133950222711,0.9531529337757079,0.9551375318337241
2024-02-27,12480.9,0.9533071561196846,0.9551537657646689,0.9588064002272751,0.9588064002272751,0.9588064002272751,0.9561744741728304,0.9522133950222711,0.9531529337757079
2024-02-28,12500.01,0.9571850363741514,0.9533071561196846,0.9551537657646689,0.9588064002272751,0.9588064002272751,0.9588064002272751,0.9561744741728304,0.9522133950222711
2024-02-29,12484.94,0.9541269696324031,0.9571850363741514,0.9533071561196846,0.9551537657646689,0.9588064002272751,0.9588064002272751,0.9588064002272751,0.9561744741728304
2024-03-01,12496.8,0.9565336498949863,0.9541269696324031,0.9571850363741514,0.9533071561196846,0.9551537657646689,0.9588064002272751,0.9588064002272751,0.9588064002272751
2024-03-02,12496.8,0.9565336498949863,0.9565336498949863,0.9541269696324031,0.9571850363741514,0.9533071561196846,0.9551537657646689,0.9588064002272751,0.9588064002272751
2024-03-03,12496.8,0.9565336498949863,0.9565336498949863,0.9565336498949863,0.9541269696324031,0.9571850363741514,0.9533071561196846,0.9551537657646689,0.9588064002272751
2024-03-04,12514.45,0.9601152609097088,0.9565336498949863,0.9565336498949863,0.9565336498949863,0.9541269696324031,0.9571850363741514,0.9533071561196846,0.9551537657646689
2024-03-05,12525.01,0.9622581397944379,0.9601152609097088,0.9565336498949863,0.9565336498949863,0.9565336498949863,0.9541269696324031,0.9571850363741514,0.9533071561196846
2024-03-06,12526.39,0.9625381751032374,0.9622581397944379,0.9601152609097088,0.9565336498949863,0.9565336498949863,0.9565336498949863,0.9541269696324031,0.9571850363741514
2024-03-07,12510.86,0.959386763258556,0.9625381751032374,0.9622581397944379,0.9601152609097088,0.9565336498949863,0.9565336498949863,0.9565336498949863,0.9541269696324031
2024-03-08,12510.86,0.959386763258556,0.959386763258556,0.9625381751032374,0.9622581397944379,0.9601152609097088,0.9565336498949863,0.9565336498949863,0.9565336498949863
2024-03-09,12510.86,0.959386763258556,0.959386763258556,0.959386763258556,0.9625381751032374,0.9622581397944379,0.9601152609097088,0.9565336498949863,0.9565336498949863
2024-03-10,12510.86,0.959386763258556,0.959386763258556,0.959386763258556,0.959386763258556,0.9625381751032374,0.9622581397944379,0.9601152609097088,0.9565336498949863
2024-03-11,12503.11,0.9578141011982673,0.959386763258556,0.959386763258556,0.959386763258556,0.959386763258556,0.9625381751032374,0.9622581397944379,0.9601152609097088
2024-03-12,12513.01,0.9598230501527005,0.9578141011982673,0.959386763258556,0.959386763258556,0.959386763258556,0.959386763258556,0.9625381751032374,0.9622581397944379
2024-03-13,12534.01,0.9640844570257407,0.9598230501527005,0.9578141011982673,0.959386763258556,0.959386763258556,0.959386763258556,0.959386763258556,0.9625381751032374
2024-03-14,12546.02,0.9665215759088464,0.9640844570257407,0.9598230501527005,0.9578141011982673,0.959386763258556,0.959386763258556,0.959386763258556,0.959386763258556
2024-03-15,12567.01,0.9707809535405187,0.9665215759088464,0.9640844570257407,0.9598230501527005,0.9578141011982673,0.959386763258556,0.959386763258556,0.959386763258556
2024-03-16,12567.01,0.9707809535405187,0.9707809535405187,0.9665215759088464,0.9640844570257407,0.9598230501527005,0.9578141011982673,0.959386763258556,0.959386763258556
2024-03-17,12567.01,0.9707809535405187,0.9707809535405187,0.9707809535405187,0.9665215759088464,0.9640844570257407,0.9598230501527005,0.9578141011982673,0.959386763258556
2024-03-18,12570.0,0.9713876967095849,0.9707809535405187,0.9707809535405187,0.9707809535405187,0.9665215759088464,0.9640844570257407,0.9598230501527005,0.9578141011982673
2024-03-19,12559.86,0.9693300459623171,0.9713876967095849,0.9707809535405187,0.9707809535405187,0.9707809535405187,0.9665215759088464,0.9640844570257407,0.9598230501527005
2024-03-20,12561.87,0.969737923477308,0.9693300459623171,0.9713876967095849,0.9707809535405187,0.9707809535405187,0.9707809535405187,0.9665215759088464,0.9640844570257407
2024-03-21,12561.87,0.969737923477308,0.969737923477308,0.9693300459623171,0.9713876967095849,0.9707809535405187,0.9707809535405187,0.9707809535405187,0.9665215759088464
2024-03-22,12561.87,0.969737923477308,0.969737923477308,0.969737923477308,0.9693300459623171,0.9713876967095849,0.9707809535405187,0.9707809535405187,0.9707809535405187
2024-03-23,12561.87,0.969737923477308,0.969737923477308,0.969737923477308,0.969737923477308,0.9693300459623171,0.9713876967095849,0.9707809535405187,0.9707809535405187
2024-03-24,12561.87,0.969737923477308,0.969737923477308,0.969737923477308,0.969737923477308,0.969737923477308,0.9693300459623171,0.9713876967095849,0.9707809535405187
2024-03-25,12575.0,0.9724023173936425,0.969737923477308,0.969737923477308,0.969737923477308,0.969737923477308,0.969737923477308,0.9693300459623171,0.9713876967095849
2024-03-26,12597.07,0.976880853093071,0.9724023173936425,0.969737923477308,0.969737923477308,0.969737923477308,0.969737923477308,0.969737923477308,0.9693300459623171
2024-03-27,12590.0,0.9754461794458142,0.976880853093071,0.9724023173936425,0.969737923477308,0.969737923477308,0.969737923477308,0.969737923477308,0.969737923477308
2024-03-28,12600.14,0.9775038301930821,0.9754461794458142,0.976880853093071,0.9724023173936425,0.969737923477308,0.969737923477308,0.969737923477308,0.969737923477308
2024-03-29,12620.09,0.9815521667224709,0.9775038301930821,0.9754461794458142,0.976880853093071,0.9724023173936425,0.969737923477308,0.969737923477308,0.969737923477308
2024-03-30,12620.09,0.9815521667224709,0.9815521667224709,0.9775038301930821,0.9754461794458142,0.976880853093071,0.9724023173936425,0.969737923477308,0.969737923477308
2024-03-31,12620.09,0.9815521667224709,0.9815521667224709,0.9815521667224709,0.9775038301930821,0.9754461794458142,0.976880853093071,0.9724023173936425,0.969737923477308
2024-04-01,12628.05,0.9831674428514898,0.9815521667224709,0.9815521667224709,0.9815521667224709,0.9775038301930821,0.9754461794458142,0.976880853093071,0.9724023173936425
2024-04-02,12645.0,0.9866070069704442,0.9831674428514898,0.9815521667224709,0.9815521667224709,0.9815521667224709,0.9775038301930821,0.9754461794458142,0.976880853093071
2024-04-03,12633.52,0.9842774378798487,0.9866070069704442,0.9831674428514898,0.9815521667224709,0.9815521667224709,0.9815521667224709,0.9775038301930821,0.9754461794458142
2024-04-04,12668.0,0.9912742621171076,0.9842774378798487,0.9866070069704442,0.9831674428514898,0.9815521667224709,0.9815521667224709,0.9815521667224709,0.9775038301930821
2024-04-05,12680.07,0.9937235564484215,0.9912742621171076,0.9842774378798487,0.9866070069704442,0.9831674428514898,0.9815521667224709,0.9815521667224709,0.9815521667224709
2024-04-06,12680.07,0.9937235564484215,0.9937235564484215,0.9912742621171076,0.9842774378798487,0.9866070069704442,0.9831674428514898,0.9815521667224709,0.9815521667224709
2024-04-07,12680.07,0.9937235564484215,0.9937235564484215,0.9937235564484215,0.9912742621171076,0.9842774378798487,0.9866070069704442,0.9831674428514898,0.9815521667224709
2024-04-08,12685.08,0.9947402063738469,0.9937235564484215,0.9937235564484215,0.9937235564484215,0.9912742621171076,0.9842774378798487,0.9866070069704442,0.9831674428514898
2024-04-09,12675.88,0.9928733043151816,0.9947402063738469,0.9937235564484215,0.9937235564484215,0.9937235564484215,0.9912742621171076,0.9842774378798487,0.9866070069704442
2024-04-10,12675.88,0.9928733043151816,0.9928733043151816,0.9947402063738469,0.9937235564484215,0.9937235564484215,0.9937235564484215,0.9912742621171076,0.9842774378798487
2024-04-11,12675.88,0.9928733043151816,0.9928733043151816,0.9928733043151816,0.9947402063738469,0.9937235564484215,0.9937235564484215,0.9937235564484215,0.9912742621171076
2024-04-12,12675.88,0.9928733043151816,0.9928733043151816,0.9928733043151816,0.9928733043151816,0.9947402063738469,0.9937235564484215,0.9937235564484215,0.9937235564484215
2024-04-13,12664.23,0.9905092381213281,0.9928733043151816,0.9928733043151816,0.9928733043151816,0.9928733043151816,0.9947402063738469,0.9937235564484215,0.9937235564484215
2024-04-14,12664.23,0.9905092381213281,0.9905092381213281,0.9928733043151816,0.9928733043151816,0.9928733043151816,0.9928733043151816,0.9947402063738469,0.9937235564484215
2024-04-15,12667.0,0.9910713379802958,0.9905092381213281,0.9905092381213281,0.9928733043151816,0.9928733043151816,0.9928733043151816,0.9928733043151816,0.9947402063738469
2024-04-16,12654.57,0.9885489909597294,0.9910713379802958,0.9905092381213281,0.9905092381213281,0.9928733043151816,0.9928733043151816,0.9928733043151816,0.9928733043151816
2024-04-17,12671.84,0.9920534908024636,0.9885489909597294,0.9910713379802958,0.9905092381213281,0.9905092381213281,0.9928733043151816,0.9928733043151816,0.9928733043151816
2024-04-18,12694.96,0.996745096845544,0.9920534908024636,0.9885489909597294,0.9910713379802958,0.9905092381213281,0.9905092381213281,0.9928733043151816,0.9928733043151816
2024-04-19,12697.0,0.9971590620846398,0.996745096845544,0.9920534908024636,0.9885489909597294,0.9910713379802958,0.9905092381213281,0.9905092381213281,0.9928733043151816
2024-04-20,12697.0,0.9971590620846398,0.9971590620846398,0.996745096845544,0.9920534908024636,0.9885489909597294,0.9910713379802958,0.9905092381213281,0.9905092381213281
2024-04-21,12697.0,0.9971590620846398,0.9971590620846398,0.9971590620846398,0.996745096845544,0.9920534908024636,0.9885489909597294,0.9910713379802958,0.9905092381213281
2024-04-22,12690.0,0.9957385931269596,0.9971590620846398,0.9971590620846398,0.9971590620846398,0.996745096845544,0.9920534908024636,0.9885489909597294,0.9910713379802958
2024-04-23,12711.0,0.9999999999999998,0.9957385931269596,0.9971590620846398,0.9971590620846398,0.9971590620846398,0.996745096845544,0.9920534908024636,0.9885489909597294
2024-04-24,12705.0,0.9987824551791313,0.9999999999999998,0.9957385931269596,0.9971590620846398,0.9971590620846398,0.9971590620846398,0.996745096845544,0.9920534908024636
2024-04-25,12689.97,0.9957325054028547,0.9987824551791313,0.9999999999999998,0.9957385931269596,0.9971590620846398,0.9971590620846398,0.9971590620846398,0.996745096845544
2024-04-26,12640.21,0.9856350003551169,0.9957325054028547,0.9987824551791313,0.9999999999999998,0.9957385931269596,0.9971590620846398,0.9971590620846398,0.9971590620846398
2024-04-27,12640.21,0.9856350003551169,0.9856350003551169,0.9957325054028547,0.9987824551791313,0.9999999999999998,0.9957385931269596,0.9971590620846398,0.9971590620846398
2024-04-28,12640.21,0.9856350003551169,0.9856350003551169,0.9856350003551169,0.9957325054028547,0.9987824551791313,0.9999999999999998,0.9957385931269596,0.9971590620846398
2024-04-29,12662.01,0.990058746537607,0.9856350003551169,0.9856350003551169,0.9856350003551169,0.9957325054028547,0.9987824551791313,0.9999999999999998,0.9957385931269596
2024-04-30,12620.01,0.9815359327915261,0.990058746537607,0.9856350003551169,0.9856350003551169,0.9856350003551169,0.9957325054028547,0.9987824551791313,0.9999999999999998
2024-05-01,12610.17,0.9795391592853011,0.9815359327915261,0.990058746537607,0.9856350003551169,0.9856350003551169,0.9856350003551169,0.9957325054028547,0.9987824551791313
2024-05-02,12632.22,0.9840136365019936,0.9795391592853011,0.9815359327915261,0.990058746537607,0.9856350003551169,0.9856350003551169,0.9856350003551169,0.9957325054028547
2024-05-10,12695.0,0.9967532138110167,0.9945190190647224,0.9945190190647224,0.9872401302772957,0.9926947310747878,0.9916902565975707,0.9916902565975707,0.9916902565975707
2024-05-11,12695.0,0.9967532138110167,0.9967532138110167,0.9945190190647224,0.9945190190647224,0.9872401302772957,0.9926947310747878,0.9916902565975707,0.9916902565975707
2024-05-12,12695.0,0.9967532138110167,0.9967532138110167,0.9967532138110167,0.9945190190647224,0.9945190190647224,0.9872401302772957,0.9926947310747878,0.9916902565975707
2024-05-13,12718.08,1.0014367028886249,0.9967532138110167,0.9967532138110167,0.9967532138110167,0.9945190190647224,0.9945190190647224,0.9872401302772957,0.9926947310747878
2024-05-14,12699.85,0.9977373958745523,1.0014367028886249,0.9967532138110167,0.9967532138110167,0.9967532138110167,0.9945190190647224,0.9945190190647224,0.9872401302772957
2024-05-15,12710.95,0.9999898537931593,0.9977373958745523,1.0014367028886249,0.9967532138110167,0.9967532138110167,0.9967532138110167,0.9945190190647224,0.9945190190647224
2024-05-16,12727.96,1.003441593360322,0.9999898537931593,0.9977373958745523,1.0014367028886249,0.9967532138110167,0.9967532138110167,0.9967532138110167,0.9945190190647224
2024-05-17,12720.0,1.001826317231303,1.003441593360322,0.9999898537931593,0.9977373958745523,1.0014367028886249,0.9967532138110167,0.9967532138110167,0.9967532138110167
2024-05-18,12720.0,1.001826317231303,1.001826317231303,1.003441593360322,0.9999898537931593,0.9977373958745523,1.0014367028886249,0.9967532138110167,0.9967532138110167
2024-05-19,12720.0,1.001826317231303,1.001826317231303,1.001826317231303,1.003441593360322,0.9999898537931593,0.9977373958745523,1.0014367028886249,0.9967532138110167
2024-05-20,12694.87,0.9967268336732313,1.001826317231303,1.001826317231303,1.001826317231303,1.003441593360322,0.9999898537931593,0.9977373958745523,1.0014367028886249
2024-05-21,12687.7,0.9952718676122931,0.9967268336732313,1.001826317231303,1.001826317231303,1.001826317231303,1.003441593360322,0.9999898537931593,0.9977373958745523
2024-05-22,12708.86,0.9995657423472235,0.9952718676122931,0.9967268336732313,1.001826317231303,1.001826317231303,1.001826317231303,1.003441593360322,0.9999898537931593
2024-05-23,12724.72,1.002784119157053,0.9995657423472235,0.9952718676122931,0.9967268336732313,1.001826317231303,1.001826317231303,1.001826317231303,1.003441593360322
2024-05-24,12712.88,1.0003814973772054,1.002784119157053,0.9995657423472235,0.9952718676122931,0.9967268336732313,1.001826317231303,1.001826317231303,1.001826317231303
2024-05-25,12712.88,1.0003814973772054,1.0003814973772054,1.002784119157053,0.9995657423472235,0.9952718676122931,0.9967268336732313,1.001826317231303,1.001826317231303
2024-05-26,12712.88,1.0003814973772054,1.0003814973772054,1.0003814973772054,1.002784119157053,0.9995657423472235,0.9952718676122931,0.9967268336732313,1.001826317231303
2024-05-27,12704.68,0.9987175194553515,1.0003814973772054,1.0003814973772054,1.0003814973772054,1.002784119157053,0.9995657423472235,0.9952718676122931,0.9967268336732313
2024-05-28,12679.99,0.9937073225174766,0.9987175194553515,1.0003814973772054,1.0003814973772054,1.0003814973772054,1.002784119157053,0.9995657423472235,0.9952718676122931
2024-05-29,12650.09,0.9876398908268145,0.9937073225174766,0.9987175194553515,1.0003814973772054,1.0003814973772054,1.0003814973772054,1.002784119157053,0.9995657423472235
2024-05-30,12640.87,0.9857689302854127,0.9876398908268145,0.9937073225174766,0.9987175194553515,1.0003814973772054,1.0003814973772054,1.0003814973772054,1.002784119157053
2024-05-31,12619.83,0.9814994064468998,0.9857689302854127,0.9876398908268145,0.9937073225174766,0.9987175194553515,1.0003814973772054,1.0003814973772054,1.0003814973772054
2024-06-01,12619.83,0.9814994064468998,0.9814994064468998,0.9857689302854127,0.9876398908268145,0.9937073225174766,0.9987175194553515,1.0003814973772054,1.0003814973772054
2024-06-02,12619.83,0.9814994064468998,0.9814994064468998,0.9814994064468998,0.9857689302854127,0.9876398908268145,0.9937073225174766,0.9987175194553515,1.0003814973772054
2024-06-03,12599.85,0.977444982193407,0.9814994064468998,0.9814994064468998,0.9814994064468998,0.9857689302854127,0.9876398908268145,0.9937073225174766,0.9987175194553515
2024-06-04,12614.95,0.9805091366592602,0.977444982193407,0.9814994064468998,0.9814994064468998,0.9814994064468998,0.9857689302854127,0.9876398908268145,0.9937073225174766
2024-06-05,12665.03,0.9906715774307775,0.9805091366592602,0.977444982193407,0.9814994064468998,0.9814994064468998,0.9814994064468998,0.9857689302854127,0.9876398908268145
2024-06-06,12676.03,0.9929037429357035,0.9906715774307775,0.9805091366592602,0.977444982193407,0.9814994064468998,0.9814994064468998,0.9814994064468998,0.9857689302854127
2024-06-07,12659.97,0.9896447812985112,0.9929037429357035,0.9906715774307775,0.9805091366592602,0.977444982193407,0.9814994064468998,0.9814994064468998,0.9814994064468998
2024-06-08,12659.97,0.9896447812985112,0.9896447812985112,0.9929037429357035,0.9906715774307775,0.9805091366592602,0.977444982193407,0.9814994064468998,0.9814994064468998
2024-06-09,12659.97,0.9896447812985112,0.9896447812985112,0.9896447812985112,0.9929037429357035,0.9906715774307775,0.9805091366592602,0.977444982193407,0.9814994064468998
2024-06-10,12646.87,0.9869864751062816,0.9896447812985112,0.9896447812985112,0.9896447812985112,0.9929037429357035,0.9906715774307775,0.9805091366592602,0.977444982193407
2024-06-11,12634.92,0.9845615316713847,0.9869864751062816,0.9896447812985112,0.9896447812985112,0.9896447812985112,0.9929037429357035,0.9906715774307775,0.9805091366592602
2024-06-12,12598.05,0.9770797187471463,0.9845615316713847,0.9869864751062816,0.9896447812985112,0.9896447812985112,0.9896447812985112,0.9929037429357035,0.9906715774307775
2024-06-13,12621.01,0.9817388569283374,0.9770797187471463,0.9845615316713847,0.9869864751062816,0.9896447812985112,0.9896447812985112,0.9896447812985112,0.9929037429357035
2024-06-14,12614.8,0.9804786980387379,0.9817388569283374,0.9770797187471463,0.9845615316713847,0.9869864751062816,0.9896447812985112,0.9896447812985112,0.9896447812985112
2024-06-15,12614.8,0.9804786980387379,0.9804786980387379,0.9817388569283374,0.9770797187471463,0.9845615316713847,0.9869864751062816,0.9896447812985112,0.9896447812985112
2024-06-16,12614.8,0.9804786980387379,0.9804786980387379,0.9804786980387379,0.9817388569283374,0.9770797187471463,0.9845615316713847,0.9869864751062816,0.9896447812985112
2024-06-17,12614.8,0.9804786980387379,0.9804786980387379,0.9804786980387379,0.9804786980387379,0.9817388569283374,0.9770797187471463,0.9845615316713847,0.9869864751062816
2024-06-18,12614.8,0.9804786980387379,0.9804786980387379,0.9804786980387379,0.9804786980387379,0.9804786980387379,0.9817388569283374,0.9770797187471463,0.9845615316713847
2024-06-19,12627.02,0.9829584309905741,0.9804786980387379,0.9804786980387379,0.9804786980387379,0.9804786980387379,0.9804786980387379,0.9817388569283374,0.9770797187471463
2024-06-20,12643.91,0.9863858196613193,0.9829584309905741,0.9804786980387379,0.9804786980387379,0.9804786980387379,0.9804786980387379,0.9804786980387379,0.9817388569283374
2024-06-21,12639.81,0.9855538307003926,0.9863858196613193,0.9829584309905741,0.9804786980387379,0.9804786980387379,0.9804786980387379,0.9804786980387379,0.9804786980387379
2024-06-22,12639.81,0.9855538307003926,0.9855538307003926,0.9863858196613193,0.9829584309905741,0.9804786980387379,0.9804786980387379,0.9804786980387379,0.9804786980387379
2024-06-23,12639.81,0.9855538307003926,0.9855538307003926,0.9855538307003926,0.9863858196613193,0.9829584309905741,0.9804786980387379,0.9804786980387379,0.9804786980387379
2024-06-24,12625.18,0.9825850505788412,0.9855538307003926,0.9855538307003926,0.9855538307003926,0.9863858196613193,0.9829584309905741,0.9804786980387379,0.9804786980387379
2024-06-25,12599.92,0.9774591868829836,0.9825850505788412,0.9855538307003926,0.9855538307003926,0.9855538307003926,0.9863858196613193,0.9829584309905741,0.9804786980387379
2024-06-26,12586.41,0.974717681794661,0.9774591868829836,0.9825850505788412,0.9855538307003926,0.9855538307003926,0.9855538307003926,0.9863858196613193,0.9829584309905741
2024-06-27,12580.27,0.973471727594639,0.974717681794661,0.9774591868829836,0.9825850505788412,0.9855538307003926,0.9855538307003926,0.9855538307003926,0.9863858196613193
2024-06-28,12555.16,0.9683763025193028,0.973471727594639,0.974717681794661,0.9774591868829836,0.9825850505788412,0.9855538307003926,0.9855538307003926,0.9855538307003926
2024-06-29,12555.16,0.9683763025193028,0.9683763025193028,0.973471727594639,0.974717681794661,0.9774591868829836,0.9825850505788412,0.9855538307003926,0.9855538307003926
2024-06-30,12555.16,0.9683763025193028,0.9683763025193028,0.9683763025193028,0.973471727594639,0.974717681794661,0.9774591868829836,0.9825850505788412,0.9855538307003926
2024-07-01,12557.67,0.9688856421026999,0.9683763025193028,0.9683763025193028,0.9683763025193028,0.973471727594639,0.974717681794661,0.9774591868829836,0.9825850505788412
2024-07-02,12585.01,0.974433588003125,0.9688856421026999,0.9683763025193028,0.9683763025193028,0.9683763025193028,0.973471727594639,0.974717681794661,0.9774591868829836
2024-07-03,12571.9,0.9717732525695266,0.974433588003125,0.9688856421026999,0.9683763025193028,0.9683763025193028,0.9683763025193028,0.973471727594639,0.974717681794661
2024-07-04,12584.05,0.9742387808317858,0.9717732525695266,0.974433588003125,0.9688856421026999,0.9683763025193028,0.9683763025193028,0.9683763025193028,0.973471727594639
2024-07-05,12600.05,0.9774855670207689,0.9742387808317858,0.9717732525695266,0.974433588003125,0.9688856421026999,0.9683763025193028,0.9683763025193028,0.9683763025193028
2024-07-06,12600.05,0.9774855670207689,0.9774855670207689,0.9742387808317858,0.9717732525695266,0.974433588003125,0.9688856421026999,0.9683763025193028,0.9683763025193028
2024-07-07,12600.05,0.9774855670207689,0.9774855670207689,0.9774855670207689,0.9742387808317858,0.9717732525695266,0.974433588003125,0.9688856421026999,0.9683763025193028
2024-07-08,12603.72,0.978230298602867,0.9774855670207689,0.9774855670207689,0.9774855670207689,0.9742387808317858,0.9717732525695266,0.974433588003125,0.9688856421026999
2024-07-09,12618.26,0.9811808155521058,0.978230298602867,0.9774855670207689,0.9774855670207689,0.9774855670207689,0.9742387808317858,0.9717732525695266,0.974433588003125
2024-07-10,12630.03,0.9835692326423768,0.9811808155521058,0.978230298602867,0.9774855670207689,0.9774855670207689,0.9774855670207689,0.9742387808317858,0.9717732525695266
2024-07-11,12632.88,0.984147566432289,0.9835692326423768,0.9811808155521058,0.978230298602867,0.9774855670207689,0.9774855670207689,0.9774855670207689,0.9742387808317858
2024-07-12,12655.02,0.988640306821295,0.984147566432289,0.9835692326423768,0.9811808155521058,0.978230298602867,0.9774855670207689,0.9774855670207689,0.9774855670207689
2024-07-13,12655.02,0.988640306821295,0.988640306821295,0.984147566432289,0.9835692326423768,0.9811808155521058,0.978230298602867,0.9774855670207689,0.9774855670207689
2024-07-14,12655.02,0.988640306821295,0.988640306821295,0.988640306821295,0.984147566432289,0.9835692326423768,0.9811808155521058,0.978230298602867,0.9774855670207689
2024-07-15,12635.27,0.9846325551192685,0.988640306821295,0.988640306821295,0.988640306821295,0.984147566432289,0.9835692326423768,0.9811808155521058,0.978230298602867
2024-07-16,12607.62,0.9790217027364323,0.9846325551192685,0.988640306821295,0.988640306821295,0.988640306821295,0.984147566432289,0.9835692326423768,0.9811808155521058
2024-07-17,12586.03,0.9746405706226728,0.9790217027364323,0.9846325551192685,0.988640306821295,0.988640306821295,0.988640306821295,0.984147566432289,0.9835692326423768
2024-07-18,12587.94,0.9750281557239828,0.9746405706226728,0.9790217027364323,0.9846325551192685,0.988640306821295,0.988640306821295,0.988640306821295,0.984147566432289
2024-07-19,12601.08,0.9776945788816851,0.9750281557239828,0.9746405706226728,0.9790217027364323,0.9846325551192685,0.988640306821295,0.988640306821295,0.988640306821295
2024-07-20,12601.08,0.9776945788816851,0.9776945788816851,0.9750281557239828,0.9746405706226728,0.9790217027364323,0.9846325551192685,0.988640306821295,0.988640306821295
2024-07-21,12601.08,0.9776945788816851,0.9776945788816851,0.9776945788816851,0.9750281557239828,0.9746405706226728,0.9790217027364323,0.9846325551192685,0.988640306821295
2024-07-22,12610.04,0.9795127791475158,0.9776945788816851,0.9776945788816851,0.9776945788816851,0.9750281557239828,0.9746405706226728,0.9790217027364323,0.9846325551192685
2024-07-23,12593.04,0.9760630688217209,0.9795127791475158,0.9776945788816851,0.9776945788816851,0.9776945788816851,0.9750281557239828,0.9746405706226728,0.9790217027364323
2024-07-24,12584.28,0.9742854533832526,0.9760630688217209,0.9795127791475158,0.9776945788816851,0.9776945788816851,0.9776945788816851,0.9750281557239828,0.9746405706226728
2024-07-25,12625.04,0.9825566411996876,0.9742854533832526,0.9760630688217209,0.9795127791475158,0.9776945788816851,0.9776945788816851,0.9776945788816851,0.9750281557239828
2024-07-26,12634.0,0.9843748414655182,0.9825566411996876,0.9742854533832526,0.9760630688217209,0.9795127791475158,0.9776945788816851,0.9776945788816851,0.9776945788816851
2024-07-27,12634.0,0.9843748414655182,0.9843748414655182,0.9825566411996876,0.9742854533832526,0.9760630688217209,0.9795127791475158,0.9776945788816851,0.9776945788816851
2024-07-28,12634.0,0.9843748414655182,0.9843748414655182,0.9843748414655182,0.9825566411996876,0.9742854533832526,0.9760630688217209,0.9795127791475158,0.9776945788816851
2024-07-29,12599.83,0.9774409237106705,0.9843748414655182,0.9843748414655182,0.9843748414655182,0.9825566411996876,0.9742854533832526,0.9760630688217209,0.9795127791475158
2024-07-30,12574.38,0.9722765044288189,0.9774409237106705,0.9843748414655182,0.9843748414655182,0.9843748414655182,0.9825566411996876,0.9742854533832526,0.9760630688217209
2024-07-31,12541.04,0.9655110137075253,0.9722765044288189,0.9774409237106705,0.9843748414655182,0.9843748414655182,0.9843748414655182,0.9825566411996876,0.9742854533832526
2024-08-01,12544.11,0.9661339908075368,0.9655110137075253,0.9722765044288189,0.9774409237106705,0.9843748414655182,0.9843748414655182,0.9843748414655182,0.9825566411996876
2024-08-02,12574.88,0.972377966497225,0.9661339908075368,0.9655110137075253,0.9722765044288189,0.9774409237106705,0.9843748414655182,0.9843748414655182,0.9843748414655182
2024-08-03,12574.88,0.972377966497225,0.972377966497225,0.9661339908075368,0.9655110137075253,0.9722765044288189,0.9774409237106705,0.9843748414655182,0.9843748414655182
2024-08-04,12574.88,0.972377966497225,0.972377966497225,0.972377966497225,0.9661339908075368,0.9655110137075253,0.9722765044288189,0.9774409237106705,0.9843748414655182
2024-08-05,12581.86,0.9737943769721691,0.972377966497225,0.972377966497225,0.972377966497225,0.9661339908075368,0.9655110137075253,0.9722765044288189,0.9774409237106705
2024-08-06,12594.85,0.9764303615093499,0.9737943769721691,0.972377966497225,0.972377966497225,0.972377966497225,0.9661339908075368,0.9655110137075253,0.9722765044288189
2024-08-07,12615.97,0.9807161192788072,0.9764303615093499,0.9737943769721691,0.972377966497225,0.972377966497225,0.972377966497225,0.9661339908075368,0.9655110137075253
2024-08-08,12640.01,0.985594415527755,0.9807161192788072,0.9764303615093499,0.9737943769721691,0.972377966497225,0.972377966497225,0.972377966497225,0.9661339908075368
2024-08-09,12651.98,0.9880234174453879,0.985594415527755,0.9807161192788072,0.9764303615093499,0.9737943769721691,0.972377966497225,0.972377966497225,0.972377966497225
2024-08-10,12651.98,0.9880234174453879,0.9880234174453879,0.985594415527755,0.9807161192788072,0.9764303615093499,0.9737943769721691,0.972377966497225,0.972377966497225
2024-08-11,12651.98,0.9880234174453879,0.9880234174453879,0.9880234174453879,0.985594415527755,0.9807161192788072,0.9764303615093499,0.9737943769721691,0.972377966497225
2024-08-12,12643.0,0.9862011586968211,0.9880234174453879,0.9880234174453879,0.9880234174453879,0.985594415527755,0.9807161192788072,0.9764303615093499,0.9737943769721691
2024-08-13,12630.96,0.9837579520896111,0.9862011586968211,0.9880234174453879,0.9880234174453879,0.9880234174453879,0.985594415527755,0.9807161192788072,0.9764303615093499
2024-08-14,12619.96,0.9815257865846851,0.9837579520896111,0.9862011586968211,0.9880234174453879,0.9880234174453879,0.9880234174453879,0.985594415527755,0.9807161192788072
2024-08-15,12622.77,0.9820960034091255,0.9815257865846851,0.9837579520896111,0.9862011586968211,0.9880234174453879,0.9880234174453879,0.9880234174453879,0.985594415527755
2024-08-16,12650.05,0.9876317738613418,0.9820960034091255,0.9815257865846851,0.9837579520896111,0.9862011586968211,0.9880234174453879,0.9880234174453879,0.9880234174453879
2024-08-17,12650.05,0.9876317738613418,0.9876317738613418,0.9820960034091255,0.9815257865846851,0.9837579520896111,0.9862011586968211,0.9880234174453879,0.9880234174453879
2024-08-18,12650.05,0.9876317738613418,0.9876317738613418,0.9876317738613418,0.9820960034091255,0.9815257865846851,0.9837579520896111,0.9862011586968211,0.9880234174453879
2024-08-19,12658.0,0.9892450207489929,0.9876317738613418,0.9876317738613418,0.9876317738613418,0.9820960034091255,0.9815257865846851,0.9837579520896111,0.9862011586968211
2024-08-20,12640.93,0.9857811057336214,0.9892450207489929,0.9876317738613418,0.9876317738613418,0.9876317738613418,0.9820960034091255,0.9815257865846851,0.9837579520896111
2024-08-21,12625.21,0.9825911383029451,0.9857811057336214,0.9892450207489929,0.9876317738613418,0.9876317738613418,0.9876317738613418,0.9820960034091255,0.9815257865846851
2024-08-22,12645.01,0.9866090362118121,0.9825911383029451,0.9857811057336214,0.9892450207489929,0.9876317738613418,0.9876317738613418,0.9876317738613418,0.9820960034091255
2024-08-23,12677.04,0.9931086963138831,0.9866090362118121,0.9825911383029451,0.9857811057336214,0.9892450207489929,0.9876317738613418,0.9876317738613418,0.9876317738613418
2024-08-24,12677.04,0.9931086963138831,0.9931086963138831,0.9866090362118121,0.9825911383029451,0.9857811057336214,0.9892450207489929,0.9876317738613418,0.9876317738613418
2024-08-25,12677.04,0.9931086963138831,0.9931086963138831,0.9931086963138831,0.9866090362118121,0.9825911383029451,0.9857811057336214,0.9892450207489929,0.9876317738613418
2024-08-26,12688.08,0.9953489787842813,0.9931086963138831,0.9931086963138831,0.9931086963138831,0.9866090362118121,0.9825911383029451,0.9857811057336214,0.9892450207489929
2024-08-27,12669.65,0.9916090869428464,0.9953489787842813,0.9931086963138831,0.9931086963138831,0.9931086963138831,0.9866090362118121,0.9825911383029451,0.9857811057336214
2024-08-28,12652.19,0.9880660315141185,0.9916090869428464,0.9953489787842813,0.9931086963138831,0.9931086963138831,0.9931086963138831,0.9866090362118121,0.9825911383029451
2024-08-29,12673.94,0.9924796314897677,0.9880660315141185,0.9916090869428464,0.9953489787842813,0.9931086963138831,0.9931086963138831,0.9931086963138831,0.9866090362118121
2024-08-30,12625.01,0.9825505534755832,0.9924796314897677,0.9880660315141185,0.9916090869428464,0.9953489787842813,0.9931086963138831,0.9931086963138831,0.9931086963138831
2024-08-31,12625.01,0.9825505534755832,0.9825505534755832,0.9924796314897677,0.9880660315141185,0.9916090869428464,0.9953489787842813,0.9931086963138831,0.9931086963138831
2024-09-01,12625.01,0.9825505534755832,0.9825505534755832,0.9825505534755832,0.9924796314897677,0.9880660315141185,0.9916090869428464,0.9953489787842813,0.9931086963138831
2024-09-02,12625.01,0.9825505534755832,0.9825505534755832,0.9825505534755832,0.9825505534755832,0.9924796314897677,0.9880660315141185,0.9916090869428464,0.9953489787842813
2024-09-03,12625.01,0.9825505534755832,0.9825505534755832,0.9825505534755832,0.9825505534755832,0.9825505534755832,0.9924796314897677,0.9880660315141185,0.9916090869428464
2024-09-04,12640.04,0.9856005032518593,0.9825505534755832,0.9825505534755832,0.9825505534755832,0.9825505534755832,0.9825505534755832,0.9924796314897677,0.9880660315141185
2024-09-05,12650.26,0.9876743879300725,0.9856005032518593,0.9825505534755832,0.9825505534755832,0.9825505534755832,0.9825505534755832,0.9825505534755832,0.9924796314897677
2024-09-06,12707.95,0.9993810813827253,0.9876743879300725,0.9856005032518593,0.9825505534755832,0.9825505534755832,0.9825505534755832,0.9825505534755832,0.9825505534755832
2024-09-07,12707.95,0.9993810813827253,0.9993810813827253,0.9876743879300725,0.9856005032518593,0.9825505534755832,0.9825505534755832,0.9825505534755832,0.9825505534755832
2024-09-08,12707.95,0.9993810813827253,0.9993810813827253,0.9993810813827253,0.9876743879300725,0.9856005032518593,0.9825505534755832,0.9825505534755832,0.9825505534755832
2024-09-09,12700.1,0.9977881269087552,0.9993810813827253,0.9993810813827253,0.9993810813827253,0.9876743879300725,0.9856005032518593,0.9825505534755832,0.9825505534755832
2024-09-10,12681.79,0.9940725859637374,0.9977881269087552,0.9993810813827253,0.9993810813827253,0.9993810813827253,0.9876743879300725,0.9856005032518593,0.9825505534755832
2024-09-11,12686.71,0.9950709727168496,0.9940725859637374,0.9977881269087552,0.9993810813827253,0.9993810813827253,0.9993810813827253,0.9876743879300725,0.9856005032518593
2024-09-12,12715.07,1.0008259012368226,0.9950709727168496,0.9940725859637374,0.9977881269087552,0.9993810813827253,0.9993810813827253,0.9993810813827253,0.9876743879300725
2024-09-13,12741.76,1.00624194644832,1.0008259012368226,0.9950709727168496,0.9940725859637374,0.9977881269087552,0.9993810813827253,0.9993810813827253,0.9993810813827253
2024-09-14,12741.76,1.00624194644832,1.00624194644832,1.0008259012368226,0.9950709727168496,0.9940725859637374,0.9977881269087552,0.9993810813827253,0.9993810813827253
2024-09-15,12741.76,1.00624194644832,1.00624194644832,1.00624194644832,1.0008259012368226,0.9950709727168496,0.9940725859637374,0.9977881269087552,0.9993810813827253
2024-09-16,12749.75,1.0078633103014438,1.00624194644832,1.00624194644832,1.00624194644832,1.0008259012368226,0.9950709727168496,0.9940725859637374,0.9977881269087552
2024-09-17,12729.48,1.0037500380482756,1.0078633103014438,1.00624194644832,1.00624194644832,1.00624194644832,1.0008259012368226,0.9950709727168496,0.9940725859637374
2024-09-18,12732.56,1.0043750443896549,1.0037500380482756,1.0078633103014438,1.00624194644832,1.00624194644832,1.00624194644832,1.0008259012368226,0.9950709727168496
2024-09-19,12739.95,1.0058746537606915,1.0043750443896549,1.0037500380482756,1.0078633103014438,1.00624194644832,1.00624194644832,1.00624194644832,1.0008259012368226
2024-09-20,12724.84,1.0028084700534705,1.0058746537606915,1.0043750443896549,1.0037500380482756,1.0078633103014438,1.00624194644832,1.00624194644832,1.00624194644832
2024-09-21,12724.84,1.0028084700534705,1.0028084700534705,1.0058746537606915,1.0043750443896549,1.0037500380482756,1.0078633103014438,1.00624194644832,1.00624194644832
2024-09-22,12724.84,1.0028084700534705,1.0028084700534705,1.0028084700534705,1.0058746537606915,1.0043750443896549,1.0037500380482756,1.0078633103014438,1.00624194644832
2024-09-23,12729.83,1.0038210614961598,1.0028084700534705,1.0028084700534705,1.0028084700534705,1.0058746537606915,1.0043750443896549,1.0037500380482756,1.0078633103014438
2024-09-24,12747.29,1.0073641169248877,1.0038210614961598,1.0028084700534705,1.0028084700534705,1.0028084700534705,1.0058746537606915,1.0043750443896549,1.0037500380482756
2024-09-25,12754.83,1.0088941649164458,1.0073641169248877,1.0038210614961598,1.0028084700534705,1.0028084700534705,1.0028084700534705,1.0058746537606915,1.0043750443896549
2024-09-26,12757.65,1.009466410982254,1.0088941649164458,1.0073641169248877,1.0038210614961598,1.0028084700534705,1.0028084700534705,1.0028084700534705,1.0058746537606915
2024-09-27,12736.48,1.0051705070059558,1.009466410982254,1.0088941649164458,1.0073641169248877,1.0038210614961598,1.0028084700534705,1.0028084700534705,1.0028084700534705
2024-09-28,12736.48,1.0051705070059558,1.0051705070059558,1.009466410982254,1.0088941649164458,1.0073641169248877,1.0038210614961598,1.0028084700534705,1.0028084700534705
2024-09-29,12736.48,1.0051705070059558,1.0051705070059558,1.0051705070059558,1.009466410982254,1.0088941649164458,1.0073641169248877,1.0038210614961598,1.0028084700534705
2024-09-30,12715.42,1.0008969246847064,1.0051705070059558,1.0051705070059558,1.0051705070059558,1.009466410982254,1.0088941649164458,1.0073641169248877,1.0038210614961598
2024-10-01,12715.42,1.0008969246847064,1.0008969246847064,1.0051705070059558,1.0051705070059558,1.0051705070059558,1.009466410982254,1.0088941649164458,1.0073641169248877
2024-10-02,12739.99,1.0058827707261637,1.0008969246847064,1.0008969246847064,1.0051705070059558,1.0051705070059558,1.0051705070059558,1.009466410982254,1.0088941649164458
2024-10-03,12757.94,1.0095252589819295,1.0058827707261637,1.0008969246847064,1.0008969246847064,1.0051705070059558,1.0051705070059558,1.0051705070059558,1.009466410982254
2024-10-04,12741.02,1.0060917825870799,1.0095252589819295,1.0058827707261637,1.0008969246847064,1.0008969246847064,1.0051705070059558,1.0051705070059558,1.0051705070059558
2024-10-05,12741.02,1.0060917825870799,1.0060917825870799,1.0095252589819295,1.0058827707261637,1.0008969246847064,1.0008969246847064,1.0051705070059558,1.0051705070059558
2024-10-06,12741.02,1.0060917825870799,1.0060917825870799,1.0060917825870799,1.0095252589819295,1.0058827707261637,1.0008969246847064,1.0008969246847064,1.0051705070059558
2024-10-07,12775.02,1.0129912032386692,1.0060917825870799,1.0060917825870799,1.0060917825870799,1.0095252589819295,1.0058827707261637,1.0008969246847064,1.0008969246847064
2024-10-08,12794.88,1.0170212765957445,1.0129912032386692,1.0060917825870799,1.0060917825870799,1.0060917825870799,1.0095252589819295,1.0058827707261637,1.0008969246847064
2024-10-09,12787.03,1.0154283221217748,1.0170212765957445,1.0129912032386692,1.0060917825870799,1.0060917825870799,1.0060917825870799,1.0095252589819295,1.0058827707261637
2024-10-10,12778.0,1.013595917166367,1.0154283221217748,1.0170212765957445,1.0129912032386692,1.0060917825870799,1.0060917825870799,1.0060917825870799,1.0095252589819295
2024-10-11,12768.3,1.0116275530392962,1.013595917166367,1.0154283221217748,1.0170212765957445,1.0129912032386692,1.0060917825870799,1.0060917825870799,1.0060917825870799
2024-10-12,12768.3,1.0116275530392962,1.0116275530392962,1.013595917166367,1.0154283221217748,1.0170212765957445,1.0129912032386692,1.0060917825870799,1.0060917825870799
2024-10-13,12768.3,1.0116275530392962,1.0116275530392962,1.0116275530392962,1.013595917166367,1.0154283221217748,1.0170212765957445,1.0129912032386692,1.0060917825870799
2024-10-14,12780.14,1.0140301748191438,1.0116275530392962,1.0116275530392962,1.0116275530392962,1.013595917166367,1.0154283221217748,1.0170212765957445,1.0129912032386692
2024-10-15,12803.05,1.018679166793494,1.0140301748191438,1.0116275530392962,1.0116275530392962,1.0116275530392962,1.013595917166367,1.0154283221217748,1.0170212765957445
2024-10-16,12793.03,1.0166458669426437,1.018679166793494,1.0140301748191438,1.0116275530392962,1.0116275530392962,1.0116275530392962,1.013595917166367,1.0154283221217748
2024-10-17,12777.06,1.0134051684777645,1.0166458669426437,1.018679166793494,1.0140301748191438,1.0116275530392962,1.0116275530392962,1.0116275530392962,1.013595917166367
2024-10-18,12803.06,1.0186811960348623,1.0134051684777645,1.0166458669426437,1.018679166793494,1.0140301748191438,1.0116275530392962,1.0116275530392962,1.0116275530392962
2024-10-19,12803.06,1.0186811960348623,1.0186811960348623,1.0134051684777645,1.0166458669426437,1.018679166793494,1.0140301748191438,1.0116275530392962,1.0116275530392962
2024-10-20,12803.06,1.0186811960348623,1.0186811960348623,1.0186811960348623,1.0134051684777645,1.0166458669426437,1.018679166793494,1.0140301748191438,1.0116275530392962
2024-10-21,12815.13,1.0211304903661762,1.0186811960348623,1.0186811960348623,1.0186811960348623,1.0134051684777645,1.0166458669426437,1.018679166793494,1.0140301748191438
2024-10-22,12805.09,1.0190931320325898,1.0211304903661762,1.0186811960348623,1.0186811960348623,1.0186811960348623,1.0134051684777645,1.0166458669426437,1.018679166793494
2024-10-23,12817.85,1.0216824440183039,1.0190931320325898,1.0211304903661762,1.0186811960348623,1.0186811960348623,1.0186811960348623,1.0134051684777645,1.0166458669426437
2024-10-24,12827.9,1.0237218315932586,1.0216824440183039,1.0190931320325898,1.0211304903661762,1.0186811960348623,1.0186811960348623,1.0186811960348623,1.0134051684777645
2024-10-25,12816.11,1.0213293560202519,1.0237218315932586,1.0216824440183039,1.0190931320325898,1.0211304903661762,1.0186811960348623,1.0186811960348623,1.0186811960348623
2024-10-26,12816.11,1.0213293560202519,1.0213293560202519,1.0237218315932586,1.0216824440183039,1.0190931320325898,1.0211304903661762,1.0186811960348623,1.0186811960348623
2024-10-27,12816.11,1.0213293560202519,1.0213293560202519,1.0213293560202519,1.0237218315932586,1.0216824440183039,1.0190931320325898,1.0211304903661762,1.0186811960348623
2024-10-28,12808.39,1.019762781684067,1.0213293560202519,1.0213293560202519,1.0213293560202519,1.0237218315932586,1.0216824440183039,1.0190931320325898,1.0211304903661762
2024-10-29,12794.92,1.0170293935612171,1.019762781684067,1.0213293560202519,1.0213293560202519,1.0213293560202519,1.0237218315932586,1.0216824440183039,1.0190931320325898
2024-10-30,12784.97,1.015010298399943,1.0170293935612171,1.019762781684067,1.0213293560202519,1.0213293560202519,1.0213293560202519,1.0237218315932586,1.0216824440183039
2024-10-31,12774.34,1.0128532148256373,1.015010298399943,1.0170293935612171,1.019762781684067,1.0213293560202519,1.0213293560202519,1.0213293560202519,1.0237218315932586
2024-11-01,12780.09,1.0140200286123033,1.0128532148256373,1.015010298399943,1.0170293935612171,1.019762781684067,1.0213293560202519,1.0213293560202519,1.0213293560202519
2024-11-02,12780.09,1.0140200286123033,1.0140200286123033,1.0128532148256373,1.015010298399943,1.0170293935612171,1.019762781684067,1.0213293560202519,1.0213293560202519
2024-11-03,12780.09,1.0140200286123033,1.0140200286123033,1.0140200286123033,1.0128532148256373,1.015010298399943,1.0170293935612171,1.019762781684067,1.0213293560202519
2024-11-04,12795.02,1.017049685974898,1.0140200286123033,1.0140200286123033,1.0140200286123033,1.0128532148256373,1.015010298399943,1.0170293935612171,1.019762781684067
2024-11-05,12790.12,1.0160553577045224,1.017049685974898,1.0140200286123033,1.0140200286123033,1.0140200286123033,1.0128532148256373,1.015010298399943,1.0170293935612171
2024-11-06,12774.98,1.0129830862731966,1.0160553577045224,1.017049685974898,1.0140200286123033,1.0140200286123033,1.0140200286123033,1.0128532148256373,1.015010298399943
2024-11-07,12786.98,1.0154181759149339,1.0129830862731966,1.0160553577045224,1.017049685974898,1.0140200286123033,1.0140200286123033,1.0140200286123033,1.0128532148256373
2024-11-08,12809.05,1.019896711614363,1.0154181759149339,1.0129830862731966,1.0160553577045224,1.017049685974898,1.0140200286123033,1.0140200286123033,1.0140200286123033
2024-11-09,12809.05,1.019896711614363,1.019896711614363,1.0154181759149339,1.0129830862731966,1.0160553577045224,1.017049685974898,1.0140200286123033,1.0140200286123033
2024-11-10,12809.05,1.019896711614363,1.019896711614363,1.019896711614363,1.0154181759149339,1.0129830862731966,1.0160553577045224,1.017049685974898,1.0140200286123033
2024-11-11,12822.98,1.0227234448401463,1.019896711614363,1.019896711614363,1.019896711614363,1.0154181759149339,1.0129830862731966,1.0160553577045224,1.017049685974898
2024-11-12,12803.81,1.0188333891374708,1.0227234448401463,1.019896711614363,1.019896711614363,1.019896711614363,1.0154181759149339,1.0129830862731966,1.0160553577045224
2024-11-13,12793.38,1.0167168903905275,1.0188333891374708,1.0227234448401463,1.019896711614363,1.019896711614363,1.019896711614363,1.0154181759149339,1.0129830862731966
2024-11-14,12808.03,1.0196897289948155,1.0167168903905275,1.0188333891374708,1.0227234448401463,1.019896711614363,1.019896711614363,1.019896711614363,1.0154181759149339
2024-11-15,12800.13,1.0180866283140044,1.0196897289948155,1.0167168903905275,1.0188333891374708,1.0227234448401463,1.019896711614363,1.019896711614363,1.019896711614363
2024-11-16,12800.13,1.0180866283140044,1.0180866283140044,1.0196897289948155,1.0167168903905275,1.0188333891374708,1.0227234448401463,1.019896711614363,1.019896711614363
2024-11-17,12800.13,1.0180866283140044,1.0180866283140044,1.0180866283140044,1.0196897289948155,1.0167168903905275,1.0188333891374708,1.0227234448401463,1.019896711614363
2024-11-18,12812.3,1.0205562150590002,1.0180866283140044,1.0180866283140044,1.0180866283140044,1.0196897289948155,1.0167168903905275,1.0188333891374708,1.0227234448401463
2024-11-19,12825.01,1.0231353808378738,1.0205562150590002,1.0180866283140044,1.0180866283140044,1.0180866283140044,1.0196897289948155,1.0167168903905275,1.0188333891374708
2024-11-20,12844.0,1.026988910195923,1.0231353808378738,1.0205562150590002,1.0180866283140044,1.0180866283140044,1.0180866283140044,1.0196897289948155,1.0167168903905275
2024-11-21,12855.93,1.0294097951480838,1.026988910195923,1.0231353808378738,1.0205562150590002,1.0180866283140044,1.0180866283140044,1.0180866283140044,1.0196897289948155
2024-11-22,12844.21,1.0270315242646533,1.0294097951480838,1.026988910195923,1.0231353808378738,1.0205562150590002,1.0180866283140044,1.0180866283140044,1.0180866283140044
2024-11-23,12844.21,1.0270315242646533,1.0270315242646533,1.0294097951480838,1.026988910195923,1.0231353808378738,1.0205562150590002,1.0180866283140044,1.0180866283140044
2024-11-24,12844.21,1.0270315242646533,1.0270315242646533,1.0270315242646533,1.0294097951480838,1.026988910195923,1.0231353808378738,1.0205562150590002,1.0180866283140044
2024-11-25,12829.07,1.0239592528333283,1.0270315242646533,1.0270315242646533,1.0270315242646533,1.0294097951480838,1.026988910195923,1.0231353808378738,1.0205562150590002
2024-11-26,12814.78,1.0210594669182929,1.0239592528333283,1.0270315242646533,1.0270315242646533,1.0270315242646533,1.0294097951480838,1.026988910195923,1.0231353808378738
2024-11-27,12820.47,1.0222141052567497,1.0210594669182929,1.0239592528333283,1.0270315242646533,1.0270315242646533,1.0270315242646533,1.0294097951480838,1.026988910195923
2024-11-28,12848.38,1.027877717915157,1.0222141052567497,1.0210594669182929,1.0239592528333283,1.0270315242646533,1.0270315242646533,1.0270315242646533,1.0294097951480838
2024-11-29,12865.05,1.0312604632758042,1.027877717915157,1.0222141052567497,1.0210594669182929,1.0239592528333283,1.0270315242646533,1.0270315242646533,1.0270315242646533
2024-11-30,12865.05,1.0312604632758042,1.0312604632758042,1.027877717915157,1.0222141052567497,1.0210594669182929,1.0239592528333283,1.0270315242646533,1.0270315242646533
2024-12-01,12865.05,1.0312604632758042,1.0312604632758042,1.0312604632758042,1.027877717915157,1.0222141052567497,1.0210594669182929,1.0239592528333283,1.0270315242646533
2024-12-02,12852.0,1.0286123032904146,1.0312604632758042,1.0312604632758042,1.0312604632758042,1.027877717915157,1.0222141052567497,1.0210594669182929,1.0239592528333283
2024-12-03,12838.33,1.0258383303402023,1.0286123032904146,1.0312604632758042,1.0312604632758042,1.0312604632758042,1.027877717915157,1.0222141052567497,1.0210594669182929
2024-12-04,12825.43,1.0232206089753346,1.0258383303402023,1.0286123032904146,1.0312604632758042,1.0312604632758042,1.0312604632758042,1.027877717915157,1.0222141052567497
2024-12-05,12813.04,1.0207063789202409,1.0232206089753346,1.0258383303402023,1.0286123032904146,1.0312604632758042,1.0312604632758042,1.0312604632758042,1.027877717915157
2024-12-06,12837.1,1.0255887336519243,1.0207063789202409,1.0232206089753346,1.0258383303402023,1.0286123032904146,1.0312604632758042,1.0312604632758042,1.0312604632758042
2024-12-07,12837.1,1.0255887336519243,1.0255887336519243,1.0207063789202409,1.0232206089753346,1.0258383303402023,1.0286123032904146,1.0312604632758042,1.0312604632758042
2024-12-08,12837.1,1.0255887336519243,1.0255887336519243,1.0255887336519243,1.0207063789202409,1.0232206089753346,1.0258383303402023,1.0286123032904146,1.0312604632758042
2024-12-09,12837.1,1.0255887336519243,1.0255887336519243,1.0255887336519243,1.0255887336519243,1.0207063789202409,1.0232206089753346,1.0258383303402023,1.0286123032904146
2024-12-10,12861.25,1.0304893515559208,1.0255887336519243,1.0255887336519243,1.0255887336519243,1.0255887336519243,1.0207063789202409,1.0232206089753346,1.0258383303402023
2024-12-11,12874.02,1.0330806927830032,1.0304893515559208,1.0255887336519243,1.0255887336519243,1.0255887336519243,1.0255887336519243,1.0207063789202409,1.0232206089753346
2024-12-12,12865.66,1.0313842469992591,1.0330806927830032,1.0304893515559208,1.0255887336519243,1.0255887336519243,1.0255887336519243,1.0255887336519243,1.0207063789202409
2024-12-13,12860.09,1.0302539595572193,1.0313842469992591,1.0330806927830032,1.0304893515559208,1.0255887336519243,1.0255887336519243,1.0255887336519243,1.0255887336519243
2024-12-14,12880.0,1.0342941791211355,1.0302539595572193,1.0313842469992591,1.0330806927830032,1.0304893515559208,1.0255887336519243,1.0255887336519243,1.0255887336519243
2024-12-15,12880.0,1.0342941791211355,1.0342941791211355,1.0302539595572193,1.0313842469992591,1.0330806927830032,1.0304893515559208,1.0255887336519243,1.0255887336519243
2024-12-16,12892.97,1.0369261051755798,1.0342941791211355,1.0342941791211355,1.0302539595572193,1.0313842469992591,1.0330806927830032,1.0304893515559208,1.0255887336519243
2024-12-17,12874.86,1.0332511490579248,1.0369261051755798,1.0342941791211355,1.0342941791211355,1.0302539595572193,1.0313842469992591,1.0330806927830032,1.0304893515559208
2024-12-18,12869.9,1.03224464533934,1.0332511490579248,1.0369261051755798,1.0342941791211355,1.0342941791211355,1.0302539595572193,1.0313842469992591,1.0330806927830032
2024-12-19,12861.83,1.0306070475552713,1.03224464533934,1.0332511490579248,1.0369261051755798,1.0342941791211355,1.0342941791211355,1.0302539595572193,1.0313842469992591
2024-12-20,12875.06,1.0332917338852867,1.0306070475552713,1.03224464533934,1.0332511490579248,1.0369261051755798,1.0342941791211355,1.0342941791211355,1.0302539595572193
2024-12-21,12875.06,1.0332917338852867,1.0332917338852867,1.0306070475552713,1.03224464533934,1.0332511490579248,1.0369261051755798,1.0342941791211355,1.0342941791211355
2024-12-22,12875.06,1.0332917338852867,1.0332917338852867,1.0332917338852867,1.0306070475552713,1.03224464533934,1.0332511490579248,1.0369261051755798,1.0342941791211355
2024-12-23,12893.07,1.0369463975892612,1.0332917338852867,1.0332917338852867,1.0332917338852867,1.0306070475552713,1.03224464533934,1.0332511490579248,1.0369261051755798
2024-12-24,12902.0,1.0387585101309875,1.0369463975892612,1.0332917338852867,1.0332917338852867,1.0332917338852867,1.0306070475552713,1.03224464533934,1.0332511490579248
2024-12-25,12909.8,1.0403413183981167,1.0387585101309875,1.0369463975892612,1.0332917338852867,1.0332917338852867,1.0332917338852867,1.0306070475552713,1.03224464533934
2024-12-26,12928.27,1.0440893272050242,1.0403413183981167,1.0387585101309875,1.0369463975892612,1.0332917338852867,1.0332917338852867,1.0332917338852867,1.0306070475552713
2024-12-27,12920.48,1.0425085481792629,1.0440893272050242,1.0403413183981167,1.0387585101309875,1.0369463975892612,1.0332917338852867,1.0332917338852867,1.0332917338852867
2024-12-28,12920.48,1.0425085481792629,1.0425085481792629,1.0440893272050242,1.0403413183981167,1.0387585101309875,1.0369463975892612,1.0332917338852867,1.0332917338852867
2024-12-29,12920.48,1.0425085481792629,1.0425085481792629,1.0425085481792629,1.0440893272050242,1.0403413183981167,1.0387585101309875,1.0369463975892612,1.0332917338852867
2024-12-30,12920.48,1.0425085481792629,1.0425085481792629,1.0425085481792629,1.0425085481792629,1.0440893272050242,1.0403413183981167,1.0387585101309875,1.0369463975892612
2024-12-31,12920.48,1.0425085481792629,1.0425085481792629,1.0425085481792629,1.0425085481792629,1.0425085481792629,1.0440893272050242,1.0403413183981167,1.0387585101309875
2025-01-01,12920.48,1.0425085481792629,1.0425085481792629,1.0425085481792629,1.0425085481792629,1.0425085481792629,1.0425085481792629,1.0440893272050242,1.0403413183981167
2025-01-02,12920.48,1.0425085481792629,1.0425085481792629,1.0425085481792629,1.0425085481792629,1.0425085481792629,1.0425085481792629,1.0425085481792629,1.0440893272050242
2025-01-03,12904.91,1.0393490193691088,1.0425085481792629,1.0425085481792629,1.0425085481792629,1.0425085481792629,1.0425085481792629,1.0425085481792629,1.0425085481792629
2025-01-04,12915.18,1.0414330502541624,1.0393490193691088,1.0425085481792629,1.0425085481792629,1.0425085481792629,1.0425085481792629,1.0425085481792629,1.0425085481792629
2025-01-05,12915.18,1.0414330502541624,1.0414330502541624,1.0393490193691088,1.0425085481792629,1.0425085481792629,1.0425085481792629,1.0425085481792629,1.0425085481792629
2025-01-06,12942.01,1.0468775048448136,1.0414330502541624,1.0414330502541624,1.0393490193691088,1.0425085481792629,1.0425085481792629,1.0425085481792629,1.0425085481792629
2025-01-07,12930.11,1.0444627076167576,1.0468775048448136,1.0414330502541624,1.0414330502541624,1.0393490193691088,1.0425085481792629,1.0425085481792629,1.0425085481792629
2025-01-08,12948.1,1.0481133128379956,1.0444627076167576,1.0468775048448136,1.0414330502541624,1.0414330502541624,1.0393490193691088,1.0425085481792629,1.0425085481792629
2025-01-09,12962.98,1.0511328239937499,1.0481133128379956,1.0444627076167576,1.0468775048448136,1.0414330502541624,1.0414330502541624,1.0393490193691088,1.0425085481792629
2025-01-10,12940.44,1.04655891395002,1.0511328239937499,1.0481133128379956,1.0444627076167576,1.0468775048448136,1.0414330502541624,1.0414330502541624,1.0393490193691088
2025-01-11,12940.44,1.04655891395002,1.04655891395002,1.0511328239937499,1.0481133128379956,1.0444627076167576,1.0468775048448136,1.0414330502541624,1.0414330502541624
2025-01-12,12940.44,1.04655891395002,1.04655891395002,1.04655891395002,1.0511328239937499,1.0481133128379956,1.0444627076167576,1.0468775048448136,1.0414330502541624
2025-01-13,12957.0,1.0499193376556175,1.04655891395002,1.04655891395002,1.04655891395002,1.0511328239937499,1.0481133128379956,1.0444627076167576,1.0468775048448136
2025-01-14,12972.08,1.0529794336387341,1.0499193376556175,1.04655891395002,1.04655891395002,1.04655891395002,1.0511328239937499,1.0481133128379956,1.0444627076167576
2025-01-15,12971.0,1.0527602755709775,1.0529794336387341,1.0499193376556175,1.04655891395002,1.04655891395002,1.04655891395002,1.0511328239937499,1.0481133128379956
2025-01-16,12962.01,1.050935987581043,1.0527602755709775,1.0529794336387341,1.0499193376556175,1.04655891395002,1.04655891395002,1.04655891395002,1.0511328239937499
2025-01-17,12955.26,1.0495662496575655,1.050935987581043,1.0527602755709775,1.0529794336387341,1.0499193376556175,1.04655891395002,1.04655891395002,1.04655891395002
2025-01-18,12955.26,1.0495662496575655,1.0495662496575655,1.050935987581043,1.0527602755709775,1.0529794336387341,1.0499193376556175,1.04655891395002,1.04655891395002
2025-01-19,12955.26,1.0495662496575655,1.0495662496575655,1.0495662496575655,1.050935987581043,1.0527602755709775,1.0529794336387341,1.0499193376556175,1.04655891395002
2025-01-20,12967.0,1.0519485790237317,1.0495662496575655,1.0495662496575655,1.0495662496575655,1.050935987581043,1.0527602755709775,1.0529794336387341,1.0499193376556175
2025-01-21,12975.09,1.0535902352905364,1.0519485790237317,1.0495662496575655,1.0495662496575655,1.0495662496575655,1.050935987581043,1.0527602755709775,1.0529794336387341
2025-01-22,12984.44,1.0554875759697235,1.0535902352905364,1.0519485790237317,1.0495662496575655,1.0495662496575655,1.0495662496575655,1.050935987581043,1.0527602755709775
2025-01-23,12990.0,1.0566158341703955,1.0554875759697235,1.0535902352905364,1.0519485790237317,1.0495662496575655,1.0495662496575655,1.0495662496575655,1.050935987581043
2025-01-24,12979.13,1.0544100488032548,1.0566158341703955,1.0554875759697235,1.0535902352905364,1.0519485790237317,1.0495662496575655,1.0495662496575655,1.0495662496575655
2025-01-25,12979.13,1.0544100488032548,1.0544100488032548,1.0566158341703955,1.0554875759697235,1.0535902352905364,1.0519485790237317,1.0495662496575655,1.0495662496575655
2025-01-26,12979.13,1.0544100488032548,1.0544100488032548,1.0544100488032548,1.0566158341703955,1.0554875759697235,1.0535902352905364,1.0519485790237317,1.0495662496575655
2025-01-27,12969.05,1.0523645735041953,1.0544100488032548,1.0544100488032548,1.0544100488032548,1.0566158341703955,1.0554875759697235,1.0535902352905364,1.0519485790237317
2025-01-28,12963.27,1.0511916719934253,1.0523645735041953,1.0544100488032548,1.0544100488032548,1.0544100488032548,1.0566158341703955,1.0554875759697235,1.0535902352905364
2025-01-29,12974.98,1.0535679136354872,1.0511916719934253,1.0523645735041953,1.0544100488032548,1.0544100488032548,1.0544100488032548,1.0566158341703955,1.0554875759697235
2025-01-30,12968.34,1.0522204973670595,1.0535679136354872,1.0511916719934253,1.0523645735041953,1.0544100488032548,1.0544100488032548,1.0544100488032548,1.0566158341703955
2025-01-31,12957.01,1.0499213668969853,1.0522204973670595,1.0535679136354872,1.0511916719934253,1.0523645735041953,1.0544100488032548,1.0544100488032548,1.0544100488032548
2025-02-01,12957.01,1.0499213668969853,1.0499213668969853,1.0522204973670595,1.0535679136354872,1.0511916719934253,1.0523645735041953,1.0544100488032548,1.0544100488032548
2025-02-02,12957.01,1.0499213668969853,1.0499213668969853,1.0499213668969853,1.0522204973670595,1.0535679136354872,1.0511916719934253,1.0523645735041953,1.0544100488032548
2025-02-03,12975.05,1.0535821183250638,1.0499213668969853,1.0499213668969853,1.0499213668969853,1.0522204973670595,1.0535679136354872,1.0511916719934253,1.0523645735041953
2025-02-04,12985.01,1.0556032427277062,1.0535821183250638,1.0499213668969853,1.0499213668969853,1.0499213668969853,1.0522204973670595,1.0535679136354872,1.0511916719934253
2025-02-05,12998.91,1.0584238882293853,1.0556032427277062,1.0535821183250638,1.0499213668969853,1.0499213668969853,1.0499213668969853,1.0522204973670595,1.0535679136354872
2025-02-06,12985.32,1.0556661492101178,1.0584238882293853,1.0556032427277062,1.0535821183250638,1.0499213668969853,1.0499213668969853,1.0499213668969853,1.0522204973670595
2025-02-07,12969.84,1.0525248835722765,1.0556661492101178,1.0584238882293853,1.0556032427277062,1.0535821183250638,1.0499213668969853,1.0499213668969853,1.0499213668969853
2025-02-08,12969.84,1.0525248835722765,1.0525248835722765,1.0556661492101178,1.0584238882293853,1.0556032427277062,1.0535821183250638,1.0499213668969853,1.0499213668969853
2025-02-09,12969.84,1.0525248835722765,1.0525248835722765,1.0525248835722765,1.0556661492101178,1.0584238882293853,1.0556032427277062,1.0535821183250638,1.0499213668969853
2025-02-10,12957.0,1.0499193376556175,1.0525248835722765,1.0525248835722765,1.0525248835722765,1.0556661492101178,1.0584238882293853,1.0556032427277062,1.0535821183250638
2025-02-11,12971.93,1.0529489950182123,1.0499193376556175,1.0525248835722765,1.0525248835722765,1.0525248835722765,1.0556661492101178,1.0584238882293853,1.0556032427277062
2025-02-12,12979.99,1.0545845635609126,1.0529489950182123,1.0499193376556175,1.0525248835722765,1.0525248835722765,1.0525248835722765,1.0556661492101178,1.0584238882293853
2025-02-13,12989.07,1.0564271147231608,1.0545845635609126,1.0529489950182123,1.0499193376556175,1.0525248835722765,1.0525248835722765,1.0525248835722765,1.0556661492101178
2025-02-14,13003.95,1.059446625878915,1.0564271147231608,1.0545845635609126,1.0529489950182123,1.0499193376556175,1.0525248835722765,1.0525248835722765,1.0525248835722765
2025-02-15,13003.95,1.059446625878915,1.059446625878915,1.0564271147231608,1.0545845635609126,1.0529489950182123,1.0499193376556175,1.0525248835722765,1.0525248835722765
2025-02-16,13003.95,1.059446625878915,1.059446625878915,1.059446625878915,1.0564271147231608,1.0545845635609126,1.0529489950182123,1.0499193376556175,1.0525248835722765
2025-02-17,12993.15,1.0572550452013514,1.059446625878915,1.059446625878915,1.059446625878915,1.0564271147231608,1.0545845635609126,1.0529489950182123,1.0499193376556175
2025-02-18,12981.25,1.054840247973295,1.0572550452013514,1.059446625878915,1.059446625878915,1.059446625878915,1.0564271147231608,1.0545845635609126,1.0529489950182123
2025-02-19,12970.19,1.0525959070201607,1.054840247973295,1.0572550452013514,1.059446625878915,1.059446625878915,1.059446625878915,1.0564271147231608,1.0545845635609126
2025-02-20,12950.03,1.0485049564220417,1.0525959070201607,1.054840247973295,1.0572550452013514,1.059446625878915,1.059446625878915,1.059446625878915,1.0564271147231608
2025-02-21,12929.92,1.044424152030763,1.0485049564220417,1.0525959070201607,1.054840247973295,1.0572550452013514,1.059446625878915,1.059446625878915,1.059446625878915
2025-02-22,12929.92,1.044424152030763,1.044424152030763,1.0485049564220417,1.0525959070201607,1.054840247973295,1.0572550452013514,1.059446625878915,1.059446625878915
2025-02-23,12929.92,1.044424152030763,1.044424152030763,1.044424152030763,1.0485049564220417,1.0525959070201607,1.054840247973295,1.0572550452013514,1.059446625878915
2025-02-24,12916.18,1.0416359743909738,1.044424152030763,1.044424152030763,1.044424152030763,1.0485049564220417,1.0525959070201607,1.054840247973295,1.0572550452013514
2025-02-25,12899.91,1.0383343986850513,1.0416359743909738,1.044424152030763,1.044424152030763,1.044424152030763,1.0485049564220417,1.0525959070201607,1.054840247973295
2025-02-26,12884.62,1.0352316886332045,1.0383343986850513,1.0416359743909738,1.044424152030763,1.044424152030763,1.044424152030763,1.0485049564220417,1.0525959070201607
2025-02-27,12879.95,1.034284032914295,1.0352316886332045,1.0383343986850513,1.0416359743909738,1.044424152030763,1.044424152030763,1.044424152030763,1.0485049564220417
2025-02-28,12877.37,1.0337604886413214,1.034284032914295,1.0352316886332045,1.0383343986850513,1.0416359743909738,1.044424152030763,1.044424152030763,1.044424152030763
2025-03-01,12877.37,1.0337604886413214,1.0337604886413214,1.034284032914295,1.0352316886332045,1.0383343986850513,1.0416359743909738,1.044424152030763,1.044424152030763
2025-03-02,12877.37,1.0337604886413214,1.0337604886413214,1.0337604886413214,1.034284032914295,1.0352316886332045,1.0383343986850513,1.0416359743909738,1.044424152030763
2025-03-03,12890.07,1.0363376251788268,1.0337604886413214,1.0337604886413214,1.0337604886413214,1.034284032914295,1.0352316886332045,1.0383343986850513,1.0416359743909738
2025-03-04,12897.2,1.0377844742742928,1.0363376251788268,1.0337604886413214,1.0337604886413214,1.0337604886413214,1.034284032914295,1.0352316886332045,1.0383343986850513
2025-03-05,12903.33,1.0390283992329465,1.0377844742742928,1.0363376251788268,1.0337604886413214,1.0337604886413214,1.0337604886413214,1.034284032914295,1.0352316886332045
2025-03-06,12900.37,1.0384277437879847,1.0390283992329465,1.0377844742742928,1.0363376251788268,1.0337604886413214,1.0337604886413214,1.0337604886413214,1.034284032914295
2025-03-07,12918.36,1.0420783490092231,1.0384277437879847,1.0390283992329465,1.0377844742742928,1.0363376251788268,1.0337604886413214,1.0337604886413214,1.0337604886413214
2025-03-08,12918.36,1.0420783490092231,1.0420783490092231,1.0384277437879847,1.0390283992329465,1.0377844742742928,1.0363376251788268,1.0337604886413214,1.0337604886413214
2025-03-09,12918.36,1.0420783490092231,1.0420783490092231,1.0420783490092231,1.0384277437879847,1.0390283992329465,1.0377844742742928,1.0363376251788268,1.0337604886413214
2025-03-10,12918.36,1.0420783490092231,1.0420783490092231,1.0420783490092231,1.0420783490092231,1.0384277437879847,1.0390283992329465,1.0377844742742928,1.0363376251788268
2025-03-11,12940.11,1.0464919489848719,1.0420783490092231,1.0420783490092231,1.0420783490092231,1.0420783490092231,1.0384277437879847,1.0390283992329465,1.0377844742742928
2025-03-12,12931.94,1.0448340587871223,1.0464919489848719,1.0420783490092231,1.0420783490092231,1.0420783490092231,1.0420783490092231,1.0384277437879847,1.0390283992329465
2025-03-13,12920.0,1.0424111445935937,1.0448340587871223,1.0464919489848719,1.0420783490092231,1.0420783490092231,1.0420783490092231,1.0420783490092231,1.0384277437879847
2025-03-14,12938.11,1.0460861007112492,1.0424111445935937,1.0448340587871223,1.0464919489848719,1.0420783490092231,1.0420783490092231,1.0420783490092231,1.0420783490092231
2025-03-15,12938.11,1.0460861007112492,1.0460861007112492,1.0424111445935937,1.0448340587871223,1.0464919489848719,1.0420783490092231,1.0420783490092231,1.0420783490092231
2025-03-16,12938.11,1.0460861007112492,1.0460861007112492,1.0460861007112492,1.0424111445935937,1.0448340587871223,1.0464919489848719,1.0420783490092231,1.0420783490092231
2025-03-17,12953.2,1.049148225935734,1.0460861007112492,1.0460861007112492,1.0460861007112492,1.0424111445935937,1.0448340587871223,1.0464919489848719,1.0420783490092231
2025-03-18,12943.39,1.0471575401536135,1.049148225935734,1.0460861007112492,1.0460861007112492,1.0460861007112492,1.0424111445935937,1.0448340587871223,1.0464919489848719
2025-03-19,12935.68,1.0455929950587974,1.0471575401536135,1.049148225935734,1.0460861007112492,1.0460861007112492,1.0460861007112492,1.0424111445935937,1.0448340587871223
2025-03-20,12926.51,1.0437321807242361,1.0455929950587974,1.0471575401536135,1.049148225935734,1.0460861007112492,1.0460861007112492,1.0460861007112492,1.0424111445935937
2025-03-21,12926.51,1.0437321807242361,1.0437321807242361,1.0455929950587974,1.0471575401536135,1.049148225935734,1.0460861007112492,1.0460861007112492,1.0460861007112492
2025-03-22,12926.51,1.0437321807242361,1.0437321807242361,1.0437321807242361,1.0455929950587974,1.0471575401536135,1.049148225935734,1.0460861007112492,1.0460861007112492
2025-03-23,12926.51,1.0437321807242361,1.0437321807242361,1.0437321807242361,1.0437321807242361,1.0455929950587974,1.0471575401536135,1.049148225935734,1.0460861007112492
2025-03-24,12940.58,1.0465873233291731,1.0437321807242361,1.0437321807242361,1.0437321807242361,1.0437321807242361,1.0455929950587974,1.0471575401536135,1.049148225935734
2025-03-25,12947.07,1.0479043009770794,1.0465873233291731,1.0437321807242361,1.0437321807242361,1.0437321807242361,1.0437321807242361,1.0455929950587974,1.0471575401536135
2025-03-26,12929.37,1.044312543755517,1.0479043009770794,1.0465873233291731,1.0437321807242361,1.0437321807242361,1.0437321807242361,1.0437321807242361,1.0455929950587974
2025-03-27,12909.19,1.0402175346746618,1.044312543755517,1.0479043009770794,1.0465873233291731,1.0437321807242361,1.0437321807242361,1.0437321807242361,1.0437321807242361
2025-03-28,12913.19,1.0410292312219076,1.0402175346746618,1.044312543755517,1.0479043009770794,1.0465873233291731,1.0437321807242361,1.0437321807242361,1.0437321807242361
2025-03-29,12913.19,1.0410292312219076,1.0410292312219076,1.0402175346746618,1.044312543755517,1.0479043009770794,1.0465873233291731,1.0437321807242361,1.0437321807242361
2025-03-30,12913.19,1.0410292312219076,1.0410292312219076,1.0410292312219076,1.0402175346746618,1.044312543755517,1.0479043009770794,1.0465873233291731,1.0437321807242361
2025-03-31,12913.19,1.0410292312219076,1.0410292312219076,1.0410292312219076,1.0410292312219076,1.0402175346746618,1.044312543755517,1.0479043009770794,1.0465873233291731
2025-04-01,12937.16,1.0458933227812783,1.0410292312219076,1.0410292312219076,1.0410292312219076,1.0410292312219076,1.0402175346746618,1.044312543755517,1.0479043009770794
2025-04-02,12925.2,1.0434663501050132,1.0458933227812783,1.0410292312219076,1.0410292312219076,1.0410292312219076,1.0410292312219076,1.0402175346746618,1.044312543755517
2025-04-03,12915.0,1.0413965239095362,1.0434663501050132,1.0458933227812783,1.0410292312219076,1.0410292312219076,1.0410292312219076,1.0410292312219076,1.0402175346746618
2025-04-04,12920.44,1.0425004312137907,1.0413965239095362,1.0434663501050132,1.0458933227812783,1.0410292312219076,1.0410292312219076,1.0410292312219076,1.0410292312219076
2025-04-05,12920.44,1.0425004312137907,1.0425004312137907,1.0413965239095362,1.0434663501050132,1.0458933227812783,1.0410292312219076,1.0410292312219076,1.0410292312219076
2025-04-06,12920.44,1.0425004312137907,1.0425004312137907,1.0425004312137907,1.0413965239095362,1.0434663501050132,1.0458933227812783,1.0410292312219076,1.0410292312219076
2025-04-07,12947.2,1.0479306811148652,1.0425004312137907,1.0425004312137907,1.0425004312137907,1.0413965239095362,1.0434663501050132,1.0458933227812783,1.0410292312219076
2025-04-08,12966.38,1.0518227660589086,1.0479306811148652,1.0425004312137907,1.0425004312137907,1.0425004312137907,1.0413965239095362,1.0434663501050132,1.0458933227812783
2025-04-09,12960.38,1.0506052212380401,1.0518227660589086,1.0479306811148652,1.0425004312137907,1.0425004312137907,1.0425004312137907,1.0413965239095362,1.0434663501050132
2025-04-10,12973.31,1.0532290303270122,1.0506052212380401,1.0518227660589086,1.0479306811148652,1.0425004312137907,1.0425004312137907,1.0425004312137907,1.0413965239095362
2025-04-11,12968.38,1.0522286143325317,1.0532290303270122,1.0506052212380401,1.0518227660589086,1.0479306811148652,1.0425004312137907,1.0425004312137907,1.0425004312137907
2025-04-12,12968.38,1.0522286143325317,1.0522286143325317,1.0532290303270122,1.0506052212380401,1.0518227660589086,1.0479306811148652,1.0425004312137907,1.0425004312137907
2025-04-13,12968.38,1.0522286143325317,1.0522286143325317,1.0522286143325317,1.0532290303270122,1.0506052212380401,1.0518227660589086,1.0479306811148652,1.0425004312137907
2025-04-14,12980.33,1.0546535577674285,1.0522286143325317,1.0522286143325317,1.0522286143325317,1.0532290303270122,1.0506052212380401,1.0518227660589086,1.0479306811148652
2025-04-15,12969.56,1.0524680648139693,1.0546535577674285,1.0522286143325317,1.0522286143325317,1.0522286143325317,1.0532290303270122,1.0506052212380401,1.0518227660589086
2025-04-16,12980.89,1.054767195284043,1.0524680648139693,1.0546535577674285,1.0522286143325317,1.0522286143325317,1.0522286143325317,1.0532290303270122,1.0506052212380401
2025-04-17,12994.59,1.05754725595836,1.054767195284043,1.0524680648139693,1.0546535577674285,1.0522286143325317,1.0522286143325317,1.0522286143325317,1.0532290303270122
2025-04-18,12964.43,1.0514270639921264,1.05754725595836,1.054767195284043,1.0524680648139693,1.0546535577674285,1.0522286143325317,1.0522286143325317,1.0522286143325317
2025-04-19,12964.43,1.0514270639921264,1.0514270639921264,1.05754725595836,1.054767195284043,1.0524680648139693,1.0546535577674285,1.0522286143325317,1.0522286143325317
2025-04-20,12964.43,1.0514270639921264,1.0514270639921264,1.0514270639921264,1.05754725595836,1.054767195284043,1.0524680648139693,1.0546535577674285,1.0522286143325317
2025-04-21,12938.2,1.0461043638835623,1.0514270639921264,1.0514270639921264,1.0514270639921264,1.05754725595836,1.054767195284043,1.0524680648139693,1.0546535577674285
2025-04-22,12909.64,1.040308850536227,1.0461043638835623,1.0514270639921264,1.0514270639921264,1.0514270639921264,1.05754725595836,1.054767195284043,1.0524680648139693
2025-04-23,12878.96,1.0340831380188515,1.040308850536227,1.0461043638835623,1.0514270639921264,1.0514270639921264,1.0514270639921264,1.05754725595836,1.054767195284043
2025-04-24,12890.43,1.0364106778680788,1.0340831380188515,1.040308850536227,1.0461043638835623,1.0514270639921264,1.0514270639921264,1.0514270639921264,1.05754725595836
2025-04-25,12927.17,1.043866110654532,1.0364106778680788,1.0340831380188515,1.040308850536227,1.0461043638835623,1.0514270639921264,1.0514270639921264,1.0514270639921264
2025-04-26,12927.17,1.043866110654532,1.043866110654532,1.0364106778680788,1.0340831380188515,1.040308850536227,1.0461043638835623,1.0514270639921264,1.0514270639921264
2025-04-27,12927.17,1.043866110654532,1.043866110654532,1.043866110654532,1.0364106778680788,1.0340831380188515,1.040308850536227,1.0461043638835623,1.0514270639921264
2025-04-28,12957.14,1.0499477470347707,1.043866110654532,1.043866110654532,1.043866110654532,1.0364106778680788,1.0340831380188515,1.040308850536227,1.0461043638835623
2025-04-29,12948.1,1.0481133128379956,1.0499477470347707,1.043866110654532,1.043866110654532,1.043866110654532,1.0364106778680788,1.0340831380188515,1.040308850536227
2025-04-30,12933.16,1.0450816262340321,1.0481133128379956,1.0499477470347707,1.043866110654532,1.043866110654532,1.043866110654532,1.0364106778680788,1.0340831380188515
2025-05-01,12920.16,1.0424436124554834,1.0450816262340321,1.0481133128379956,1.0499477470347707,1.043866110654532,1.043866110654532,1.043866110654532,1.0364106778680788
2025-05-02,12900.0,1.0383526618573644,1.0424436124554834,1.0450816262340321,1.0481133128379956,1.0499477470347707,1.043866110654532,1.043866110654532,1.043866110654532
2025-05-03,12900.0,1.0383526618573644,1.0383526618573644,1.0424436124554834,1.0450816262340321,1.0481133128379956,1.0499477470347707,1.043866110654532,1.043866110654532
2025-05-04,12900.0,1.0383526618573644,1.0383526618573644,1.0383526618573644,1.0424436124554834,1.0450816262340321,1.0481133128379956,1.0499477470347707,1.043866110654532
2025-05-05,12915.07,1.0414107285991132,1.0383526618573644,1.0383526618573644,1.0383526618573644,1.0424436124554834,1.0450816262340321,1.0481133128379956,1.0499477470347707
2025-05-06,12938.01,1.0460658082975678,1.0414107285991132,1.0383526618573644,1.0383526618573644,1.0383526618573644,1.0424436124554834,1.0450816262340321,1.0481133128379956
2025-05-07,12924.92,1.043409531346706,1.0460658082975678,1.0414107285991132,1.0383526618573644,1.0383526618573644,1.0383526618573644,1.0424436124554834,1.0450816262340321
2025-05-08,12910.15,1.0404123418460005,1.043409531346706,1.0460658082975678,1.0414107285991132,1.0383526618573644,1.0383526618573644,1.0383526618573644,1.0424436124554834
2025-05-09,12910.15,1.0404123418460005,1.0404123418460005,1.043409531346706,1.0460658082975678,1.0414107285991132,1.0383526618573644,1.0383526618573644,1.0383526618573644
2025-05-10,12910.15,1.0404123418460005,1.0404123418460005,1.0404123418460005,1.043409531346706,1.0460658082975678,1.0414107285991132,1.0383526618573644,1.0383526618573644
2025-05-11,12910.15,1.0404123418460005,1.0404123418460005,1.0404123418460005,1.0404123418460005,1.043409531346706,1.0460658082975678,1.0414107285991132,1.0383526618573644
2025-05-12,12880.35,1.0343652025690198,1.0404123418460005,1.0404123418460005,1.0404123418460005,1.0404123418460005,1.043409531346706,1.0460658082975678,1.0414107285991132
2025-05-13,12895.55,1.0374496494485534,1.0343652025690198,1.0404123418460005,1.0404123418460005,1.0404123418460005,1.0404123418460005,1.043409531346706,1.0460658082975678
2025-05-14,12935.27,1.0455097961627045,1.0374496494485534,1.0343652025690198,1.0404123418460005,1.0404123418460005,1.0404123418460005,1.0404123418460005,1.043409531346706
2025-05-15,12980.16,1.0546190606641705,1.0455097961627045,1.0374496494485534,1.0343652025690198,1.0404123418460005,1.0404123418460005,1.0404123418460005,1.0404123418460005
2025-05-16,12965.34,1.051611724956625,1.0546190606641705,1.0455097961627045,1.0374496494485534,1.0343652025690198,1.0404123418460005,1.0404123418460005,1.0404123418460005
2025-05-17,12965.34,1.051611724956625,1.051611724956625,1.0546190606641705,1.0455097961627045,1.0374496494485534,1.0343652025690198,1.0404123418460005,1.0404123418460005
2025-05-18,12965.34,1.051611724956625,1.051611724956625,1.051611724956625,1.0546190606641705,1.0455097961627045,1.0374496494485534,1.0343652025690198,1.0404123418460005
2025-05-19,12917.1,1.0418226645968403,1.051611724956625,1.051611724956625,1.051611724956625,1.0546190606641705,1.0455097961627045,1.0374496494485534,1.0343652025690198
2025-05-20,12858.15,1.029860286731805,1.0418226645968403,1.051611724956625,1.051611724956625,1.051611724956625,1.0546190606641705,1.0455097961627045,1.0374496494485534
2025-05-21,12892.91,1.0369139297273715,1.029860286731805,1.0418226645968403,1.051611724956625,1.051611724956625,1.051611724956625,1.0546190606641705,1.0455097961627045
2025-05-22,12937.93,1.046049574366623,1.0369139297273715,1.029860286731805,1.0418226645968403,1.051611724956625,1.051611724956625,1.051611724956625,1.0546190606641705
2025-05-23,12904.51,1.0392678497143841,1.046049574366623,1.0369139297273715,1.029860286731805,1.0418226645968403,1.051611724956625,1.051611724956625,1.051611724956625
2025-05-24,12904.51,1.0392678497143841,1.0392678497143841,1.046049574366623,1.0369139297273715,1.029860286731805,1.0418226645968403,1.051611724956625,1.051611724956625
2025-05-25,12904.51,1.0392678497143841,1.0392678497143841,1.0392678497143841,1.046049574366623,1.0369139297273715,1.029860286731805,1.0418226645968403,1.051611724956625
2025-05-26,12915.9,1.0415791556326666,1.0392678497143841,1.0392678497143841,1.0392678497143841,1.046049574366623,1.0369139297273715,1.029860286731805,1.0418226645968403
2025-05-27,12939.93,1.046455422640246,1.0415791556326666,1.0392678497143841,1.0392678497143841,1.0392678497143841,1.046049574366623,1.0369139297273715,1.029860286731805
2025-05-28,12886.9,1.0356943556651343,1.046455422640246,1.0415791556326666,1.0392678497143841,1.0392678497143841,1.0392678497143841,1.046049574366623,1.0369139297273715
2025-05-29,12831.13,1.0243772765551598,1.0356943556651343,1.046455422640246,1.0415791556326666,1.0392678497143841,1.0392678497143841,1.0392678497143841,1.046049574366623
2025-05-30,12768.26,1.011619436073824,1.0243772765551598,1.0356943556651343,1.046455422640246,1.0415791556326666,1.0392678497143841,1.0392678497143841,1.0392678497143841
2025-05-31,12768.26,1.011619436073824,1.011619436073824,1.0243772765551598,1.0356943556651343,1.046455422640246,1.0415791556326666,1.0392678497143841,1.0392678497143841
2025-06-01,12768.26,1.011619436073824,1.011619436073824,1.011619436073824,1.0243772765551598,1.0356943556651343,1.046455422640246,1.0415791556326666,1.0392678497143841
2025-06-02,12790.43,1.0161182641869335,1.011619436073824,1.011619436073824,1.011619436073824,1.0243772765551598,1.0356943556651343,1.046455422640246,1.0415791556326666
2025-06-03,12834.61,1.0250834525512638,1.0161182641869335,1.011619436073824,1.011619436073824,1.011619436073824,1.0243772765551598,1.0356943556651343,1.046455422640246
2025-06-04,12857.35,1.029697947422356,1.0250834525512638,1.0161182641869335,1.011619436073824,1.011619436073824,1.011619436073824,1.0243772765551598,1.0356943556651343
2025-06-05,12831.81,1.0245152649681917,1.029697947422356,1.0250834525512638,1.0161182641869335,1.011619436073824,1.011619436073824,1.011619436073824,1.0243772765551598
2025-06-06,12831.81,1.0245152649681917,1.0245152649681917,1.029697947422356,1.0250834525512638,1.0161182641869335,1.011619436073824,1.011619436073824,1.011619436073824
2025-06-07,12831.81,1.0245152649681917,1.0245152649681917,1.0245152649681917,1.029697947422356,1.0250834525512638,1.0161182641869335,1.011619436073824,1.011619436073824
2025-06-08,12831.81,1.0245152649681917,1.0245152649681917,1.0245152649681917,1.0245152649681917,1.029697947422356,1.0250834525512638,1.0161182641869335,1.011619436073824
2025-06-09,12777.52,1.013498513580698,1.0245152649681917,1.0245152649681917,1.0245152649681917,1.0245152649681917,1.029697947422356,1.0250834525512638,1.0161182641869335
2025-06-10,12712.05,1.0002130703436516,1.013498513580698,1.0245152649681917,1.0245152649681917,1.0245152649681917,1.0245152649681917,1.029697947422356,1.0250834525512638
2025-06-11,12674.37,0.9925668888685968,1.0002130703436516,1.013498513580698,1.0245152649681917,1.0245152649681917,1.0245152649681917,1.0245152649681917,1.029697947422356
2025-06-12,12646.56,0.98692356862387,0.9925668888685968,1.0002130703436516,1.013498513580698,1.0245152649681917,1.0245152649681917,1.0245152649681917,1.0245152649681917
2025-06-13,12705.79,0.9989427652472125,0.98692356862387,0.9925668888685968,1.0002130703436516,1.013498513580698,1.0245152649681917,1.0245152649681917,1.0245152649681917
2025-06-14,12705.79,0.9989427652472125,0.9989427652472125,0.98692356862387,0.9925668888685968,1.0002130703436516,1.013498513580698,1.0245152649681917,1.0245152649681917
2025-06-15,12705.79,0.9989427652472125,0.9989427652472125,0.9989427652472125,0.98692356862387,0.9925668888685968,1.0002130703436516,1.013498513580698,1.0245152649681917
2025-06-16,12760.21,1.0099858967724915,0.9989427652472125,0.9989427652472125,0.9989427652472125,0.98692356862387,0.9925668888685968,1.0002130703436516,1.013498513580698
2025-06-17,12715.13,1.0008380766850309,1.0099858967724915,0.9989427652472125,0.9989427652472125,0.9989427652472125,0.98692356862387,0.9925668888685968,1.0002130703436516
2025-06-18,12668.14,0.9913026714962607,1.0008380766850309,1.0099858967724915,0.9989427652472125,0.9989427652472125,0.9989427652472125,0.98692356862387,0.9925668888685968
2025-06-19,12618.63,0.9812558974827257,0.9913026714962607,1.0008380766850309,1.0099858967724915,0.9989427652472125,0.9989427652472125,0.9989427652472125,0.98692356862387
2025-06-20,12559.26,0.96920829148023,0.9812558974827257,0.9913026714962607,1.0008380766850309,1.0099858967724915,0.9989427652472125,0.9989427652472125,0.9989427652472125
2025-06-21,12559.26,0.96920829148023,0.96920829148023,0.9812558974827257,0.9913026714962607,1.0008380766850309,1.0099858967724915,0.9989427652472125,0.9989427652472125
2025-06-22,12559.26,0.96920829148023,0.96920829148023,0.96920829148023,0.9812558974827257,0.9913026714962607,1.0008380766850309,1.0099858967724915,0.9989427652472125
2025-06-23,12496.94,0.9565620592741404,0.96920829148023,0.96920829148023,0.96920829148023,0.9812558974827257,0.9913026714962607,1.0008380766850309,1.0099858967724915
2025-06-24,12410.99,0.939120729715196,0.9565620592741404,0.96920829148023,0.96920829148023,0.96920829148023,0.9812558974827257,0.9913026714962607,1.0008380766850309
2025-06-25,12456.25,0.9483050761472824,0.939120729715196,0.9565620592741404,0.96920829148023,0.96920829148023,0.96920829148023,0.9812558974827257,0.9913026714962607
2025-06-26,12531.78,0.9636319362006514,0.9483050761472824,0.939120729715196,0.9565620592741404,0.96920829148023,0.96920829148023,0.96920829148023,0.9812558974827257
2025-06-27,12586.41,0.974717681794661,0.9636319362006514,0.9483050761472824,0.939120729715196,0.9565620592741404,0.96920829148023,0.96920829148023,0.96920829148023
2025-06-28,12586.41,0.974717681794661,0.974717681794661,0.9636319362006514,0.9483050761472824,0.939120729715196,0.9565620592741404,0.96920829148023,0.96920829148023
2025-06-29,12586.41,0.974717681794661,0.974717681794661,0.974717681794661,0.9636319362006514,0.9483050761472824,0.939120729715196,0.9565620592741404,0.96920829148023
2025-06-30,12654.13,0.9884597043395325,0.974717681794661,0.974717681794661,0.974717681794661,0.9636319362006514,0.9483050761472824,0.939120729715196,0.9565620592741404
2025-07-01,12694.97,0.9967471260869123,0.9884597043395325,0.974717681794661,0.974717681794661,0.974717681794661,0.9636319362006514,0.9483050761472824,0.939120729715196
2025-07-02,12676.11,0.9929199768666483,0.9967471260869123,0.9884597043395325,0.974717681794661,0.974717681794661,0.974717681794661,0.9636319362006514,0.9483050761472824
2025-07-03,12591.71,0.9757931797197614,0.9929199768666483,0.9967471260869123,0.9884597043395325,0.974717681794661,0.974717681794661,0.974717681794661,0.9636319362006514
2025-07-04,12557.56,0.9688633204476507,0.9757931797197614,0.9929199768666483,0.9967471260869123,0.9884597043395325,0.974717681794661,0.974717681794661,0.974717681794661
2025-07-05,12557.56,0.9688633204476507,0.9688633204476507,0.9757931797197614,0.9929199768666483,0.9967471260869123,0.9884597043395325,0.974717681794661,0.974717681794661
2025-07-06,12557.56,0.9688633204476507,0.9688633204476507,0.9688633204476507,0.9757931797197614,0.9929199768666483,0.9967471260869123,0.9884597043395325,0.974717681794661
2025-07-07,12606.73,0.9788411002546697,0.9688633204476507,0.9688633204476507,0.9688633204476507,0.9757931797197614,0.9929199768666483,0.9967471260869123,0.9884597043395325
2025-07-08,12676.73,0.9930457898314715,0.9788411002546697,0.9688633204476507,0.9688633204476507,0.9688633204476507,0.9757931797197614,0.9929199768666483,0.9967471260869123
2025-07-09,12712.09,1.0002211873091242,0.9930457898314715,0.9788411002546697,0.9688633204476507,0.9688633204476507,0.9688633204476507,0.9757931797197614,0.9929199768666483
2025-07-10,12653.32,0.9882953357887152,1.0002211873091242,0.9930457898314715,0.9788411002546697,0.9688633204476507,0.9688633204476507,0.9688633204476507,0.9757931797197614
2025-07-11,12634.34,0.9844438356720338,0.9882953357887152,1.0002211873091242,0.9930457898314715,0.9788411002546697,0.9688633204476507,0.9688633204476507,0.9688633204476507
2025-07-12,12634.34,0.9844438356720338,0.9844438356720338,0.9882953357887152,1.0002211873091242,0.9930457898314715,0.9788411002546697,0.9688633204476507,0.9688633204476507
2025-07-13,12634.34,0.9844438356720338,0.9844438356720338,0.9844438356720338,0.9882953357887152,1.0002211873091242,0.9930457898314715,0.9788411002546697,0.9688633204476507
2025-07-14,12615.07,0.9805334875556773,0.9844438356720338,0.9844438356720338,0.9844438356720338,0.9882953357887152,1.0002211873091242,0.9930457898314715,0.9788411002546697
2025-07-15,12699.14,0.997593319737416,0.9805334875556773,0.9844438356720338,0.9844438356720338,0.9844438356720338,0.9882953357887152,1.0002211873091242,0.9930457898314715
2025-07-16,12778.12,1.0136202680627846,0.997593319737416,0.9805334875556773,0.9844438356720338,0.9844438356720338,0.9844438356720338,0.9882953357887152,1.0002211873091242
2025-07-17,12758.36,1.0096104871193903,1.0136202680627846,0.997593319737416,0.9805334875556773,0.9844438356720338,0.9844438356720338,0.9844438356720338,0.9882953357887152
2025-07-18,12658.19,0.989283576334987,1.0096104871193903,1.0136202680627846,0.997593319737416,0.9805334875556773,0.9844438356720338,0.9844438356720338,0.9844438356720338
2025-07-19,12658.19,0.989283576334987,0.989283576334987,1.0096104871193903,1.0136202680627846,0.997593319737416,0.9805334875556773,0.9844438356720338,0.9844438356720338
2025-07-20,12658.19,0.989283576334987,0.989283576334987,0.989283576334987,1.0096104871193903,1.0136202680627846,0.997593319737416,0.9805334875556773,0.9844438356720338
2025-07-21,12578.21,0.9730537038728071,0.989283576334987,0.989283576334987,0.989283576334987,1.0096104871193903,1.0136202680627846,0.997593319737416,0.9805334875556773
2025-07-22,12603.52,0.9781897137755051,0.9730537038728071,0.989283576334987,0.989283576334987,0.989283576334987,1.0096104871193903,1.0136202680627846,0.997593319737416
2025-07-23,12704.02,0.9985835895250561,0.9781897137755051,0.9730537038728071,0.989283576334987,0.989283576334987,0.989283576334987,1.0096104871193903,1.0136202680627846
2025-07-24,12762.53,1.010456680769894,0.9985835895250561,0.9781897137755051,0.9730537038728071,0.989283576334987,0.989283576334987,0.989283576334987,1.0096104871193903
2025-07-25,12653.48,0.9883278036506049,1.010456680769894,0.9985835895250561,0.9781897137755051,0.9730537038728071,0.989283576334987,0.989283576334987,0.989283576334987
2025-07-26,12653.48,0.9883278036506049,0.9883278036506049,1.010456680769894,0.9985835895250561,0.9781897137755051,0.9730537038728071,0.989283576334987,0.989283576334987
2025-07-27,12653.48,0.9883278036506049,0.9883278036506049,0.9883278036506049,1.010456680769894,0.9985835895250561,0.9781897137755051,0.9730537038728071,0.989283576334987
2025-07-28,12581.73,0.9737679968343833,0.9883278036506049,0.9883278036506049,0.9883278036506049,1.010456680769894,0.9985835895250561,0.9781897137755051,0.9730537038728071
2025-07-29,12514.34,0.9600929392546595,0.9737679968343833,0.9883278036506049,0.9883278036506049,0.9883278036506049,1.010456680769894,0.9985835895250561,0.9781897137755051
2025-07-30,12500.01,0.9571850363741514,0.9600929392546595,0.9737679968343833,0.9883278036506049,0.9883278036506049,0.9883278036506049,1.010456680769894,0.9985835895250561
2025-07-31,12591.57,0.9757647703406078,0.9571850363741514,0.9600929392546595,0.9737679968343833,0.9883278036506049,0.9883278036506049,0.9883278036506049,1.010456680769894
2025-08-01,12692.42,0.996229669538043,0.9757647703406078,0.9571850363741514,0.9600929392546595,0.9737679968343833,0.9883278036506049,0.9883278036506049,0.9883278036506049
2025-08-02,12692.42,0.996229669538043,0.996229669538043,0.9757647703406078,0.9571850363741514,0.9600929392546595,0.9737679968343833,0.9883278036506049,0.9883278036506049
2025-08-03,12692.42,0.996229669538043,0.996229669538043,0.996229669538043,0.9757647703406078,0.9571850363741514,0.9600929392546595,0.9737679968343833,0.9883278036506049
2025-08-04,12725.16,1.00287340577725,0.996229669538043,0.996229669538043,0.996229669538043,0.9757647703406078,0.9571850363741514,0.9600929392546595,0.9737679968343833
2025-08-05,12621.29,0.9817956756866446,1.00287340577725,0.996229669538043,0.996229669538043,0.996229669538043,0.9757647703406078,0.9571850363741514,0.9600929392546595
2025-08-06,12524.89,0.9622337888980204,0.9817956756866446,1.00287340577725,0.996229669538043,0.996229669538043,0.996229669538043,0.9757647703406078,0.9571850363741514
2025-08-07,12502.99,0.9577897503018493,0.9622337888980204,0.9817956756866446,1.00287340577725,0.996229669538043,0.996229669538043,0.996229669538043,0.9757647703406078
2025-08-08,12593.77,0.9762112034415933,0.9577897503018493,0.9622337888980204,0.9817956756866446,1.00287340577725,0.996229669538043,0.996229669538043,0.996229669538043
2025-08-09,12593.77,0.9762112034415933,0.9762112034415933,0.9577897503018493,0.9622337888980204,0.9817956756866446,1.00287340577725,0.996229669538043,0.996229669538043
2025-08-10,12593.77,0.9762112034415933,0.9762112034415933,0.9762112034415933,0.9577897503018493,0.9622337888980204,0.9817956756866446,1.00287340577725,0.996229669538043
2025-08-11,12672.81,0.9922503272151706,0.9762112034415933,0.9762112034415933,0.9762112034415933,0.9577897503018493,0.9622337888980204,0.9817956756866446,1.00287340577725
2025-08-12,12589.35,0.9753142787568867,0.9922503272151706,0.9762112034415933,0.9762112034415933,0.9762112034415933,0.9577897503018493,0.9622337888980204,0.9817956756866446
2025-08-13,12509.83,0.9591777513976398,0.9753142787568867,0.9922503272151706,0.9762112034415933,0.9762112034415933,0.9762112034415933,0.9577897503018493,0.9622337888980204
2025-08-14,12497.75,0.9567264278249576,0.9591777513976398,0.9753142787568867,0.9922503272151706,0.9762112034415933,0.9762112034415933,0.9762112034415933,0.9577897503018493
2025-08-15,12581.97,0.9738166986272179,0.9567264278249576,0.9591777513976398,0.9753142787568867,0.9922503272151706,0.9762112034415933,0.9762112034415933,0.9762112034415933
2025-08-16,12581.97,0.9738166986272179,0.9738166986272179,0.9567264278249576,0.9591777513976398,0.9753142787568867,0.9922503272151706,0.9762112034415933,0.9762112034415933
2025-08-17,12581.97,0.9738166986272179,0.9738166986272179,0.9738166986272179,0.9567264278249576,0.9591777513976398,0.9753142787568867,0.9922503272151706,0.9762112034415933
2025-08-18,12547.38,0.9667975527349097,0.9738166986272179,0.9738166986272179,0.9738166986272179,0.9567264278249576,0.9591777513976398,0.9753142787568867,0.9922503272151706
2025-08-19,12497.19,0.9566127903083432,0.9667975527349097,0.9738166986272179,0.9738166986272179,0.9738166986272179,0.9567264278249576,0.9591777513976398,0.9753142787568867
2025-08-20,12524.92,0.9622398766221247,0.9566127903083432,0.9667975527349097,0.9738166986272179,0.9738166986272179,0.9738166986272179,0.9567264278249576,0.9591777513976398
2025-08-21,12466.44,0.9503728731013912,0.9622398766221247,0.9566127903083432,0.9667975527349097,0.9738166986272179,0.9738166986272179,0.9738166986272179,0.9567264278249576
2025-08-22,12413.79,0.9396889172982681,0.9503728731013912,0.9622398766221247,0.9566127903083432,0.9667975527349097,0.9738166986272179,0.9738166986272179,0.9738166986272179
2025-08-23,12413.79,0.9396889172982681,0.9396889172982681,0.9503728731013912,0.9622398766221247,0.9566127903083432,0.9667975527349097,0.9738166986272179,0.9738166986272179
2025-08-24,12413.79,0.9396889172982681,0.9396889172982681,0.9396889172982681,0.9503728731013912,0.9622398766221247,0.9566127903083432,0.9667975527349097,0.9738166986272179
2025-08-25,12357.09,0.9281831187410587,0.9396889172982681,0.9396889172982681,0.9396889172982681,0.9503728731013912,0.9622398766221247,0.9566127903083432,0.9667975527349097
2025-08-26,12305.8,0.917775139763999,0.9281831187410587,0.9396889172982681,0.9396889172982681,0.9396889172982681,0.9503728731013912,0.9622398766221247,0.9566127903083432
2025-08-27,12354.65,0.9276879838472387,0.917775139763999,0.9281831187410587,0.9396889172982681,0.9396889172982681,0.9396889172982681,0.9503728731013912,0.9622398766221247
2025-08-28,12412.98,0.9395245487474504,0.9276879838472387,0.917775139763999,0.9281831187410587,0.9396889172982681,0.9396889172982681,0.9396889172982681,0.9503728731013912
2025-08-29,12482.38,0.9536074838421655,0.9395245487474504,0.9276879838472387,0.917775139763999,0.9281831187410587,0.9396889172982681,0.9396889172982681,0.9396889172982681
2025-08-30,12482.38,0.9536074838421655,0.9536074838421655,0.9395245487474504,0.9276879838472387,0.917775139763999,0.9281831187410587,0.9396889172982681,0.9396889172982681
2025-08-31,12482.38,0.9536074838421655,0.9536074838421655,0.9536074838421655,0.9395245487474504,0.9276879838472387,0.917775139763999,0.9281831187410587,0.9396889172982681
2025-09-01,12482.38,0.9536074838421655,0.9536074838421655,0.9536074838421655,0.9536074838421655,0.9395245487474504,0.9276879838472387,0.917775139763999,0.9281831187410587
2025-09-02,12460.7,0.9492080885560934,0.9536074838421655,0.9536074838421655,0.9536074838421655,0.9536074838421655,0.9395245487474504,0.9276879838472387,0.917775139763999
2025-09-03,12422.9,0.9415375561846202,0.9492080885560934,0.9536074838421655,0.9536074838421655,0.9536074838421655,0.9536074838421655,0.9395245487474504,0.9276879838472387
2025-09-04,12374.55,0.9317261741697862,0.9415375561846202,0.9492080885560934,0.9536074838421655,0.9536074838421655,0.9536074838421655,0.9536074838421655,0.9395245487474504
2025-09-05,12437.15,0.9444292251341835,0.9317261741697862,0.9415375561846202,0.9492080885560934,0.9536074838421655,0.9536074838421655,0.9536074838421655,0.9536074838421655
2025-09-06,12437.15,0.9444292251341835,0.9444292251341835,0.9317261741697862,0.9415375561846202,0.9492080885560934,0.9536074838421655,0.9536074838421655,0.9536074838421655
2025-09-07,12437.15,0.9444292251341835,0.9444292251341835,0.9444292251341835,0.9317261741697862,0.9415375561846202,0.9492080885560934,0.9536074838421655,0.9536074838421655
2025-09-08,12520.78,0.9613997706957254,0.9444292251341835,0.9444292251341835,0.9444292251341835,0.9317261741697862,0.9415375561846202,0.9492080885560934,0.9536074838421655
2025-09-09,12439.41,0.9448878336833773,0.9613997706957254,0.9444292251341835,0.9444292251341835,0.9444292251341835,0.9317261741697862,0.9415375561846202,0.9492080885560934
2025-09-10,12355.14,0.9277874166742761,0.9448878336833773,0.9613997706957254,0.9444292251341835,0.9444292251341835,0.9444292251341835,0.9317261741697862,0.9415375561846202
2025-09-11,12360.86,0.9289481427368378,0.9277874166742761,0.9448878336833773,0.9613997706957254,0.9444292251341835,0.9444292251341835,0.9444292251341835,0.9317261741697862
2025-09-12,12447.35,0.9464990513296605,0.9289481427368378,0.9277874166742761,0.9448878336833773,0.9613997706957254,0.9444292251341835,0.9444292251341835,0.9444292251341835
2025-09-13,12447.35,0.9464990513296605,0.9464990513296605,0.9289481427368378,0.9277874166742761,0.9448878336833773,0.9613997706957254,0.9444292251341835,0.9444292251341835
2025-09-14,12447.35,0.9464990513296605,0.9464990513296605,0.9464990513296605,0.9289481427368378,0.9277874166742761,0.9448878336833773,0.9613997706957254,0.9444292251341835
2025-09-15,12426.83,0.9423350480422894,0.9464990513296605,0.9464990513296605,0.9464990513296605,0.9289481427368378,0.9277874166742761,0.9448878336833773,0.9613997706957254
2025-09-16,12344.61,0.9256506255136518,0.9423350480422894,0.9464990513296605,0.9464990513296605,0.9464990513296605,0.9289481427368378,0.9277874166742761,0.9448878336833773
2025-09-17,12285.16,0.9135867855802109,0.9256506255136518,0.9423350480422894,0.9464990513296605,0.9464990513296605,0.9464990513296605,0.9289481427368378,0.9277874166742761
2025-09-18,12254.27,0.9073184589941052,0.9135867855802109,0.9256506255136518,0.9423350480422894,0.9464990513296605,0.9464990513296605,0.9464990513296605,0.9289481427368378
2025-09-19,12314.71,0.9195831938229888,0.9073184589941052,0.9135867855802109,0.9256506255136518,0.9423350480422894,0.9464990513296605,0.9464990513296605,0.9464990513296605
2025-09-20,12314.71,0.9195831938229888,0.9195831938229888,0.9073184589941052,0.9135867855802109,0.9256506255136518,0.9423350480422894,0.9464990513296605,0.9464990513296605
2025-09-21,12314.71,0.9195831938229888,0.9195831938229888,0.9195831938229888,0.9073184589941052,0.9135867855802109,0.9256506255136518,0.9423350480422894,0.9464990513296605
2025-09-22,12349.87,0.9267180064732801,0.9195831938229888,0.9195831938229888,0.9195831938229888,0.9073184589941052,0.9135867855802109,0.9256506255136518,0.9423350480422894
2025-09-23,12257.13,0.9078988220253856,0.9267180064732801,0.9195831938229888,0.9195831938229888,0.9195831938229888,0.9073184589941052,0.9135867855802109,0.9256506255136518
2025-09-24,12171.03,0.8904270538459198,0.9078988220253856,0.9267180064732801,0.9195831938229888,0.9195831938229888,0.9195831938229888,0.9073184589941052,0.9135867855802109
2025-09-25,12219.08,0.90017755861971,0.8904270538459198,0.9078988220253856,0.9267180064732801,0.9195831938229888,0.9195831938229888,0.9195831938229888,0.9073184589941052
2025-09-26,12199.71,0.8962469180896717,0.90017755861971,0.8904270538459198,0.9078988220253856,0.9267180064732801,0.9195831938229888,0.9195831938229888,0.9195831938229888
2025-09-27,12199.71,0.8962469180896717,0.8962469180896717,0.90017755861971,0.8904270538459198,0.9078988220253856,0.9267180064732801,0.9195831938229888,0.9195831938229888
2025-09-28,12199.71,0.8962469180896717,0.8962469180896717,0.8962469180896717,0.90017755861971,0.8904270538459198,0.9078988220253856,0.9267180064732801,0.9195831938229888
2025-09-29,12138.67,0.8838604287787011,0.8962469180896717,0.8962469180896717,0.8962469180896717,0.90017755861971,0.8904270538459198,0.9078988220253856,0.9267180064732801
2025-09-30,12067.76,0.8694710782374011,0.8838604287787011,0.8962469180896717,0.8962469180896717,0.8962469180896717,0.90017755861971,0.8904270538459198,0.9078988220253856
2025-10-01,12067.76,0.8694710782374011,0.8694710782374011,0.8838604287787011,0.8962469180896717,0.8962469180896717,0.8962469180896717,0.90017755861971,0.8904270538459198
2025-10-02,12084.1,0.8727868586329002,0.8694710782374011,0.8694710782374011,0.8838604287787011,0.8962469180896717,0.8962469180896717,0.8962469180896717,0.90017755861971
2025-10-03,12099.72,0.8759565336498947,0.8727868586329002,0.8694710782374011,0.8694710782374011,0.8838604287787011,0.8962469180896717,0.8962469180896717,0.8962469180896717
2025-10-04,12099.72,0.8759565336498947,0.8759565336498947,0.8727868586329002,0.8694710782374011,0.8694710782374011,0.8838604287787011,0.8962469180896717,0.8962469180896717
2025-10-05,12099.72,0.8759565336498947,0.8759565336498947,0.8759565336498947,0.8727868586329002,0.8694710782374011,0.8694710782374011,0.8838604287787011,0.8962469180896717
2025-10-06,12060.48,0.8679937905214132,0.8759565336498947,0.8759565336498947,0.8759565336498947,0.8727868586329002,0.8694710782374011,0.8694710782374011,0.8838604287787011
2025-10-07,12022.9,0.8603679014600389,0.8679937905214132,0.8759565336498947,0.8759565336498947,0.8759565336498947,0.8727868586329002,0.8694710782374011,0.8694710782374011
2025-10-08,12038.68,0.863570044338924,0.8603679014600389,0.8679937905214132,0.8759565336498947,0.8759565336498947,0.8759565336498947,0.8727868586329002,0.8694710782374011
2025-10-09,12072.03,0.8703375643015858,0.863570044338924,0.8603679014600389,0.8679937905214132,0.8759565336498947,0.8759565336498947,0.8759565336498947,0.8727868586329002
2025-10-10,12123.38,0.8807577187268538,0.8703375643015858,0.863570044338924,0.8603679014600389,0.8679937905214132,0.8759565336498947,0.8759565336498947,0.8759565336498947
2025-10-11,12123.38,0.8807577187268538,0.8807577187268538,0.8703375643015858,0.863570044338924,0.8603679014600389,0.8679937905214132,0.8759565336498947,0.8759565336498947
2025-10-12,12123.38,0.8807577187268538,0.8807577187268538,0.8807577187268538,0.8703375643015858,0.863570044338924,0.8603679014600389,0.8679937905214132,0.8759565336498947
2025-10-13,12140.91,0.8843149788451588,0.8807577187268538,0.8807577187268538,0.8807577187268538,0.8703375643015858,0.863570044338924,0.8603679014600389,0.8679937905214132
2025-10-14,12149.55,0.8860682433872096,0.8843149788451588,0.8807577187268538,0.8807577187268538,0.8807577187268538,0.8703375643015858,0.863570044338924,0.8603679014600389
2025-10-15,12185.11,0.8932842256922251,0.8860682433872096,0.8843149788451588,0.8807577187268538,0.8807577187268538,0.8807577187268538,0.8703375643015858,0.863570044338924
2025-10-16,12233.67,0.9031382217757893,0.8932842256922251,0.8860682433872096,0.8843149788451588,0.8807577187268538,0.8807577187268538,0.8807577187268538,0.8703375643015858
2025-10-17,12160.99,0.8883896955123325,0.9031382217757893,0.8932842256922251,0.8860682433872096,0.8843149788451588,0.8807577187268538,0.8807577187268538,0.8807577187268538
2025-10-18,12160.99,0.8883896955123325,0.8883896955123325,0.9031382217757893,0.8932842256922251,0.8860682433872096,0.8843149788451588,0.8807577187268538,0.8807577187268538
2025-10-19,12160.99,0.8883896955123325,0.8883896955123325,0.8883896955123325,0.9031382217757893,0.8932842256922251,0.8860682433872096,0.8843149788451588,0.8807577187268538
2025-10-20,12108.24,0.8776854472955284,0.8883896955123325,0.8883896955123325,0.8883896955123325,0.9031382217757893,0.8932842256922251,0.8860682433872096,0.8843149788451588
2025-10-21,12060.15,0.8679268255562655,0.8776854472955284,0.8883896955123325,0.8883896955123325,0.8883896955123325,0.9031382217757893,0.8932842256922251,0.8860682433872096
2025-10-22,12011.02,0.8579571627147191,0.8679268255562655,0.8776854472955284,0.8883896955123325,0.8883896955123325,0.8883896955123325,0.9031382217757893,0.8932842256922251
2025-10-23,12101.29,0.8762751245446891,0.8579571627147191,0.8679268255562655,0.8776854472955284,0.8883896955123325,0.8883896955123325,0.8883896955123325,0.9031382217757893
2025-10-24,12129.33,0.8819651173408822,0.8762751245446891,0.8579571627147191,0.8679268255562655,0.8776854472955284,0.8883896955123325,0.8883896955123325,0.8883896955123325
2025-10-25,12129.33,0.8819651173408822,0.8819651173408822,0.8762751245446891,0.8579571627147191,0.8679268255562655,0.8776854472955284,0.8883896955123325,0.8883896955123325
2025-10-26,12129.33,0.8819651173408822,0.8819651173408822,0.8819651173408822,0.8762751245446891,0.8579571627147191,0.8679268255562655,0.8776854472955284,0.8883896955123325
2025-10-27,12117.35,0.879534086181881,0.8819651173408822,0.8819651173408822,0.8819651173408822,0.8762751245446891,0.8579571627147191,0.8679268255562655,0.8776854472955284
2025-10-28,12053.46,0.8665692630809969,0.879534086181881,0.8819651173408822,0.8819651173408822,0.8819651173408822,0.8762751245446891,0.8579571627147191,0.8679268255562655
2025-10-29,12004.47,0.8566280096186041,0.8665692630809969,0.879534086181881,0.8819651173408822,0.8819651173408822,0.8819651173408822,0.8762751245446891,0.8579571627147191
2025-10-30,11990.53,0.8537992471514524,0.8566280096186041,0.8665692630809969,0.879534086181881,0.8819651173408822,0.8819651173408822,0.8819651173408822,0.8762751245446891
2025-10-31,12025.22,0.8608386854574415,0.8537992471514524,0.8566280096186041,0.8665692630809969,0.879534086181881,0.8819651173408822,0.8819651173408822,0.8819651173408822
2025-11-01,12025.22,0.8608386854574415,0.8608386854574415,0.8537992471514524,0.8566280096186041,0.8665692630809969,0.879534086181881,0.8819651173408822,0.8819651173408822
2025-11-02,12025.22,0.8608386854574415,0.8608386854574415,0.8608386854574415,0.8537992471514524,0.8566280096186041,0.8665692630809969,0.879534086181881,0.8819651173408822
2025-11-03,12005.09,0.8567538225834272,0.8608386854574415,0.8608386854574415,0.8608386854574415,0.8537992471514524,0.8566280096186041,0.8665692630809969,0.879534086181881
2025-11-04,11972.34,0.8501080571028521,0.8567538225834272,0.8608386854574415,0.8608386854574415,0.8608386854574415,0.8537992471514524,0.8566280096186041,0.8665692630809969
2025-11-05,11950.63,0.8457025740926751,0.8501080571028521,0.8567538225834272,0.8608386854574415,0.8608386854574415,0.8608386854574415,0.8537992471514524,0.8566280096186041
2025-11-06,11970.67,0.8497691737943771,0.8457025740926751,0.8501080571028521,0.8567538225834272,0.8608386854574415,0.8608386854574415,0.8608386854574415,0.8537992471514524
2025-11-07,12022.92,0.8603719599427755,0.8497691737943771,0.8457025740926751,0.8501080571028521,0.8567538225834272,0.8608386854574415,0.8608386854574415,0.8608386854574415
2025-11-08,12022.92,0.8603719599427755,0.8603719599427755,0.8497691737943771,0.8457025740926751,0.8501080571028521,0.8567538225834272,0.8608386854574415,0.8608386854574415
2025-11-09,12022.92,0.8603719599427755,0.8603719599427755,0.8603719599427755,0.8497691737943771,0.8457025740926751,0.8501080571028521,0.8567538225834272,0.8608386854574415
2025-11-10,12060.27,0.867951176452683,0.8603719599427755,0.8603719599427755,0.8603719599427755,0.8497691737943771,0.8457025740926751,0.8501080571028521,0.8567538225834272
2025-11-11,12014.94,0.85875262533102,0.867951176452683,0.8603719599427755,0.8603719599427755,0.8603719599427755,0.8497691737943771,0.8457025740926751,0.8501080571028521
2025-11-12,11990.0,0.8536916973589423,0.85875262533102,0.867951176452683,0.8603719599427755,0.8603719599427755,0.8603719599427755,0.8497691737943771,0.8457025740926751
2025-11-13,11972.35,0.8501100863442204,0.8536916973589423,0.85875262533102,0.867951176452683,0.8603719599427755,0.8603719599427755,0.8603719599427755,0.8497691737943771
2025-11-14,11985.1,0.8526973690885662,0.8501100863442204,0.8536916973589423,0.85875262533102,0.867951176452683,0.8603719599427755,0.8603719599427755,0.8603719599427755
2025-11-15,11985.1,0.8526973690885662,0.8526973690885662,0.8501100863442204,0.8536916973589423,0.85875262533102,0.867951176452683,0.8603719599427755,0.8603719599427755
2025-11-16,11985.1,0.8526973690885662,0.8526973690885662,0.8526973690885662,0.8501100863442204,0.8536916973589423,0.85875262533102,0.867951176452683,0.8603719599427755
2025-11-17,12039.61,0.8637587637861588,0.8526973690885662,0.8526973690885662,0.8526973690885662,0.8501100863442204,0.8536916973589423,0.85875262533102,0.867951176452683
2025-11-18,12009.92,0.8577339461642264,0.8637587637861588,0.8526973690885662,0.8526973690885662,0.8526973690885662,0.8501100863442204,0.8536916973589423,0.85875262533102
2025-11-19,11940.7,0.8436875374141379,0.8577339461642264,0.8637587637861588,0.8526973690885662,0.8526973690885662,0.8526973690885662,0.8501100863442204,0.8536916973589423
2025-11-20,11910.93,0.8376464858612607,0.8436875374141379,0.8577339461642264,0.8637587637861588,0.8526973690885662,0.8526973690885662,0.8526973690885662,0.8501100863442204
2025-11-21,11914.67,0.8384054221329353,0.8376464858612607,0.8436875374141379,0.8577339461642264,0.8637587637861588,0.8526973690885662,0.8526973690885662,0.8526973690885662
2025-11-22,11914.67,0.8384054221329353,0.8384054221329353,0.8376464858612607,0.8436875374141379,0.8577339461642264,0.8637587637861588,0.8526973690885662,0.8526973690885662
2025-11-23,11914.67,0.8384054221329353,0.8384054221329353,0.8384054221329353,0.8376464858612607,0.8436875374141379,0.8577339461642264,0.8637587637861588,0.8526973690885662
2025-11-24,11971.4,0.8499173084142491,0.8384054221329353,0.8384054221329353,0.8384054221329353,0.8376464858612607,0.8436875374141379,0.8577339461642264,0.8637587637861588
2025-11-25,11988.32,0.8533507848090991,0.8499173084142491,0.8384054221329353,0.8384054221329353,0.8384054221329353,0.8376464858612607,0.8436875374141379,0.8577339461642264
2025-11-26,11936.89,0.8429143964528858,0.8533507848090991,0.8499173084142491,0.8384054221329353,0.8384054221329353,0.8384054221329353,0.8376464858612607,0.8436875374141379
2025-11-27,11881.6,0.8316947209285808,0.8429143964528858,0.8533507848090991,0.8499173084142491,0.8384054221329353,0.8384054221329353,0.8384054221329353,0.8376464858612607
2025-11-28,11902.3,0.8358952505605777,0.8316947209285808,0.8429143964528858,0.8533507848090991,0.8499173084142491,0.8384054221329353,0.8384054221329353,0.8384054221329353
2025-11-29,11902.3,0.8358952505605777,0.8358952505605777,0.8316947209285808,0.8429143964528858,0.8533507848090991,0.8499173084142491,0.8384054221329353,0.8384054221329353
2025-11-30,11902.3,0.8358952505605777,0.8358952505605777,0.8358952505605777,0.8316947209285808,0.8429143964528858,0.8533507848090991,0.8499173084142491,0.8384054221329353
2025-12-01,11940.95,0.8437382684483408,0.8358952505605777,0.8358952505605777,0.8358952505605777,0.8316947209285808,0.8429143964528858,0.8533507848090991,0.8499173084142491
2025-12-02,11895.57,0.8345295711198368,0.8437382684483408,0.8358952505605777,0.8358952505605777,0.8358952505605777,0.8316947209285808,0.8429143964528858,0.8533507848090991
2025-12-03,11880.93,0.8315587617569171,0.8345295711198368,0.8437382684483408,0.8358952505605777,0.8358952505605777,0.8358952505605777,0.8316947209285808,0.8429143964528858
2025-12-04,11912.38,0.8379407258596372,0.8315587617569171,0.8345295711198368,0.8437382684483408,0.8358952505605777,0.8358952505605777,0.8358952505605777,0.8316947209285808
2025-12-05,11963.23,0.8482594182164995,0.8379407258596372,0.8315587617569171,0.8345295711198368,0.8437382684483408,0.8358952505605777,0.8358952505605777,0.8358952505605777
2025-12-06,11963.23,0.8482594182164995,0.8482594182164995,0.8379407258596372,0.8315587617569171,0.8345295711198368,0.8437382684483408,0.8358952505605777,0.8358952505605777
2025-12-07,11963.23,0.8482594182164995,0.8482594182164995,0.8482594182164995,0.8379407258596372,0.8315587617569171,0.8345295711198368,0.8437382684483408,0.8358952505605777
2025-12-08,11963.23,0.8482594182164995,0.8482594182164995,0.8482594182164995,0.8482594182164995,0.8379407258596372,0.8315587617569171,0.8345295711198368,0.8437382684483408
2025-12-09,11990.09,0.8537099605312555,0.8482594182164995,0.8482594182164995,0.8482594182164995,0.8482594182164995,0.8379407258596372,0.8315587617569171,0.8345295711198368
2025-12-10,12003.18,0.8563662374821173,0.8537099605312555,0.8482594182164995,0.8482594182164995,0.8482594182164995,0.8482594182164995,0.8379407258596372,0.8315587617569171
2025-12-11,12020.9,0.8599620531864163,0.8563662374821173,0.8537099605312555,0.8482594182164995,0.8482594182164995,0.8482594182164995,0.8482594182164995,0.8379407258596372
2025-12-12,12047.45,0.8653496890187606,0.8599620531864163,0.8563662374821173,0.8537099605312555,0.8482594182164995,0.8482594182164995,0.8482594182164995,0.8482594182164995
2025-12-13,12047.45,0.8653496890187606,0.8653496890187606,0.8599620531864163,0.8563662374821173,0.8537099605312555,0.8482594182164995,0.8482594182164995,0.8482594182164995
2025-12-14,12047.45,0.8653496890187606,0.8653496890187606,0.8653496890187606,0.8599620531864163,0.8563662374821173,0.8537099605312555,0.8482594182164995,0.8482594182164995
2025-12-15,12097.93,0.8755932994450026,0.8653496890187606,0.8653496890187606,0.8653496890187606,0.8599620531864163,0.8563662374821173,0.8537099605312555,0.8482594182164995
2025-12-16,12130.01,0.8821031057539137,0.8755932994450026,0.8653496890187606,0.8653496890187606,0.8653496890187606,0.8599620531864163,0.8563662374821173,0.8537099605312555
2025-12-17,12105.56,0.8771416106088739,0.8821031057539137,0.8755932994450026,0.8653496890187606,0.8653496890187606,0.8653496890187606,0.8599620531864163,0.8563662374821173
2025-12-18,12059.78,0.8678517436256457,0.8771416106088739,0.8821031057539137,0.8755932994450026,0.8653496890187606,0.8653496890187606,0.8653496890187606,0.8599620531864163
2025-12-19,12021.61,0.8601061293235526,0.8678517436256457,0.8771416106088739,0.8821031057539137,0.8755932994450026,0.8653496890187606,0.8653496890187606,0.8653496890187606
2025-12-20,12021.61,0.8601061293235526,0.8601061293235526,0.8678517436256457,0.8771416106088739,0.8821031057539137,0.8755932994450026,0.8653496890187606,0.8653496890187606
2025-12-21,12021.61,0.8601061293235526,0.8601061293235526,0.8601061293235526,0.8678517436256457,0.8771416106088739,0.8821031057539137,0.8755932994450026,0.8653496890187606
2025-12-22,11996.14,0.8549376515589644,0.8601061293235526,0.8601061293235526,0.8601061293235526,0.8678517436256457,0.8771416106088739,0.8821031057539137,0.8755932994450026
2025-12-23,12010.43,0.8578374374740003,0.8549376515589644,0.8601061293235526,0.8601061293235526,0.8601061293235526,0.8678517436256457,0.8771416106088739,0.8821031057539137
2025-12-24,12052.33,0.8663399588064002,0.8578374374740003,0.8549376515589644,0.8601061293235526,0.8601061293235526,0.8601061293235526,0.8678517436256457,0.8771416106088739
2025-12-25,12067.6,0.869438610375511,0.8663399588064002,0.8578374374740003,0.8549376515589644,0.8601061293235526,0.8601061293235526,0.8601061293235526,0.8678517436256457
2025-12-26,12078.47,0.8716443957426516,0.869438610375511,0.8663399588064002,0.8578374374740003,0.8549376515589644,0.8601061293235526,0.8601061293235526,0.8601061293235526
2025-12-27,12078.47,0.8716443957426516,0.8716443957426516,0.869438610375511,0.8663399588064002,0.8578374374740003,0.8549376515589644,0.8601061293235526,0.8601061293235526
2025-12-28,12078.47,0.8716443957426516,0.8716443957426516,0.8716443957426516,0.869438610375511,0.8663399588064002,0.8578374374740003,0.8549376515589644,0.8601061293235526
2025-12-29,12057.32,0.8673525502490891,0.8716443957426516,0.8716443957426516,0.8716443957426516,0.869438610375511,0.8663399588064002,0.8578374374740003,0.8549376515589644
2025-12-30,12025.33,0.8608610071124907,0.8673525502490891,0.8716443957426516,0.8716443957426516,0.8716443957426516,0.869438610375511,0.8663399588064002,0.8578374374740003
2025-12-31,12025.33,0.8608610071124907,0.8608610071124907,0.8673525502490891,0.8716443957426516,0.8716443957426516,0.8716443957426516,0.869438610375511,0.8663399588064002
